diversity_domestic,diversity_scot,diversity_captive,segregating_sites_domestic,segregating_sites_scot,segregating_sites_captive,tajimas_d_domestic,tajimas_d_scot,tajimas_d_captive,divergence_domestic_scot,divergence_domestic_captive,divergence_scot_captive,relatedness_domestic_scot,relatedness_domestic_captive,relatedness_scot_captive,fst_domestic_scot,fst_domestic_captive,fst_scot_captive,f2_domestic_scot,f2_domestic_captive,f2_scot_captive,f3_domestic_scot_captive,y2_domestic_scot,y2_domestic_captive,y2_scot_captive,y3_domestic_scot_captive,pc1_median_domestic,pc1_median_scot,pc1_median_captive,pc2_median_domestic,pc2_median_scot,pc2_median_captive,pc1_iqr_domestic,pc1_iqr_scot,pc1_iqr_captive,pc2_iqr_domestic,pc2_iqr_scot,pc2_iqr_captive,pc1_dist_domestic_scot,pc1_dist_domestic_captive,pc1_dist_scot_captive,pc2_dist_domestic_scot,pc2_dist_domestic_captive,pc2_dist_scot_captive
0.0007109297650767,0.0008660951203306,0.0016878788928324,0.0019694387153414,0.0055486156300759,0.0054565179637259,0.4268309483086983,-0.5216506721172169,1.2398707394579287,0.0007949939379444,0.0013912718097076,0.0014279599120638,-0.8550891215362004,-3.780130601039712,-30.0893938936913,0.0040931285910834,0.0740607742857899,0.0558136296286021,6.481495242531743e-06,0.0001918674807528,0.0001509729054823,2.3688035256599964e-05,0.0003619463777798,0.0005473323632908,0.0005840204656465,0.0003791529177948,-136.2852970735582,-134.70020177894594,254.85966438238083,-7.182059309643265,-7.894133936228651,23.83038259355225,2.7350877260771824,58.704943163066645,568.0702704774022,4.959513334179131,5.393066896248626,222.9212084372315,1.5850952946122732,391.14496145593904,389.5598661613268,0.7120746265853857,31.012441903195516,31.724516529780903
