bottleneck_strength_domestic,bottleneck_strength_wild,bottleneck_time_domestic,bottleneck_time_wild,captive_time,div_time,mig_length_post_split,mig_length_wild,mig_rate_captive,mig_rate_post_split,mig_rate_wild,pop_size_wild_1,pop_size_wild_2,pop_size_captive,pop_size_domestic_1,pop_size_domestic_2,mutation_rate,recombination_rate
644.900291563872,2047.9757820562904,3042.6158846719263,3065.0543040512557,34.272645455059745,52097.3782409458,1346.8298941595272,28.35451098578008,0.0527514936406179,0.016120289756134,0.1118545155665877,7017.061800250004,7427.280738493896,145.97864997890926,4728.3107301834825,10018.118427584976,2.0569666630003116e-08,1.0143449828011121e-08
