diversity_domestic,diversity_scot,diversity_captive,segregating_sites_domestic,segregating_sites_scot,segregating_sites_captive,tajimas_d_domestic,tajimas_d_scot,tajimas_d_captive,divergence_domestic_scot,divergence_domestic_captive,divergence_scot_captive,relatedness_domestic_scot,relatedness_domestic_captive,relatedness_scot_captive,fst_domestic_scot,fst_domestic_captive,fst_scot_captive,f2_domestic_scot,f2_domestic_captive,f2_scot_captive,f3_domestic_scot_captive,y2_domestic_scot,y2_domestic_captive,y2_scot_captive,y3_domestic_scot_captive,pc1_median_domestic,pc1_median_scot,pc1_median_captive,pc2_median_domestic,pc2_median_scot,pc2_median_captive,pc1_iqr_domestic,pc1_iqr_scot,pc1_iqr_captive,pc2_iqr_domestic,pc2_iqr_scot,pc2_iqr_captive,pc1_dist_domestic_scot,pc1_dist_domestic_captive,pc1_dist_scot_captive,pc2_dist_domestic_scot,pc2_dist_domestic_captive,pc2_dist_scot_captive
0.00025555955399251396,0.0012159557022691973,0.0011993297192011837,0.0007894149679402917,0.003999551695795316,0.003621015056938173,-0.10593278647242126,2.1608586260952998,1.5925014247501308,0.0008991096181070687,0.002152883027719792,0.001824073439813965,-5.3658931595425985,-33.15322459929267,-156.16730452435232,0.09991758679618212,0.4948875812922934,0.20332732303026335,0.0001633519899786821,0.0014254383911227978,0.0006164307290794468,0.00048617982601163257,0.00029113176697455757,0.0015532181681186758,0.0012244085802132815,0.0006139596030077648,-319.31601346429625,-145.5065988680566,453.0135940165126,-2.2959645933874593,-2.5663446506186416,55.53056633125123,0.3084836470574146,326.0575970232353,365.0780584771123,1.4911819854888644,115.21921444620554,175.78152680766303,173.80941459623963,772.3296074808088,598.5201928845693,0.2703800572311823,57.82653092463869,58.09691098186987
