diversity_domestic,diversity_scot,diversity_captive,segregating_sites_domestic,segregating_sites_scot,segregating_sites_captive,tajimas_d_domestic,tajimas_d_scot,tajimas_d_captive,divergence_domestic_scot,divergence_domestic_captive,divergence_scot_captive,relatedness_domestic_scot,relatedness_domestic_captive,relatedness_scot_captive,fst_domestic_scot,fst_domestic_captive,fst_scot_captive,f2_domestic_scot,f2_domestic_captive,f2_scot_captive,f3_domestic_scot_captive,y2_domestic_scot,y2_domestic_captive,y2_scot_captive,y3_domestic_scot_captive,pc1_median_domestic,pc1_median_scot,pc1_median_captive,pc2_median_domestic,pc2_median_scot,pc2_median_captive,pc1_iqr_domestic,pc1_iqr_scot,pc1_iqr_captive,pc2_iqr_domestic,pc2_iqr_scot,pc2_iqr_captive,pc1_dist_domestic_scot,pc1_dist_domestic_captive,pc1_dist_scot_captive,pc2_dist_domestic_scot,pc2_dist_domestic_captive,pc2_dist_scot_captive
0.0028222784511766187,0.002414229824340717,0.0015431111369184855,0.007748088888888889,0.009871955555555556,0.0055117111111111115,0.473664518262766,1.0824988385810876,0.7666484679880807,0.003160553380368786,0.0032985768077612183,0.0021459721844323356,-0.016910361689743914,-0.03531096076678636,-0.004916797138068304,0.09384275923864704,0.20358086494846106,0.04056150250781121,0.0005422992426056215,0.0011158820137111636,0.0001673017037994674,0.000745439776258279,0.0019534384681954755,0.002527021239298231,0.0013744166159661846,0.002156579001847371,117.5257493038852,23.61742306504226,179.3230283206195,110.35333391255918,28.921939924028326,-24.20588107226602,227.15090170372997,405.9712906007405,424.3991687528204,108.43460566867648,166.75509574766627,132.7872859613474,93.90832623884295,61.797279016734294,155.70560525557724,81.43139398853086,134.5592149848252,53.127820996294346
