diversity_domestic,diversity_scot,diversity_captive,segregating_sites_domestic,segregating_sites_scot,segregating_sites_captive,tajimas_d_domestic,tajimas_d_scot,tajimas_d_captive,divergence_domestic_scot,divergence_domestic_captive,divergence_scot_captive,relatedness_domestic_scot,relatedness_domestic_captive,relatedness_scot_captive,fst_domestic_scot,fst_domestic_captive,fst_scot_captive,f2_domestic_scot,f2_domestic_captive,f2_scot_captive,f3_domestic_scot_captive,y2_domestic_scot,y2_domestic_captive,y2_scot_captive,y3_domestic_scot_captive,pc1_median_domestic,pc1_median_scot,pc1_median_captive,pc2_median_domestic,pc2_median_scot,pc2_median_captive,pc1_iqr_domestic,pc1_iqr_scot,pc1_iqr_captive,pc2_iqr_domestic,pc2_iqr_scot,pc2_iqr_captive,pc1_dist_domestic_scot,pc1_dist_domestic_captive,pc1_dist_scot_captive,pc2_dist_domestic_scot,pc2_dist_domestic_captive,pc2_dist_scot_captive
0.0002172052088158259,0.0008064808145457463,0.0008275356278419072,0.000596708664128277,0.0024383484290337533,0.002248844938034979,0.47007173642483147,2.6454515191302623,2.185048166524318,0.0006678528635340558,0.0010641687752838476,0.0009377368214977888,-0.0172391198669946,-0.060173361052376084,-0.01363066702192126,0.13224582295403697,0.3414969886254433,0.06880122032929392,0.00015600985185365205,0.0005417983569561129,0.00012072860030398041,0.0002885398042528093,0.0002646124562614816,0.0006504009613641109,0.0005239690075768811,0.0003971424086607581,-263.5330719754825,-34.58272228171528,153.90749399595086,-31.30227341740786,-0.21926062842623653,15.733049724811453,0.2932121622484942,224.25094487530552,200.5694117704142,1.7622622489781357,127.90037498358933,106.86027384297795,228.95034969376724,417.4405659714334,188.49021627766615,31.083012788981623,47.03532314221931,15.952310353237689
