diversity_domestic,diversity_scot,diversity_captive,segregating_sites_domestic,segregating_sites_scot,segregating_sites_captive,tajimas_d_domestic,tajimas_d_scot,tajimas_d_captive,divergence_domestic_scot,divergence_domestic_captive,divergence_scot_captive,relatedness_domestic_scot,relatedness_domestic_captive,relatedness_scot_captive,fst_domestic_scot,fst_domestic_captive,fst_scot_captive,f2_domestic_scot,f2_domestic_captive,f2_scot_captive,f3_domestic_scot_captive,y2_domestic_scot,y2_domestic_captive,y2_scot_captive,y3_domestic_scot_captive,pc1_median_domestic,pc1_median_scot,pc1_median_captive,pc2_median_domestic,pc2_median_scot,pc2_median_captive,pc1_iqr_domestic,pc1_iqr_scot,pc1_iqr_captive,pc2_iqr_domestic,pc2_iqr_scot,pc2_iqr_captive,pc1_dist_domestic_scot,pc1_dist_domestic_captive,pc1_dist_scot_captive,pc2_dist_domestic_scot,pc2_dist_domestic_captive,pc2_dist_scot_captive
0.0001961878787879261,7.018645502656936e-05,9.748096528583385e-06,0.0010511777777777779,0.002847,0.0001526,-2.0668238367984966,-2.905076654205944,-2.7147352679342287,0.00013488336272769443,0.00010551181657849146,4.025955320409606e-05,-0.0007539925184180348,-0.0022657203542449326,-5.8402001218487063e-05,0.006327423692401246,0.012201800215372316,0.003643138214853958,1.6961958206397892e-06,2.543828920251696e-06,2.9227742647809224e-07,1.973873657207078e-06,9.979013521453544e-05,0.00010063776831421091,3.5385504939781753e-05,0.00010006781305117078,-15.67108550812765,-15.277952859932489,-15.075356418264558,-0.0694427494197023,-0.8083330560105791,-0.7775099575459198,0.45260127228066516,6.001996427735179,2.0022595036978803,2.3945970880663356,2.207972225164853,0.7145452735669515,0.39313264819516114,0.5957290898630916,0.20259644166793045,0.7388903065908768,0.7080672081262175,0.03082309846465936
