diversity_domestic,diversity_scot,diversity_captive,segregating_sites_domestic,segregating_sites_scot,segregating_sites_captive,tajimas_d_domestic,tajimas_d_scot,tajimas_d_captive,divergence_domestic_scot,divergence_domestic_captive,divergence_scot_captive,relatedness_domestic_scot,relatedness_domestic_captive,relatedness_scot_captive,fst_domestic_scot,fst_domestic_captive,fst_scot_captive,f2_domestic_scot,f2_domestic_captive,f2_scot_captive,f3_domestic_scot_captive,y2_domestic_scot,y2_domestic_captive,y2_scot_captive,y3_domestic_scot_captive,pc1_median_domestic,pc1_median_scot,pc1_median_captive,pc2_median_domestic,pc2_median_scot,pc2_median_captive,pc1_iqr_domestic,pc1_iqr_scot,pc1_iqr_captive,pc2_iqr_domestic,pc2_iqr_scot,pc2_iqr_captive,pc1_dist_domestic_scot,pc1_dist_domestic_captive,pc1_dist_scot_captive,pc2_dist_domestic_scot,pc2_dist_domestic_captive,pc2_dist_scot_captive
4.404631162264498e-05,0.0005525271109961668,0.0007892132622434982,0.00017711778830141936,0.002139904507800014,0.002000682938239869,-1.1791580047073833,1.3299318281656467,2.6119405266693163,0.0003640728466386791,0.0009400840425043344,0.0008890169715381939,-3.915432161330718,-22.580830583557482,-105.43625492075003,0.09932088174747755,0.38582510490685107,0.13984779846252304,6.57861353289267e-05,0.0005234542555724686,0.000218146784918615,0.00018554680299123357,8.780929114024692e-05,0.0005454774113838107,0.0004944103404166219,0.00020756995880256965,-212.59381374804354,-79.71780864076977,228.06387758058017,-6.642061422806704,-6.414106356754223,32.894017528580676,0.15424245680884496,206.34534257809509,191.14448164815863,0.3549071502947694,84.55100968162037,112.15801005840405,132.87600510727378,440.65769132862374,307.78168622134996,0.2279550660524814,39.53607895138738,39.3081238853349
