captive_time,div_time,div_time_dom,div_time_scot,mig_rate_captive,mig_rate_scot,mig_length_scot,pop_size_captive,pop_size_domestic_1,pop_size_lyb_1,pop_size_lyb_2,pop_size_scot_1,pop_size_eu_1,pop_size_eu_2
10.584058730018372,139965.56772688008,1877.0883741977477,3396.1786452678202,0.007932224739712623,0.024306764331639658,44.03026878829759,163.56562054011155,330237.97148289107,22011.036503974985,18558.322797925674,9773.501736649767,10721.553056318231,268852.2757679955
6.9771094221763414,148479.99590552432,3241.195579605697,2481.1463715595123,0.040004541427216565,0.07593048840057495,21.528522814195348,156.4557063761778,392433.7876983206,37920.784265564,65016.977726544304,2745.9293508379583,169559.26283555513,40456.23223963604
18.177025301714462,15131.029748611676,4312.383081215721,3509.9725755030863,0.07203794247817168,0.019677344376264744,49.0720021161579,75.32783548993237,243366.42660909062,2678.9011475605184,1064901.6121070827,13553.53215891341,95676.45645499066,62116.27819144217
22.448220422909266,27078.01232780908,2459.9503010729695,2869.447335238878,0.02516480446933477,0.10427706674237412,17.55527693760902,57.145529989712706,79778.89304582206,3479.863643574016,1600459.6989598286,6036.0154661158385,805.6530946458478,92910.35926543894
14.016611691820966,26305.99255496193,8151.540723972532,3749.754616025586,0.05058603006507715,0.030975012405455797,10.076739264120178,130.4126005359908,101635.932416131,5437.972835313134,398445.82747333875,2578.7543846417325,1537.1390486787684,49381.24790265395
14.02128000721492,42220.884240020096,4747.442237085082,2776.1854556004287,0.12667195711411172,0.039420027407931414,38.370490732351605,81.55932254680145,594676.1918801964,39277.02091811439,130083.88243845265,6964.28003458749,141628.69334184309,96634.37385036475
32.91282995021766,123376.09312252126,10907.113751988949,1953.5270327860321,0.0806733238743128,0.020718709780557877,16.206732799775697,289.8176375217792,37232.41878132454,11684.877043850896,19044.808673246407,1649.2007436132067,6830.459353776342,61547.72106598845
73.57989552286746,52035.337493967956,5282.0747265506525,3829.5132210278975,0.09564831389511655,0.278425972125854,25.916978483674562,50.91506276724144,54774.7626310482,13261.787870556835,394600.10973079357,1379.7972576885227,16271.084400270012,36598.688380308166
44.01454531805008,123922.78759165003,3054.8174943930744,3563.804523480919,0.059303893822087755,0.043310133349046445,51.881474185470665,84.09251622911033,384159.4034696833,12762.189739508774,27095.55249857823,5588.654464718383,2132.7347742273128,10100.464252176915
3.6767878418845896,123574.7757627794,6292.504056312324,3036.7688659275723,0.058815832357064224,0.09933114522451082,16.903275987624003,86.6238204779874,609519.0468853146,7713.63430614434,44999.08383603949,9719.487034003014,71884.58652864015,198628.515126742
33.9972827759325,93018.47825704615,6033.4080400238745,3558.748835157851,0.01555007800448264,0.025587228606794563,7.200229934583993,82.92272576948389,87863.11557767369,40670.87342465701,166147.40268041284,2986.890035444094,31303.162641983705,261705.34326513018
18.543605930512435,75962.48514267884,2862.5153670703844,3464.7214300386286,0.17769640411566975,0.04770476377920434,11.96018339732551,242.03589515622852,383111.7811938964,35926.71300004726,151747.87468640387,1355.4996625524905,14145.229579505902,15147.900522393531
17.73284337564664,42561.02000677485,1865.5384599110696,3182.5895171023244,0.06451569944041086,0.14089628594935433,23.205226823099704,119.28903403474878,101742.87605218873,42324.862187713414,302807.5554571649,4046.317155348109,71403.26443720177,81989.29476091784
25.974979358093634,49842.962789514066,1593.0762379276775,2985.8074936349576,0.2803213264264105,0.1634293111315731,8.665588577775901,43.80820667760365,218478.7088383113,73169.89250037774,123998.40295304413,1321.060151610161,104935.58963222755,219936.36177189392
26.098559603922656,40564.98400736613,3554.8596310489534,2968.6058960058176,0.1151205277855861,0.22658897019884078,39.19141863302715,103.84365749078763,333897.1090334437,15293.331423011494,133251.3000563177,7086.534112975072,10052.789511231436,124487.7076159229
26.134510371728425,51053.037150705044,2388.900633464736,1583.6867344510874,0.031029308894241058,0.3350552585270387,5.386693037072213,78.82083620689949,297297.9885595939,5104.736866783222,337281.9562691019,52439.416161760724,6073.312771594448,19937.65710185688
6.14240341771057,144243.07496059555,6818.152129684704,4065.812912419156,0.030438509782627188,0.3481190534432288,10.387663020374047,119.56607696035822,37681.81637479594,61816.95212702769,384615.6608910305,5741.761306096868,34552.73153856455,67757.17281745895
12.447518780892775,147883.31813169664,3119.232871471745,2612.593067012293,0.028224964338113556,0.005070478236189378,1.8767769926043987,59.87286195741445,297801.2172253578,112443.96607210564,591002.6407018955,3710.3742086998054,35724.8853478998,58793.45690524646
27.558323885967873,81240.32238207616,2635.9882504722464,2536.089023300404,0.039415142820432465,0.023187253774582906,5.127237856875419,81.5495968511473,449996.809468663,34935.76401586039,95219.93565522543,8275.463702827527,22007.296051003643,26504.790743429225
50.84648443116032,60666.16570614076,2323.672079257192,3736.388905790027,0.18377770831264012,0.09592790839901456,12.478153654016578,139.73240030141778,806187.116866288,12915.699181162423,406153.7259395475,12373.901487219066,8000.894915104377,42117.64093969363
11.81819630621194,82823.59740685212,2624.2364193424655,2803.3749273473863,0.053252682158389054,0.0123673969467987,15.799544231179928,376.9097693779773,59800.145910028055,2405.7521708517856,53287.466452025976,5931.179382211845,4221.899517415093,37060.10007942645
6.537528936302442,63418.617080328,2475.0447986237346,2403.2362851494745,0.06469310444877882,0.04130976052640175,22.626711637949654,36.112260746559166,96828.83972593056,42755.02231519873,49345.60890012889,3128.7286733621445,47425.35455670669,36388.06751963905
9.135985829294187,37910.54160641975,2828.8437516165104,3221.2868619011383,0.02564998088760155,0.0851691607704688,6.248288553961792,123.39701068392885,223931.5428057335,28318.835651238544,1186692.8884113305,9273.192222189788,4323.424544169678,26433.04226391437
33.02796409112045,73273.48205770418,3587.345724754183,3143.8422717574845,0.02630260473830533,0.11463499601870399,21.816010796122615,178.23232469023603,48315.6149990729,8335.429460156785,12659.925521456738,4400.191459718437,10057.37006653954,28460.19964666365
9.003819245959477,30118.56940857674,2465.9808795186927,3394.5737712461255,0.03102052610188054,0.04453335007343363,3.340483431680177,39.99048528001455,123875.91143165632,17767.143947568,92837.19275579222,5286.16862879783,42832.242810392876,61047.23072884307
9.993937670512556,66055.8174657598,3954.295165526844,3796.5139367011566,0.1899492606809431,0.17847546341458573,55.52612316062595,71.67212410977389,88843.83543109281,21647.655149655544,35723.02878240362,8855.478326155873,39756.692169487425,125567.16116734917
31.14567225439455,52110.1190322534,1635.013993860125,2647.602257972625,0.028751093893686172,0.054048633825816955,16.509747948367064,235.42196827001183,71519.17339173601,18039.759861760263,264672.3899417067,8774.17156514746,1195.5790516534298,46868.68033465582
97.29750426315043,30033.21958448124,4455.401970734279,2195.387338111435,0.08590455725768267,0.02401244628970939,20.5244925763753,131.29908405283155,141632.35954890982,12200.64719410328,132846.92756493337,12810.54843708248,13150.437422665367,56376.6973764806
11.75101806734139,75737.80833273506,10598.60010077264,3768.8063382591413,0.07140305528901572,0.07861941500021812,22.775082506780105,142.66399697142566,138798.97244316118,6002.495633242356,281662.9139087911,19141.308643322314,605651.4560114176,117564.27775666016
13.122080080417701,67251.10337860098,7501.924438366482,2496.5735092315285,0.04183542530089389,0.00973247280906531,46.124592880651505,162.96206431415848,26460.633360981417,13785.419455927447,198608.01537298737,2262.036982735232,61796.02529389644,98532.67442195246
34.23303641524552,62674.14725651251,3029.101380197342,2500.8844294475434,0.01801888575643446,0.28653778349756875,12.098284380124246,94.73757465199255,189539.56345637116,12823.823058024831,77372.07309119853,2504.81040741023,6149.862092861737,42136.48763238633
18.291325987013188,44301.10577774187,1750.0802030864868,2105.6127277994065,0.0330330279613458,0.01360075649449991,9.386697008363303,143.60491122837178,67197.07586092694,32908.997157232225,523910.5866865698,3412.9292647498783,9603.724706090385,68097.71207089153
30.544178962055316,131067.06569535946,2493.6321783822723,2253.56928432711,0.037690270862415616,0.1671357807652028,16.242843539061194,164.64538459536294,63953.873514878425,99904.58842036515,1351115.2076199418,513.551659039334,2118.713868757023,23406.474149876307
9.772468952931929,147600.9981903575,4330.503867559707,4698.679622503631,0.13064831391669177,0.0297030141506678,10.486561260964294,76.81965764808972,67877.48474854251,26856.6745429444,223966.08265147312,1557.1416450119677,10888.973450780279,45286.22811517691
12.141429938655433,106347.45623299333,6277.9939108525805,2646.857158349586,0.06557423137153813,0.13208159088577728,29.004197924176705,110.65111325504033,116563.66535823313,38609.08077639491,66246.38148327399,1722.520459839956,193499.64742110376,123972.91366569287
15.835650987251164,233933.58320861685,3379.87453909386,3855.583846517311,0.03288960839040877,0.0724645664985876,11.173412940328397,110.02348131404884,90004.97356158159,12164.944872882706,129926.17928367128,710.7793332135905,127495.22338542223,13959.50624582902
32.60546319211896,72128.16716236039,2837.39643907273,2727.127603226778,0.0621543808221604,0.06248364849678572,21.22360082327729,84.04263619229513,7746.059683153106,30042.215345290126,181507.84796983018,1801.2607467392672,77217.7770213132,22396.246968484313
11.71010310472156,56031.90564423315,3465.250785916021,4838.604613503577,0.1491642859184264,0.04726783011637085,55.747402163338286,99.28776627032335,130345.1966007037,115379.80886246607,2157002.545404682,1094.6408389098049,79171.53524919994,70203.8915757715
16.658548482826788,123014.72991041282,3169.1468938186545,2005.2555194959425,0.0770994092671726,0.11974818894249868,27.9352344848011,333.31943421196246,91749.48392885346,14677.885559288958,41246.901133239786,614.336052062037,9004.094456786988,50436.61701488491
17.765929968827876,118225.25543771386,2098.64702685033,1874.155634763618,0.17109293969429307,0.28481506486477126,11.249250174501512,65.61860719735331,209587.90798054924,13405.521637757372,336727.4169956039,14866.738156964739,30944.462843198973,33089.80241908845
42.49900150763363,97527.02645358726,4039.8436776864833,3554.526198962753,0.2751298469016144,0.11825897649176198,48.348477386282,29.809932974751906,252184.99697824463,18123.34682236578,210794.95152519297,7059.027986245644,27943.644833631326,54400.09108745595
7.40488438162658,49700.45532332739,5668.31217917863,4996.210420026835,0.06128922886829315,0.22137632822381068,10.386104940768009,216.42836001997404,158394.5056214227,26635.58067341064,833703.383827113,3855.1296309611134,24146.471263542022,31107.25378086626
8.623370367634601,99644.44785134644,5072.495752465188,2768.5718448183934,0.12067146617093186,0.27046730113792256,19.89357128166383,62.07077260356142,181742.8044912562,6892.553190026724,527882.3271424765,6094.984847097971,37125.16241580559,6658.013908535958
85.44928936045824,72722.20114930521,3135.343622588175,2633.226515398403,0.05866645665432515,0.09854265530017216,19.51405534587117,76.53399454770894,177646.6605048111,52253.477734654596,356279.63549207035,1051.595588553899,18444.245144281103,49557.053583255714
16.22037925899905,45585.016035327724,3988.0494133208826,3594.9471716887115,0.2642671765129661,0.06321701800781095,35.25230261840212,104.1344998602406,163618.80501158137,24576.9866879268,140666.9390850338,2896.305936300174,2285.069816289491,56280.62103984571
17.409573505845348,59956.407900284474,2361.9102502132587,2750.8046144402037,0.019809640332183676,0.055308409412968586,13.206985722501962,115.92996600057613,181596.08232423713,22166.11391917064,29260.630295215098,522.0283129262604,12407.964378341896,5563.085221913508
7.173428625323587,110837.16646617412,3119.1253051388194,3173.6285354124243,0.09498922207114809,0.10899454552442135,117.59386071132496,101.59720507983032,58210.3033377853,8848.258710885168,71816.01343036075,15668.853755414677,84509.34793589058,56636.15114665775
19.8922461330398,56589.239526580684,2372.5377983052267,2713.995446471577,0.08627323376283423,0.0990433720234336,24.782709312080808,66.44545974261773,266003.25520886417,23700.853159553855,193943.96635941643,2731.62260647566,12704.556464223444,19238.60475177652
9.304309983282488,55954.268944197014,5279.303446363925,2541.2671335131936,0.04229281546653061,0.05846987106401471,6.156837570970592,130.40852957488087,206513.4482125342,33876.98643488298,705566.9524603034,9908.852473833429,103812.38241391304,28053.20103371947
27.292085131045205,75602.51116699935,4675.290247445474,2732.989722031298,0.16784514572448803,0.1326641278388079,35.13503902899987,136.57235848709263,136456.35600648585,16057.174330096546,10700.46549751592,994.2369043261181,93551.13293490474,78647.00475509728
74.42822470892841,71251.20584394946,4003.425360031328,1946.973046607761,0.04810823086895456,0.06345765225146992,30.106736516746842,72.84617790627918,82182.57940200824,185242.8095172688,69569.79007630466,1385.3296771809116,17756.33408925773,133876.11865807723
8.472320141274178,164901.1922277879,2277.640287872507,2390.0243458229015,0.30714848516399684,0.05103962341555814,9.193136443084686,83.06020910562438,138262.1672246287,53247.452678253954,295723.5048036177,10436.732736194777,86589.7108788162,16277.721835524542
15.432511842000434,56845.067940405155,3719.915686903998,2002.6165197565583,0.09224369029001485,0.10505442188705942,15.473442676529094,34.52861063226547,216320.69642196424,19945.934112362247,74085.33380820343,4962.938109789217,22887.555799088215,21595.139690694486
27.352753979792478,62875.088270058885,2766.7029911420127,2227.680977563897,0.11262850348135713,0.03112353421488516,22.401002494518952,89.56204016607789,136687.4104743932,17905.885611970483,3740343.202710515,1234.2264778243223,8563.58394002028,125121.61354691346
6.35128360459805,94742.36973385261,7548.321840154598,2386.2238221720963,0.16382618543236444,0.09237301599167105,45.32082539639624,53.690748976619965,57050.26698741314,90835.61811020836,41043.35399014946,1353.5547681006103,105925.00008507857,165838.267881653
33.98117135704337,99520.27753146894,3239.744888308924,3845.68493121131,0.18164626832072409,0.32623827758156954,36.612036175099526,71.12938023242529,192489.8763404313,13153.130564931274,156975.3126572873,32374.385147238136,22482.05410236814,54027.262985042864
3.808299140979563,65016.89138814602,5568.277356163914,5983.0099080011605,0.047653742310614255,0.197415112175137,69.34311203473061,253.27295229659742,76779.97030157271,35095.304062379335,92140.64346509833,3477.7322113329715,3307.50193599167,19950.325280249075
7.033667702473294,33677.458848341324,3103.046868157254,4028.6436347857334,0.08886298772957958,0.05761192220521768,4.1782425088190465,162.72089442293412,39029.10798268582,5329.7128796015195,294930.95623727306,7992.893732987733,41012.127451680644,19018.839931518345
25.960947035563297,114247.2318691833,4531.715757633311,2592.144812593549,0.38675849969927445,0.19126543340104793,37.019945170194646,81.16862863868823,125563.89449716477,7280.60120353625,12661.766020005984,1654.8659913530114,22117.18067440021,177117.7681112351
11.332049020086124,36431.15774704223,3419.547831651209,2533.7843374680915,0.38613719143750386,0.03894473842116904,5.768433501240628,214.887833078753,68295.51069357933,20582.06761650689,185097.91279004508,1433.263875639105,3587.226547574412,129902.16913995573
13.684426918020778,55179.44611248435,4767.228727453022,3059.8558242733648,0.030860502239697666,0.06268014374660276,31.77379581462885,88.29777313702662,171353.1566021979,23777.94771446126,188166.269765247,4588.29645013628,66646.17213472475,203920.8339413175
30.61811859401055,44234.2191556314,2679.9263939353395,2597.6066492696114,0.2264008210783375,0.046501363586407454,111.25049047786457,92.74902075523521,510123.7837418776,6013.879367783589,312007.62047244766,435.3994315409789,12238.749433306677,15482.51443166327
12.465231981520006,78627.35378310924,2715.228354718862,2867.999155252877,0.15150890786691223,0.049416459263040405,7.1574699823020635,202.69099806733698,95609.91567931387,24360.957987308382,112672.69218769675,4297.622200207966,4851.173109374401,136013.96808317315
41.23341008157432,78234.56214729483,1893.8834018810255,5264.204669503118,0.06297695427743652,0.2717905516151402,15.709028056137734,120.60647144732779,699427.3744266236,82588.45413511754,38595.36976438614,2344.423094419827,58871.91735565667,27400.804667318498
24.784880927631836,66803.82145200917,6622.824298891768,3881.993530627041,0.007742436400255784,0.059745150815254174,11.262893453457833,91.68848201942167,116208.6018041321,56258.813847649624,473708.29146333534,16425.752623272285,5256.190112570326,31808.333529400465
18.3347033340498,42498.544847593854,3748.863824226591,1616.6418963640867,0.07151576335494547,0.16886473936819033,12.24897902596551,103.7469071353249,125870.77721323773,30160.805860128195,110841.39406507362,412.2599612275129,18815.955297614404,63470.95626506289
19.598043816855682,113841.88138438985,1937.915899710795,3509.7184958410207,0.13759553374547293,0.012063107720177293,19.686595798389735,70.16628835842066,121072.19589980267,67234.26842326154,125234.96885859845,2544.2559133296418,40378.334826575345,151381.539375446
10.763964362504282,123315.59002356573,3280.0366466578,2060.826128883672,0.009185328449827038,0.03742619542868664,20.353275076501085,52.463723327126885,136019.90256959092,10183.74492021278,459789.2508759808,8665.176331768285,91611.3217274314,141975.56353449725
33.75904412441306,132020.55751650326,4532.977437739047,3169.096780780055,0.2819262954482198,0.03846836261584561,21.56842308341557,104.2466204989702,60949.332820348856,9252.702928808601,213238.46171449922,12790.098205445045,18261.196115905186,25188.246556676768
14.55406585044651,65337.80260411522,2965.8491431113716,4326.053271330892,0.2802812396346657,0.06207827412549396,20.79338927505811,211.14244452716036,122731.55539859635,10015.035545863868,1208820.4718388142,9444.043800342404,14651.451634689412,35639.50171322113
40.308708659839866,70527.49794684573,4515.120421159664,3230.4976912277634,0.09448862208314276,0.05495127050377456,17.936809751037206,111.36289214300656,98773.77227499647,2974.7492395302916,385153.39857382065,1438.4684805788643,245566.49186835796,43951.48931175358
36.36315058302934,34428.38260703828,2105.220396508892,3945.3129827205444,0.02136711307022415,0.03799900346909584,20.55497430641749,77.52299148432819,244557.95628499574,2392.021045598713,194465.71919552376,3213.2195158166473,21543.366770948265,108277.69183798054
18.00087560964074,71563.18678584594,5117.156289295279,3111.9889808420517,0.11099017015370337,0.04589609074646812,23.36011412780348,168.31942486068263,147998.65028495382,26247.12612538421,31677.457479799443,1568.6833894127612,44910.78173269943,66657.37511881127
14.364378740355509,39423.61189004134,5260.022830828303,3520.008728372704,0.04729936449638274,0.05684358278076438,19.44186857260614,53.33216807596462,308721.5007894855,33235.99375799045,317062.5353040312,4673.0531485270485,2940.1615626520743,10272.594266363072
8.061243656217268,64931.35853146595,5557.06490430811,1856.327641489886,0.03163226594067625,0.08024311268590142,17.94283151915763,108.44650532752922,163065.48985830325,37458.84130230505,52597.378075208304,2074.383494212414,4570.144939194969,59553.79314594324
13.492872319946311,133739.7565375366,2994.1737533600904,4130.686583290756,0.3725919226318661,0.02907393665810851,27.39597968717081,196.28012317193767,75791.28340251234,20393.508463852584,144069.9565440737,3455.7673844953406,44671.90524683942,34704.19983003798
32.36632034256358,74681.15229965725,2914.044752720723,3468.4911437770716,0.11995644147275149,0.03937385774343916,12.863813757488561,61.096935046295265,306219.64050972543,23986.879492453576,546485.192988648,5003.790656168199,132134.9064659419,44759.78667660288
34.121322977565825,76477.71690699203,4398.770962340244,2754.1941687507615,0.37230363388865434,0.2504939966054774,22.95660097340397,79.75757859193469,489490.1251817609,74162.83477439154,87617.93520895291,4656.497030395192,7323.507059599978,39569.66824996925
58.80465912171064,138271.70784663176,3610.1536929530516,5086.4693624142365,0.6670071084488386,0.024429729526666045,21.824437741285493,77.81246940525878,131220.829797083,8252.207741312797,39006.439249916846,2873.0857690106395,3377.5677785859757,108485.39718779671
18.217706196229436,37717.51092973135,3696.1950479559528,2578.0935948895017,0.008447645398086168,0.04658056157107043,14.70521110593375,130.42518605047343,501267.5677272462,44701.35185303802,1206239.1356264646,3829.4103146660823,103486.33400838514,107659.31021078964
5.012138913159249,46613.17672035591,2138.3486238040923,4337.647193681249,0.03059755638224677,0.11700891322799484,2.680668397024335,75.97036919091234,336082.8762835876,17957.214379423494,124391.60863269627,4861.133466550276,5052.495593513846,12635.737450124143
43.396552868890055,103028.51388377004,2748.141379214041,2242.103003237425,0.07233670137403113,0.18573703971334407,14.509673710996152,77.08575309927895,49865.40500016749,250589.70876509868,202624.21856170535,3914.3589514958962,40842.9406060233,17078.096821094725
50.86359319570113,38292.30725589764,6224.411159931511,2477.6911724688134,0.044509890853481136,0.09755551240558655,11.4094407552262,155.46031079017445,171305.68588920796,8834.390636393691,411590.59052985214,3958.6007326203276,10142.98901706981,29013.42075754502
16.01763084657304,24267.682367772708,4076.4248522208704,3082.7991424829793,0.023305180006647958,0.09143926950176397,14.42081732111051,85.43081801246021,153948.99638751408,34745.49072866274,8732.096716031701,2337.9915689266654,3722.966906204452,30932.681479965282
10.368921625212302,305893.07353158324,3122.2936295820127,3075.118975556796,0.19174262826631114,0.031667219420280286,21.3378491171088,125.466792787533,50062.47077715133,22403.223966525817,120425.7135652387,7599.339777882513,5685.2831286273495,57469.8051956138
3.473613502471647,33461.20387217609,6054.365163551902,2146.1924625248753,0.09665718642611912,0.16253211654852678,21.358758282242302,114.87273599652181,127751.19280393979,15487.475198921466,22403.847894647402,1097.7227866796065,4760.594501428521,56857.425259361036
14.411550422974166,41369.34853069214,4823.043686859109,2984.9987498204223,0.07084724414054829,0.549209890273169,4.902964575878519,302.13121794676255,35825.59761313566,544.4369597761012,45696.24054212526,5010.25644834418,34498.023405941174,73883.98900024421
28.565044482011505,129829.59600285918,2922.0278308129023,3653.298163613946,0.04064773648608075,0.0795599631222738,55.78801851715546,126.77810516326618,52445.60432632088,104364.07356398512,92539.39886343131,9770.193904192687,8025.587100109204,34785.16489638219
7.989808648543598,215566.55752709677,7747.529236267285,1818.9331473975662,0.2697298258509692,0.01867137251195999,38.92216425216736,119.03928419382174,531659.9997477334,30695.39659495932,196993.2801869546,1465.9745318538087,147569.77688231072,23591.54728791417
5.93617261792999,35935.08716989256,4388.494921059341,3268.475239173135,0.11057954907883914,0.10146273360555574,13.794453665006298,74.91244952801931,84533.00414583959,49881.99682976403,15295.304567698424,1174.1154519325498,54026.545885433225,87529.43965329071
33.5796942812034,48931.749940377646,5974.602708407469,3635.360908124934,0.040279402574630946,0.008627363815719782,11.694395756490394,164.50526234984372,93087.34463682113,31133.527012433275,153466.0446630571,10747.413298533827,11277.452179238691,29718.057945043667
22.291432571906448,33634.84929794265,3200.905166119895,2706.661993886152,0.1747512007475777,0.044878795172014034,19.51274809646394,132.38511394442554,147095.9893360281,9167.237295850322,470107.66344889544,864.781267691731,12667.347830927802,99243.41522992698
42.79991137504334,76462.71110131464,6960.367048914118,3223.7702710241583,0.03654042479370508,0.01682902578753623,22.51894762537087,40.23916956969435,181261.72628472655,12927.572544307372,198597.0541644644,13404.181500288427,21932.48974089636,61247.08298211145
33.65912368964135,23328.779887847333,2051.0066053669707,3376.165532912409,0.10214315437371317,0.046931270426831505,18.71468063790015,119.03433307537155,126325.52233030034,32792.47168309925,22453.67450864698,2506.069790390124,2210.22584394004,54546.03256812391
51.07896618862569,58698.45661081692,3083.023724572001,2319.3135579973127,0.15859342693485262,0.1597628948133363,4.843633355760352,81.12624850229292,40394.274194781996,30652.418801386557,109178.38607733749,1509.8821175619198,1446.076141150605,16081.800965782484
7.178280762957762,22358.22658026097,4066.331028371405,3100.326452272051,0.2346884225936488,0.08044443879135237,1.9170899703475173,80.36315355883717,432579.2340063218,7656.4378772816835,157139.64112423692,2571.580459418341,12123.621145113319,9282.007264859967
36.408971853709325,49705.65869106335,3389.7558194270214,3438.356995373522,0.023712658718981993,0.15147123568127976,55.082197689990274,150.46557562837083,58277.277257390255,3826.622990573512,102808.2516786188,2578.5801937273336,39028.50761167494,86637.59118126256
22.386456491028984,426808.31484152406,3447.9223107773973,3007.084507185244,0.02334782359601588,0.14613903171342552,11.27627082295288,264.9280628828461,125664.14257838392,12086.528114059276,20986.378285813593,7246.731642923936,7779.892906925839,13025.832584210157
38.36912680018949,134023.96488869793,6348.435457933856,3148.1039218857786,0.06411619395303675,0.08141104452215583,67.66272431864375,26.240469947461907,229901.03733862535,29639.37574411641,432784.5966974623,632.9881964871736,6566.828129962236,50901.66736631482
11.39760596650503,24220.737186857714,3459.0052088693105,1967.8934663831023,0.10551736196769422,0.052714956073175535,15.117977694622132,168.40933538312777,373701.597117997,9801.60760862401,225825.91605715363,6253.208095864721,73899.5670302714,33893.65886503175
16.99811855798753,100601.35263372558,2029.5611316186735,3316.055971552171,0.05268652465445615,0.04098080089753968,10.382105692638937,90.46257957406078,124149.48323271927,39804.805502628275,633723.7355957294,2288.884456385838,18830.325022942823,26435.503460617725
14.120957585279058,101937.57265759805,5729.218716689749,2745.8385953380243,0.03314086712593305,0.08800421536091502,102.49506477296008,57.370500930369836,48613.883459020835,10741.013892401155,885640.0441248858,2040.246791674464,4075.684122420317,93206.44372007817
20.163470389379604,36093.54382350571,2446.289462132626,2774.18831727982,0.02537282143898459,0.10429993297003755,25.008498215921612,38.20215739240246,205622.86112567116,27453.395749298415,145708.826512505,8247.936742389045,19940.1874270266,41443.67267726287
53.30755566171425,72067.42156151724,8655.313941216951,3048.269949753732,0.11275980880992949,0.07072367568674032,14.526165172305314,92.80465517453682,139966.63343959762,67558.76526399568,295393.5073312929,3990.481834832498,4649.4646567897,14858.497812338825
12.698909526822593,22707.386923699705,3512.4974730549934,2880.8336968562926,0.023060768679814228,0.08705123039032413,10.16334891317158,105.75829841770528,353624.1642948845,8354.378309466007,74724.14143323318,18547.088506646953,2340.269630200758,40642.734737937964
12.208111914407622,41329.74095065573,3122.706069963264,4021.3923050116723,0.08798289612871958,0.08325114222714726,3.9496683485816373,170.4574124196366,214173.86081064658,23083.994819721618,13224.015555481848,4133.214780951741,56350.19294392681,169851.3187435311
15.862063399330918,44465.27245932158,3815.579554200672,3625.962406883675,0.02885469807410015,0.04015715042795339,16.84296438065299,104.88808304271681,170734.10068563325,49280.14046751818,1281056.287581268,2342.5973373896754,23368.744557207367,89708.3421212321
41.6886230151056,112444.63314476352,6151.519841104788,4993.241484732077,0.30975391064382524,0.06605996019553047,8.783477611998865,106.72710562101679,296841.25998676935,14689.649370239309,29047.083428456957,23803.83401860897,36186.34553585791,93927.4572219755
30.4880090648195,45265.777453571856,2561.9766739231477,4107.523837088452,0.09967048470765602,0.0843002402625422,11.822296258279561,312.35191454342055,360949.91830259986,16953.031202633174,156495.6936633026,4607.455451863204,6396.608817702264,19170.83244160571
10.857088388296976,225183.11568959305,2325.2459130264606,3187.9575865830416,0.038562838506515484,0.1135916272524643,19.758419216570143,306.07119567552763,254098.10142242172,8428.301134871532,548934.0600960141,950.6675761129557,19665.766759545168,15371.97373512572
10.349727660690345,144256.7191256637,2352.273218583695,1539.534738663223,0.08492255351258611,0.015289523092935296,15.884081748122,195.82924039035098,71760.56033422376,9732.29906453845,430570.1655179706,12383.023679334736,50268.588536655676,116952.82210313976
59.012273502878756,51700.93633965905,4225.301053491579,4692.76309261151,0.08252192690560538,0.026676349051084604,10.872924335902225,56.99204098594651,59943.390796228676,33725.04561052414,517347.9329062366,843.8758066316889,93812.47825292309,178659.55135021193
41.25865110269805,112676.47454994982,2920.237060991336,2494.5645945961824,0.21870432391501735,0.42861779814692313,9.481096767776,75.51056164427047,231804.92018882174,37263.003297337265,26315.44080027983,7810.306374526936,19380.17318721975,70660.59996510229
26.709970697508822,122394.92948332321,5544.584185355137,2217.1795031984752,0.05684653371015015,0.03811044926690392,4.386937281102919,149.61772814494597,108319.03711229103,10971.418834878945,261713.9340654013,1143.2729165351714,11436.503020029824,114052.51797964983
37.05375878672563,45216.89362289635,1815.1757993793112,2913.605449680067,0.04466408304661047,0.06917263521829499,25.45355018071612,72.27025438409309,182403.18345099807,22130.671953474684,13824.704507400598,5353.129489953223,13520.490901806059,93134.27640384468
38.69600080103444,33701.204566490036,1837.2189583133852,2457.5895368376323,0.10724529347032093,0.13175342906305157,32.39278909156886,82.82162397227613,266417.81760350725,35499.64211778019,174653.99301478473,21150.400935922364,99687.6839261143,79414.9325416503
27.55360057434746,46166.630668181126,3492.157418942493,3165.837368709417,0.05111805746624701,0.18369007616641678,25.719998422766224,55.03402983609966,307169.98799852934,78816.73095700788,13552.448445952708,1385.9276126839547,8321.539723818782,41147.809947839705
46.1076618856885,25524.095536489825,3519.08843029316,3163.54827074308,0.09079027257974495,0.13160631652444818,46.662863999288575,251.01892102430332,90928.47940758661,74781.57340669208,3787608.7317043124,1356.6068804819683,4948.715496096269,164936.16873363734
4.151872718843473,38264.3619367209,4335.81576325901,3130.9915241960084,0.3235699866544364,0.12366575372564122,14.54527096857029,136.48108447119023,331559.06574111036,7978.204607047083,51131.667173577815,1336.5021334255955,151773.28099389156,223320.57769514315
10.631312272187929,88181.8985680605,3985.934253519975,2006.7468311175144,0.11928964338230295,0.018077132338376805,34.041029006518315,275.62160126325006,104548.75851558772,28646.881588923094,410962.2908279698,5890.4572604746545,8262.056404021261,81119.17948091657
45.32282718059814,50280.66306906884,2589.9569753518763,2861.3144469864606,0.028802283226981168,0.02928893013896314,15.147624790000927,85.89197220218298,167607.13572948735,18402.076520322178,187568.4937900507,3587.8209279569187,21548.56623178164,90328.38120868322
29.841172041612992,47498.6990292397,1595.1553495239552,1509.7489464320151,0.007304184200683186,0.12555122969635657,12.733596303664708,135.4520972141488,145254.337895814,15312.918704028516,172192.68725485748,3167.234316230237,8852.243449015532,124268.11444640839
56.270734225132884,35155.60991181644,4556.240957794842,2100.824570547412,0.06638237140890106,0.08242088976599295,25.098157725357456,297.60648752147125,472027.5140685011,6901.243118781543,36094.97217131189,1939.5797870026704,15081.150754966186,16165.907456948837
39.086429956026784,64381.69581811463,2862.627575784416,2492.842002227669,0.2617227745733476,0.04300530755197209,35.053522784502036,67.62322930615741,236127.90606214423,13753.220596328765,28992.15345864883,1194.45269698092,8506.17095034626,34869.73574843503
20.23101902157059,118936.00251313273,3648.276032512455,1872.9509869990948,0.14111855447703206,0.06049444770405342,27.443779024911105,44.997190659260085,383590.5058358013,4532.448592257592,33299.137830253734,7457.198454520152,9214.61689823444,44026.039265882784
27.428199526877666,91966.14024086055,3375.662189821474,4280.219613348535,0.10663394362078148,0.042344692603254845,31.213101112992604,86.65067481251863,196956.71462240792,8730.96788607753,533650.1900316537,1442.8623693116372,24309.48209384471,52165.90470766211
21.287387595655304,62966.94485749135,3186.512045110816,3895.9753516046476,0.043431877256946166,0.16227956458640622,17.60257494488614,157.71223208777118,233775.53591543384,7613.555895876731,29972.78252677316,39902.09308193046,1257.0625108919328,62911.39149539833
30.95916132014962,52353.37653191548,1895.8512796178522,3300.5439317746823,0.007901737482233512,0.06677631702478617,28.6295017808791,200.2017579213999,66316.64738726578,24288.840761981686,572662.2612500098,6074.41101838939,18506.17393314263,36696.360753211244
45.533249281487564,33662.42333011216,10419.403487916423,3858.037243976938,0.061253624879688696,0.1817487135918395,50.75006920473261,106.54442227429828,198254.45134160903,78827.89854507429,179612.5422952763,6289.507830826378,49670.34908104215,16233.68569296606
20.900809746083677,78747.11690467241,2762.7724089001294,2788.079623909834,0.1211446488961946,0.03158981669135803,33.646112004565,149.75489383071147,88863.00601565246,36530.09440961415,1307868.3558196307,731.3744035270743,12772.007637472017,61601.71489034318
15.956643708251908,59531.30578006942,2339.123285859921,2458.664728966623,0.018794934640319245,0.026139675108074995,31.376621390858592,171.3222042088297,45065.72005166287,54344.57874391713,1400494.4360830544,508.15174747921066,29330.822900268748,24390.933800643477
19.080714900443105,33159.150606177296,3388.1800909832627,1992.9194597753344,0.03641466872221256,0.022483300244079782,19.910636433061143,95.07654506194406,108993.56225652028,86254.57274358628,85261.14673481252,15403.233829837573,9083.623282405717,148313.83205189052
11.515360376138133,58735.79964502756,1687.7987120141468,2442.346638429531,0.059733796642638504,0.12770609057932497,67.38814915138735,170.45455910845385,107297.6606564721,36673.11593194921,52237.26154613453,3485.189440715821,201344.6727801774,24616.172630076708
50.294935275002565,51863.44327057367,2523.3643656759505,3441.354592409955,0.08948556734184059,0.036955935361784605,10.378603326183981,178.2376690307901,38008.377667780995,71113.99329579601,64472.1286828823,5080.7662260347,36854.72793691978,36352.69486417496
10.681061531014864,38308.5192583708,1924.2949240498865,3651.80047772209,0.14986983965567557,0.22243971388842498,7.7202596739620875,55.89208059600882,95511.06452576019,28760.658378581593,66133.13573385889,10700.50927840586,4705.754368308429,111084.12937965312
18.293661864197343,35759.106174171335,6883.1330815347355,2469.038519081689,0.03718940671651789,0.10429960226649589,24.986110677296672,51.081994484232,566947.4258866023,41862.43701219331,295657.081398712,4515.84386780113,8375.772347433693,53913.57302995179
45.929047604607085,232354.8357689911,4181.032163397055,2731.759203443218,0.13662368807977118,0.1499445172702606,25.7204776115859,176.7017977409536,332523.08502487716,40514.35279649686,49974.10548391023,5696.425015864739,7229.6653787957885,265970.96623550815
27.639170278010752,84662.45943285068,2431.7484467983136,3946.876222247562,0.5784585259188869,0.22426898874839404,35.10434580967408,120.6835847619403,170646.79961298345,19254.82612570588,95399.95590467524,22310.741161044112,97256.73399321662,42661.42839498007
42.6955547630483,30515.33518222343,1996.870963108916,2571.77968738014,0.04340722580975522,0.19745087135037181,12.952620642656376,109.83299456214306,97478.87309748204,167909.60072943562,132528.06893799367,2690.9518313481176,33306.50842369735,34310.98059933013
11.717244077967536,31004.55087705265,4660.228249402812,3489.1845357368034,0.0744463362003594,0.07963876440265664,15.47309913230614,57.00618611475249,108867.8113188388,43261.10348289147,91796.11148274723,14189.95615044433,13295.304219534046,23763.41520413261
14.721300285603522,38223.861182676534,3223.151935985243,5872.834910608883,0.01812595505800542,0.018466762296399132,33.71459207804809,38.835783679838904,165257.15222683834,18164.946297772447,66401.21867104719,8542.439652947742,59095.29723919114,161153.07772159664
10.869367549412106,55246.63391970896,3111.579438745428,3094.5525073391836,0.3129721291140018,0.08241877597026095,24.057571676629237,124.27519740834083,128422.02174849718,35820.67466578684,65830.48753926856,1472.498407753808,9580.175517155289,144916.44322921638
25.107133005501645,125507.61804169159,2663.201931761765,1950.6406281905292,0.08187477117747441,0.1067385987830903,102.03417642775763,98.95712619297629,57975.25762415584,48604.048278145565,166560.7088061037,11008.046941497176,34024.77784243913,44194.985867660755
18.800826567963842,34073.71167359449,2020.5708255459042,4318.448079980718,0.26312648643671904,0.004696653099932621,13.543012126529252,127.32342827373478,57110.841587844545,25830.657555077363,356696.7736910197,3355.0781705966324,3276.667437870326,91346.2744459078
14.46690092060409,56542.70151321189,3821.6649323736556,2477.618529255977,0.09146861726690553,0.9785657726484788,20.61301259195635,152.1722552026532,48870.99000525599,30446.772738318825,41658.394166476915,2729.9587116791195,56499.26146958761,3620.4656391060075
71.09646664111935,32220.930164584726,4925.552940512735,5866.649692816494,0.06138294248931096,0.4462236098177104,57.27300543149025,133.79705086581285,85574.15628521048,7415.607915336666,26924.167986679036,2423.9487852310135,4571.068447310915,22095.88131812513
25.234542193710737,64865.63362799655,2690.0065929762036,3592.0651912264584,0.16354527895299587,0.007768354631954547,10.13010137497483,136.73348963414188,89221.546633745,41754.76701497179,148307.2787081886,26431.770260299323,9422.136573669124,28817.85125757929
10.331411538413,29209.265126082737,2885.707727821238,4347.26794631447,0.02646002709557202,0.11165589283998256,36.95968400048574,171.06914717930104,67230.35901886348,5041.72182744199,905401.6536302967,1125.3943727238413,3468.163841387311,64316.517786635675
17.18085950259582,50346.75182862461,3302.456102413393,2243.964737820385,0.22200746394975834,0.04897222153259408,16.483339016417936,101.91877543890378,198923.08327488304,36587.1620639192,81108.42680773235,9750.1368433423,2404.1393104819203,56342.99780514635
10.528151319941687,46489.16573674147,3762.909711543308,2799.0575389289615,0.16881434822849792,0.02815300707283786,12.589070963690672,121.03528762284157,47758.32963716584,37428.54616360397,128201.22562126872,4451.89922810505,53622.128222396335,42338.94193312333
8.142138951332258,39253.50693616054,2850.259123112049,2024.6633727843746,0.18984465298054434,0.1192188973829986,67.8101192621656,211.8122651204294,47750.85879983746,2562.06799136915,115959.80014357924,856.6079521568136,1584.3515968628963,64385.979421576914
14.39699944053982,58330.8839520136,2334.889164747953,2821.7535146403634,0.13911691574718615,0.10390433594017794,40.1526577489619,68.55418363839885,72644.57215056378,9246.781885800357,167762.31366125323,2398.573516573547,78653.71726414723,79515.59829712189
8.43611432677437,35488.02694516871,2863.794501286973,1576.6938685646078,0.14701473650114133,0.030114503835292794,11.358214397334537,101.28566508500265,143287.67350724037,15527.628599011965,50978.21753281726,3934.518557972815,786753.2347108573,7758.512699489092
18.96066485285015,28161.406987499042,3015.2927161247644,2379.841711284686,0.24209703048476044,0.8352224221500237,12.94837474313233,112.33836559056927,494571.59174442565,27519.822956565313,362690.75422733976,7323.505503567679,2324.914555157843,14908.168852896952
19.16823556917267,90067.44318825197,3567.0987601191864,4113.738988401361,0.15665460787911203,0.04968220488810956,35.575050991306284,208.9531110345994,457165.8818072999,3301.1822013452247,96081.12660371506,8148.444591728755,5747.34830159965,33706.25137946936
3.737585300270025,563958.1656517908,4138.609076611629,2290.2155315852856,0.0543865340152245,0.18218484616892647,11.892990325832756,134.18985983088734,115536.66801951233,37774.16669924023,49492.39743169164,3046.9896491816853,12011.603549538993,41582.31736830631
23.336954536228106,77017.28496609088,5829.4187167755745,3590.721143413308,0.12179457094319725,0.01197374146632142,32.32598141882466,82.15272298940744,107273.18840517929,6656.62163961061,654516.0643361625,3712.4557329047666,7850.656638246597,35899.9703515286
16.840177965669966,89872.53696943642,2196.9487178767595,6510.96911364671,0.10800029165814519,0.023849388421068304,38.0074859497675,59.41864613023208,214868.18566013596,20955.927948937093,96532.3014221298,5109.601305975044,4932.545046276259,93140.9179826689
24.42461157292686,93536.89802579928,2079.5652364426505,4675.791732283362,0.16436291143701567,0.5647784707979328,20.419400463454185,27.75154072739002,484277.51005401276,182040.94514459412,70664.99364156876,7584.258664796238,9507.93664794599,38879.11668025719
10.374739730989248,43864.97833898119,5771.377461089894,2678.0004295571384,0.04523883649267321,0.12457466428699766,15.23699855479435,67.2382337927196,292618.752704715,18871.773969135313,24741.40416398306,2379.30801194927,26332.31324680891,50184.51271835931
25.06605025300366,217810.94063772788,3473.1778072718776,3983.108892708292,0.0044924621769092815,0.03294218064488487,27.793299207166488,84.19721662049956,297593.84983803827,90973.77097408801,867369.2938806599,5214.006122407712,14711.702274009762,12619.067741340688
8.340989965470188,79397.29318249456,2610.1053146793333,3930.1355188654456,0.05859035603626563,0.16275199267307638,35.031855819461356,115.07138469543128,76103.23823361238,6827.722520552001,308049.399729027,2041.2453207986237,87376.58077734952,7121.344892119729
13.258203115406262,81038.67194612444,5766.851717762846,3463.7110562624416,0.3351280489648288,0.06893457458429292,35.23739339441482,39.07024858287106,424664.41182435496,3430.135182673236,50560.87719874746,4353.118414049944,33483.54498960805,72262.85072876603
49.03727144407565,87190.87681591576,1878.5811700132112,3912.131467987162,0.09050727591532147,0.11081937899878674,9.30587615645577,133.79867304960925,68309.98468750477,18055.037445526697,130456.36974160063,7478.776494346708,56346.893454262565,83193.90713453965
28.649086227006627,72998.16994181089,5205.320238311493,3411.9142143334147,0.021896945159962843,0.031543361842563886,28.58974161038045,75.14165961425354,89812.74462299196,73101.68156735855,91478.54732666779,3657.8299385749683,20238.904065006034,68111.26090594871
15.169220496063966,50129.58314340024,5069.38250891243,2987.6956865814223,0.23952790067992058,0.1273291987403585,5.559277243824367,77.82348159764749,90706.36086174157,19432.297989044997,231821.4976775166,5169.4132670784775,127762.31401543773,36627.763751651866
22.243567424566777,53598.801801464484,5654.829698850651,3522.1954720953763,0.01779835907885351,0.01826438158757098,47.633596914385826,159.20200071504973,217323.8990812816,27508.63419454742,14074.313736972636,23618.35660669764,9177.420640241487,77828.21933425784
12.445123225516248,69174.08969104185,3537.374579109922,3467.499708404822,0.06822121955681039,0.02734987971575117,17.456273195468686,181.38232316036297,262814.7434411367,4290.506656519686,269996.64943308587,4153.149988348001,5415.036164386412,169902.14891911155
15.524078526236467,80569.82596360611,3847.911087416332,5191.570077886751,0.00814631756756064,0.15923956759328106,10.113685781759779,74.00412123433937,191740.02482483635,10454.225402034635,45829.11786374863,869.0088962962393,8111.190150761961,64930.641564203244
33.83777834548128,40947.74363563408,3605.504802056698,2593.4665683401213,0.012473435391745091,0.03990752682651196,36.94893702510736,74.66215402744999,102791.38923457295,3388.805677788438,1209187.215033453,5748.314701139809,145447.6497153614,30514.6155270602
5.775071815316984,70534.66755379544,1490.7527363860554,1594.5532228422705,0.006202146207834665,0.4506719517269821,15.777597340053042,140.73584677847572,251995.91077081408,87610.05794665134,63932.473826226575,13406.321923365813,41168.87698951189,31273.652461072084
13.70292672959606,51777.83064121978,3933.9441121406758,2736.828630968526,0.1790231080623823,0.02270133821811078,57.635009736084726,63.91175347868885,27023.873872740747,8276.462821231024,404785.3203834511,8009.319417235996,7031.29879619798,66176.93805488909
10.165285234495766,73527.15915346239,4014.372387558656,2084.1219861465725,0.05954396235698612,0.043545452543072155,27.629003434025865,52.05847955919217,115615.0754852737,19488.994349735458,157514.68722389016,3624.3662929824513,26164.335000910363,24121.13669588182
10.291140302708026,116502.12556842875,3435.1531572154404,3891.6941846077275,0.01949125812234627,0.12725967865719487,21.921701690231117,144.4278410494015,95637.3833771539,8055.415813997189,20692.93659110391,13337.391077406237,8214.72572320725,110300.24114695282
10.272188788726986,39399.027348018775,2680.2702155280967,2301.7761030888364,0.09025131195574315,0.029463647052081376,10.74694991218141,81.55527102027389,384544.83335026057,29825.030098821528,227119.58700203066,2108.4446018009544,6221.796236416253,133256.29054732068
5.220815950252477,60831.485127916814,2560.5371717315634,2159.4240501241616,0.04411978893433131,0.05032729370773817,17.052685039206537,106.69749636453423,790482.9159957697,24206.58593236214,529538.4343051128,759.7260992747948,33390.94064505424,4661.5233936795485
10.753537343677689,103297.42550669999,2140.7374973088636,4115.876085492482,0.2850805408256906,0.1679377184431729,28.89490360799214,232.68069380708928,27831.970239965663,29685.542802801392,36057.737297507294,1004.3212518346701,54962.437445691394,66311.01223360261
15.357237772474031,52072.542423759405,5718.248763021475,3168.7960378398802,0.08538502635501527,0.15657470798053422,21.22383870105548,74.12762633361586,128746.88784610364,11160.390006573227,103486.2486220491,12402.390737553143,18842.61568835284,13444.852408256118
34.94471085772307,85683.99064034355,3251.0445663996325,2357.5330697904715,0.015051454952481202,0.6088282081452213,24.751639198443264,155.70105217143956,51954.978377242165,14327.60002246244,61246.78195493957,3688.9788685900676,9317.421917772825,82780.32953646009
34.71842218553121,87017.3476768693,5472.249725037152,2067.0919153767213,0.2912215759068701,0.059278276228704053,48.267680412333966,27.43007946166543,135000.63632959276,21204.56706799645,12236.980153521898,11740.24965535916,3316.404055617411,27011.082579326405
14.420529069534304,44315.44964651291,2635.7260835699426,3099.003456985662,0.02090448735626369,0.2062020217935401,18.848636439176445,251.6905602768256,97714.22336401851,4776.376623625653,25655.581589903908,2999.5754096869896,6397.89951663339,62701.227618959645
12.409100478546677,126840.66536152092,6117.876847475089,1797.5314382149895,0.08288754997176917,0.6407383434484554,38.46184106110266,35.00795416754817,397046.32356878585,9921.28326405815,22378.872790192756,1725.121362667012,6489.816765520577,62307.02241054432
9.791789389047542,86365.88033109497,3173.9605010388796,3351.9476257843335,0.08335077234141798,0.052177079916845705,12.513044139225888,77.47605737991604,67822.37340178606,5105.342956271412,39350.56301031365,646.8218256684894,7612.228900755754,275544.0285345008
8.066716568199732,206968.36298866547,4408.409244464558,3938.8517965984934,0.12361358233038304,0.7577770846149595,4.658677596960528,83.12801097154764,350353.6183358629,12127.414699024108,52630.86965717514,10163.142543372569,45565.60468031346,171111.5582974057
9.846461848006594,20713.783856034883,5444.048597257633,3050.627368363023,0.09982850877990872,0.21863077964969474,14.193098784916511,35.98277034365087,408144.17185627733,20248.51018184095,1991565.0774494074,287.6126604131736,86066.62452750567,66023.6584354315
9.518865512262172,100362.06889881969,3098.2904240848975,1601.9640335479808,0.06142705136840861,0.007406087997348709,16.930824425613913,36.97615841924096,121132.81593246855,5841.582123345453,25841.18711534718,5169.064300290613,6635.154693937447,19132.61037579485
7.796568248184042,55340.18732910121,3940.7068035292905,2414.5451026893957,0.05819340513809413,0.09751009923249457,13.634789598233455,138.867252177717,50723.19540928833,20379.018540716486,55083.97763473692,19265.920708620106,15650.003565405435,102415.38022153277
12.246331288261533,29729.166317939857,2321.3925072187226,2114.063541559927,0.09833879946639737,0.10343541973451209,24.521750896938894,249.68662426364793,181961.03043084856,38892.612464287246,34302.48107348899,1513.4111271216993,4977.160572724416,181815.4909909458
38.45206825435871,156128.8872986774,2939.574646304008,2687.946025555552,0.18406745712484882,0.013606874122646292,34.43411795635653,159.17672307895933,164196.58181993885,964.3107072905069,8213.078591502539,10276.5772019136,8973.43974669734,88030.44430054085
5.6734214836651065,38008.40192339207,6709.646268161664,4783.894795814699,0.055389536286972955,0.15960101905165508,6.682406770939597,138.71129355444484,40287.694219847304,67837.18611631647,839440.5334962431,3413.391119500281,14169.466641237967,37654.50162165004
5.94182014472668,66373.79933132976,4537.7085264952475,1525.6485044864019,0.054710502068643876,0.06786629857138625,60.63884822380473,87.41438708220763,916853.9960964101,3988.7970523870013,54857.46850211314,4170.770878135375,35216.20341896286,41747.037400868634
39.14907002228121,33642.801439069146,2436.4644972114284,2784.238935348988,0.018547535281315513,0.5754989737664811,17.80361242974514,186.2955709903619,167562.91116520183,36469.029695108446,20582.676759669983,2651.723217749525,2011.9793919145354,35194.42321873137
35.10638809695258,54004.242463446586,3164.966471840532,5902.608609293305,0.13383878939005076,0.02276643701224507,16.784376693745386,131.41580003156298,154121.56660079234,33856.85920758518,19454.63615428145,3921.1751442205864,292351.2074891788,51132.55449584182
21.163714237504607,229874.03734967374,3016.372998395378,2468.9161880789816,0.29578726055773324,0.039948170400875574,7.59252375209019,50.46584884851186,294931.66371703957,17621.242219915726,40801.1197500332,1256.6113435879388,42332.14183345465,93124.21728872294
8.225184667398942,90125.22923337082,2181.953844585665,3956.3331041138094,0.057301778553870024,0.11212702312402438,22.489008044390356,59.233536711426005,402819.8116093795,12519.043138670877,216851.53056510835,3527.7963452128997,9884.956939686957,66929.83658303382
53.30398385265709,51832.24740029793,1731.5566052311385,2141.750612343913,0.048798044960159694,0.0712339643656281,20.943240667243764,83.81294391597154,107789.41875747546,37112.250290249656,76326.65849252767,13489.57350841769,2168.3470785836025,26303.17563932498
15.717737792940834,45194.05985076729,2324.7181927713327,3749.966353567281,0.771241915605574,0.11039948337480626,12.568438165347347,105.47005997166426,140331.65035258076,9073.307996765478,235044.44545002008,18551.46397555012,9635.661451335953,50095.08161508474
47.693565717247616,52938.50031489838,2471.0301437883227,3272.4214668170152,0.12189013356289388,0.0892605122547109,36.51917376783715,74.86906872332005,389582.52763950964,20472.159237242122,30680.422104251356,4856.752031196741,4773.137930096315,62792.88595917547
16.589021173987128,127873.5326851984,4517.622491571045,2830.5775220166865,0.090396951750586,0.03904104668125359,5.685780327847721,194.6460084875494,847956.1573411089,2331.676955160997,39256.44327415337,701.5948271213513,6875.611923186592,32848.34362516926
20.635726793790358,87894.48215434006,1754.983227590807,3863.6574144595816,0.040559084383608515,0.24351249989618923,8.723629382225258,114.73864065897882,269015.4282963875,8661.624609880277,84734.3448779918,4557.324705871939,3668.1075395273238,243675.12957294492
15.90733168990237,70679.06092508108,3035.6825156547184,2702.030076808593,0.053773568370457714,0.0962804819635524,9.873096126454351,106.73237702422517,453900.64028739376,21273.50517167235,246331.76509666786,2724.8676064277984,38564.5891374619,82047.24585173458
7.120504826844134,225228.15884564386,2955.8840841259866,2093.161349595663,0.019720242301789877,0.11234060401664565,25.055877677865187,157.9283293038927,64499.819640524205,24851.65865317667,101170.72581271226,1241.0504617675153,57295.75716612702,31619.64985628482
14.954350193428482,55766.45705652848,1945.9582938021488,3753.3990187706017,0.06055627151167163,0.08835021697448507,26.529467989513346,705.6654416222965,62547.53123828543,31528.23078666335,54903.35027359099,3007.3287362627516,12005.249504558406,91609.24890017403
12.395822894360988,61259.58290100344,4921.03151612244,2904.8588477052444,0.11599305576619574,0.025164875153074702,16.668265821878986,141.5020127402301,275637.6967709673,12825.441550930023,140429.61819234127,6022.234039861549,48621.70242063634,11791.897866367268
57.57965247860732,123497.5574728063,3341.7156228836852,4312.597133287495,0.13354938851780138,0.013661453042784207,6.8055568795818475,80.33744641917589,523088.93671848834,44808.450039228,54464.218897998755,1604.9917264663102,8950.752529929461,82539.83694795189
20.393175343438784,57482.79867676198,1761.9903152786565,1879.9491932086178,0.07286194951782059,0.18469612355463227,33.41357552379858,244.72914829179987,450295.12911719887,1728.8913966070327,577227.9240858051,7161.521857317611,3102.888357240421,83868.78779778088
8.565092422629426,66642.11098954383,9286.785958093664,3174.87129230729,0.09593972054189095,0.024216753536100658,8.851134534092065,36.6399376243215,234765.8950704094,3466.2124793624266,13445.659831273357,734.8735870625499,18958.795954999372,251485.1291467326
13.08436177753663,69322.64997471476,4403.7714003312785,2784.0825691781306,0.07236774027634134,0.18612096634296996,25.039365919813132,255.14115253256273,193556.66827775064,15055.661068244919,28040.301776121276,1372.8426440271726,15684.784982678879,45047.91368672279
27.049580164985542,49397.59298219891,2564.7166240365395,3105.806133638055,0.06214678549808399,0.053411878049760345,67.44618208747289,80.14733356493421,61692.14600789737,11518.091512037734,37701.654376356135,829.0918503406411,8129.330643495833,150057.12253048774
16.414446849202854,180680.98853757966,7170.223502353391,2681.2025539922106,0.10368966713068963,0.11323546527838474,19.99233115030386,69.51165696624123,82981.24893095196,4661.3061208292065,285357.58690079756,312.4242311310835,18915.307630086976,133901.83934688484
42.73598510154721,85124.00065840545,3467.9122012316734,2486.971010022587,0.1891112404889699,0.1282795914989612,15.187769221828848,212.01077670746463,68726.90511037786,24260.94298605949,2096425.5388955756,5105.202853130588,9253.420072280056,133472.73402759514
16.644910021613903,72498.04687018553,3756.0635584282722,2659.208169447196,0.1297654691305909,0.006672818495990041,42.02596469080817,204.09088977746296,128343.2322756388,50092.89505516721,40854.127659759615,894.9249342229052,3146.1077749110004,246461.32838305828
34.490927576494464,27431.102212480513,1597.1291120755045,2678.1791412879643,0.025548287434390773,0.028975740428798233,30.40716853102933,112.50103458291439,82317.29872953011,58868.394997324314,82256.16385648861,1577.334107490199,17139.83942706567,44512.848195225386
13.213330176362703,31842.365393743108,3729.64948956598,2252.0734477205883,0.11086790059658104,0.038021059290924,47.332707233086865,55.27970412293056,412331.2369336163,6986.837687581799,518164.98646754446,3161.6589760063803,6379.115389208795,23596.22471398458
88.16710041770395,53082.73241832808,6333.745237666952,3326.743762409702,0.45866788449162643,0.04004037296257034,11.440563856793238,307.61536792904,471574.7787291117,37532.05118889916,37822.15336252883,8152.227348225553,5432.744766644793,6599.3512765231535
8.550674348133088,43808.144473941335,4292.160419955095,4598.624991379805,0.06068780395743742,0.09626879499730176,8.459306752295136,197.95776450412708,50243.8508167997,11112.68003760017,458991.35011641565,1670.9106196614507,20698.728152945725,16679.445803734758
31.897324427858972,83738.91193786425,4782.241647688293,3232.1141499118494,0.17560973976209024,0.07067420646578125,24.80481223339159,51.678446794301614,30850.46625016815,8008.238974914015,43624.76278132865,11841.838884331575,11046.271290181032,113021.47777286485
7.5937569865912184,73593.99225965867,1895.6008184881714,2641.355802815857,0.6476157511599276,0.0619530125499502,11.586797239225653,151.21769556923297,129056.26835617507,28891.2358748176,391977.2899145287,7927.650966368916,14134.758311264226,40650.02864343431
36.819479747568664,94860.76497869362,6165.947656210054,3019.6874430990747,0.06159802218936288,0.014312209818157373,6.186840472355845,48.933365047440546,118591.91096965675,20083.650098261878,40274.90634868957,5211.095919269602,536669.1537121611,26268.965456427533
14.997755544253552,35076.15999839819,2155.7426963677217,4854.337162017873,0.5075810729032851,0.04436354715839305,24.898042103275515,103.22074640193564,7377.54800968953,33803.14403571077,314616.9794250623,1201.1268950425729,12307.58112944163,69702.12838786548
24.14445141565984,101640.53648985973,3719.0727327478885,4055.877524435333,0.0967238876219047,0.026731198807799998,27.77238642427683,58.05053980284941,181446.81186404813,23959.856532863825,296840.64707041177,805.0968545368465,2807.685555872483,63765.80852778017
16.315615336314703,123270.42635046114,6382.488155403426,3296.7821243405233,0.10784396180127741,0.0208000685964684,122.56252716635571,54.886338808955934,91108.43324353946,17121.57417087831,128422.61018405814,3226.2328178981575,43065.16762043169,25409.06647962763
71.01264514022137,84647.65164142846,3535.3027115476457,3787.561856766232,0.02321110709237229,0.7526401425796785,10.765989989970734,93.15280322874318,67474.93234693358,19112.911488868976,209046.41126180367,2177.97458899487,195122.69852325929,16666.24186129377
12.926470907106808,71759.68739083296,3378.699076188632,2669.4778302035597,0.04745067818094976,0.035905459033182,28.90691688127855,32.13716134456791,166658.75312803537,29320.135483687005,11672.838775363523,4438.2094556743905,42267.1571394133,45138.43983568157
60.223866268536845,152463.4574866927,3952.9619000178095,2688.7411507660695,0.0704444699613366,0.04018789594674744,18.71243841353466,45.83002368719008,82495.93868299863,5230.462752250558,34848.204428239704,2352.806456549763,18038.267097544544,135067.84872158806
37.75039045755739,145180.9006104353,2824.000676565489,1911.5071120468265,0.07357806835513843,0.05116161814304156,13.884679729589843,50.146806311835704,484966.00364012126,30640.49652057681,150530.5868704085,6702.18337454927,41672.44425364452,15713.802092768572
11.267022222199051,74185.92784134494,2893.433159092078,2000.585426659584,0.025905462619024336,0.05073562360974852,18.553339076952163,63.79541368219104,243302.79380487345,15393.047597614828,476180.336203058,3607.048431454665,17251.72840979085,195792.67674600924
29.061040300229358,43777.097212719964,3123.5564611632913,2943.9240176113067,0.5636619283912477,0.04727102868794486,31.76897174154085,39.02778174583277,38664.5185224506,5166.42855615769,157607.0249699923,550.7032497171958,2428.3190666085266,87677.14227939953
12.456235004931642,154855.17193826553,3944.568779301148,4708.112986529563,0.014087251118287689,0.08933561239087416,22.51226115318747,82.02178831245529,307033.3554409982,16822.129783278368,86220.23274307084,1242.8531904610493,94666.9026891112,37829.42010027538
28.5960555927626,129538.97964814522,6101.097383869233,3239.191311742854,0.414158397468893,0.011152071975097499,5.721235934512411,109.46221095065884,143201.23156420887,18796.414288132717,89956.35741217562,1989.7226494070067,6801.120976371885,4348.089007964307
14.515502271361083,50213.66180455492,2941.2417586747515,1628.3436038681155,0.16177445713253488,0.07965484149840399,14.589556587335453,120.17925315681784,162615.8727006333,52904.07279115701,80916.29891578067,18937.17343382632,68959.43862922819,29629.990645980815
14.880536647929011,148409.53987027545,3401.9393679524833,4851.331963132894,0.1015033294425729,0.19664161628228935,93.17436866136993,83.65464342953109,123917.32403272396,10539.374276096329,503084.1713886171,2329.5995727393283,17764.210117277187,12591.261692710455
42.16593273234653,43234.26381118871,2369.6071330670366,2222.377254553534,0.07679281799727383,0.05498936928530311,20.124189797402554,146.9204528281768,355045.8310204097,32209.83546304607,488573.93651489797,37702.7522847545,17741.124274262267,182531.88455429056
9.04482029701096,43981.71279525739,2505.899674804645,3713.255685693779,0.07997945875993415,0.037214935016387285,25.102319910217574,100.74139845201498,347230.54354782077,6419.05034291603,19171.944910955972,759.9460356844135,11759.54776292224,50994.347561172784
20.29053512939966,46470.98412792038,5926.115703190189,3124.614132439599,0.019343997177686176,0.08927985054694504,11.039810516376845,183.11389658131938,23953.042776019323,12391.75372327674,17161.71302992062,11830.39663682464,45428.79722893063,235032.85904470057
14.137258016099928,29471.535122012643,3161.165274961049,2817.8099876493684,0.05638682756978359,0.10258837984073578,25.81773688087271,61.791943839149944,139518.77494679403,118563.58863623347,84306.99005223071,3867.7641885089315,38755.72281841501,26294.044468538472
50.102130545811015,169785.38370451698,4397.602396432483,3500.504821849093,0.008424088021752311,0.0407603441913438,10.537614481851621,92.80283634793946,232862.89578834985,92125.63409485282,457437.741103574,720.797497923328,39930.30374188548,33105.049613920615
9.277266442579814,48142.27576710689,4037.9274350951937,2175.7200563929086,0.030998671009284908,0.34851851633634146,31.766389972826506,70.84210822895598,94170.3061212286,19875.093778754945,357137.9967982196,2475.915160686343,21914.330240654468,32705.7082537952
47.10185240410077,60088.366565137454,3768.529991550143,3863.997616645993,0.21363338874974108,0.07309501270039427,30.305132554242395,62.196144586697834,632423.5972821594,32063.813562465166,30857.91130793112,4797.866048764445,4553.040190518559,54416.944756002864
31.382913183567936,102632.40500588024,4024.5439581052246,2749.451927040489,0.12814604708926894,0.19510731453063843,12.594807876472,58.89410606841612,447293.1066552029,8714.51599172919,11441.97448403795,2726.830690608275,7974.640128879996,30028.53197722621
30.626370268643,37293.9492115887,2844.582324590525,2621.438220891107,0.11447240736031274,0.01143241590850918,102.89623379159029,541.8101719229664,118742.12716098958,38828.55065765425,446818.07052668545,2375.1824347994175,13669.394200289926,53586.63532262976
44.95149757374381,29953.82404858352,2224.2975592825737,1736.6308551794466,0.15875817994528013,0.13470925696579364,4.255506649927807,53.207734031476285,183297.06872088023,16768.420196317737,34841.47356266237,5959.601715337307,13494.940401930373,16791.943892575935
16.78785173455367,39986.19009587041,3191.722645994437,3025.872118448186,0.13329102036626087,0.04231272923481576,19.887556197276723,200.746609555486,64014.29491856647,7853.267893143489,85589.76335464754,5743.375071675685,5796.21170467995,88307.80370284336
15.991896842485597,69314.43890957115,3443.906651092009,2376.585252449179,0.11090774193044632,0.02248258667077278,14.662156949669502,134.9774965728074,320347.3550660027,14786.669511805663,16029.494857286818,16211.957370399827,3000.12593356281,126370.01013704747
3.446890924070978,144464.9157041464,5875.584527984377,3334.711347489505,0.050482668071948816,0.1625259535267329,7.860695831204093,192.64403787318648,70886.3776701273,23111.046038831562,85420.4122005457,1265.1522349186719,31479.150646070975,40076.00331350947
38.65586158398451,61450.13923318697,3311.360023908438,2889.4993392991955,0.10566446682808416,0.4436993778296219,7.2420121983225965,28.026124546554986,60810.46731178962,28994.282211806385,173594.04932785901,11254.285762488003,5391.093201056745,62337.4391627746
10.264790006069227,23452.5304282531,3472.7932771431856,2837.0951367773196,0.21742921097534165,0.14420593781930294,35.44312968985664,73.67103540218555,85038.67525733954,26278.55893003076,326283.3224588524,4231.283402204156,2765.801946861564,48269.93842199955
10.588887152625539,21347.545999810784,2451.8101176184673,3545.4316935833663,0.01759224474899835,0.07365030162299445,27.53324811448891,53.921933217474496,55263.04310300952,24775.541792821943,29074.344677560788,6564.32881977303,166759.9266492858,24544.456915817467
10.600701900429641,46751.20868362239,4932.252117065297,2872.1255719522633,0.1202386439674763,0.04221796244698492,14.804540928491509,65.79257920805291,102639.97255467148,6621.692196921701,298788.2443515206,3098.0150258129065,170195.65736252745,29833.667390658626
25.413028006729217,50018.389714281475,2183.7928182333567,2474.438473733055,0.021042768710574526,0.029218160850552937,6.1390619718845665,62.72231721301217,92685.21155246506,7533.693254412236,89905.08271439596,8722.72542504491,92781.3299252198,40255.2020925737
13.816923133772072,115083.5674760163,5061.086542708403,3965.364552660955,0.10737914791999612,0.11685701348804724,39.528745877332426,172.85192585363419,108574.17431980927,8679.065738761408,344278.03304224304,5080.195972424092,4180.63542436278,127876.46974116584
14.549490737281053,43989.532304881934,3870.4318688501407,2427.92710145654,0.3074540857551465,0.1348404516747872,76.06234707295488,103.99793641101223,369173.5077828894,3690.8059846684228,212384.63944474162,3133.6989624130556,4216.174924306273,106316.3541799416
22.64054721114905,83061.63732874018,3722.0513236299707,3801.2905527774014,0.0334708294496819,0.032129354431477714,20.068692235486726,51.71780290565056,153968.04117052097,46438.43693106364,94437.24465925625,7823.515496061653,9399.225245472524,115404.25132531863
55.772872212123794,134280.26944088752,2006.058366985183,3508.303361504676,0.439272891238575,0.04484328770399374,8.914318401811176,128.8962857796711,77258.96998843372,3431.369570334751,758368.0012567941,972.2464255002479,66520.6460123411,105189.21567775997
17.804108021387943,92910.73033671772,3903.7992194092976,1759.2580403010686,0.10035082576851118,0.11907258060411599,9.788203631519046,73.94627090778056,253520.87539739528,14640.045125926446,227030.98027095446,489.3050358738614,5925.753097192148,37782.45133521835
12.16429311320431,97490.137855481,3362.8102840404495,2398.464011207115,0.03948665140577168,0.2083787110801679,36.23531358372713,27.34399140580631,123108.00970562041,6250.519747126976,109413.43297005507,69989.78545165354,42898.79714998082,9847.995279785498
9.904948957740642,45707.626247031054,3654.0583658218475,2833.4163558016894,0.05411504476081542,0.051256412609735826,17.430801471390115,158.99809162922963,78574.02037297054,38139.756930657495,109425.27121926102,1467.3375151449727,28616.214740809257,24180.66879350738
25.17579174248439,69331.37301168634,3065.9436315575936,4986.788349804205,0.015523367747373036,0.005275294863687284,24.87435438119116,424.3633417622643,375572.15018019325,46380.91921738763,20994.767303213797,888.6660134081276,7274.839923232234,20446.131106413737
21.280264595614078,40407.04060036174,4261.1117827431935,4381.248118665054,0.01995763169288832,0.29300327396687403,41.58463724065458,69.9660288901624,78476.85611649953,12633.225894429399,226149.40395378473,1058.803723466754,4668.938883889826,64590.91689661647
23.487881201472252,62387.470847181285,2794.5551344106675,4544.552647597151,0.06542682323664677,0.08385318441777753,34.31476611889536,81.83895906509953,777601.7158400319,12416.722968310305,261572.2571336932,13634.736626786613,3503.410549216632,30758.756281876795
18.867823237334164,85794.14028545609,1731.8736652760394,2365.007014464731,0.09292082999527199,0.08660966124673519,36.72691778813152,94.36970350136347,303215.3298535028,2633.6071767857984,171009.92168955313,2796.4810849885644,70215.30571292773,111261.44217064446
6.7517421285027375,205782.82557355746,4917.528332721245,4193.984389248887,0.009680692758138676,0.022312866360082156,15.265781756099294,54.64446401128501,58782.95630818091,5425.533612293396,30447.428354589403,5379.658669640971,23038.55223123621,133208.73139266728
6.389937561249306,141420.51367563725,2067.0696905485884,4061.2467282378143,0.02236853105880213,0.033569789598841326,9.479222316273908,69.43801131649995,66830.38273591522,4718.041396228529,438853.68135535467,8131.211792137625,52653.1012255529,16980.996155828376
17.316814372728537,60913.814637057636,2123.9504674859086,2917.906707466474,0.00816835944032662,0.27703931858348263,21.00655350653462,216.189688172454,219928.51597108677,3365.0032759246737,379492.47780842724,1214.731427821926,11584.5936115098,54166.04761362422
41.26257951600311,34580.97617195369,4340.3978988392755,1920.0264570056554,0.05840846999259897,0.5931706010438577,9.256255323365913,51.631317124613474,249525.2023090083,106218.12006031496,219437.48039628923,832.319005665291,121264.47500118217,199774.22015451186
8.635851948471808,90677.41524184315,2530.021021219907,3976.9611033029964,0.035921242025296646,0.1471579177521345,43.824043979810604,65.55741498223911,411783.4819246587,13693.210278961196,320892.109874284,14010.186902908985,172583.1104872378,42778.980157301085
18.69626483233436,26303.77611497114,3423.1349744714175,3531.4883771633836,0.03243336024935152,0.08683636702719454,37.65998634663836,157.86535597778996,87804.80470115376,9708.145692965452,561424.2848342175,341.44283366823754,25850.834152262498,51858.035578001
50.888537502597096,236517.49687318408,10579.762334895513,3251.6803826369637,0.01582333564265245,0.09158081367737665,63.789311322814314,50.316642806816816,230507.68720233682,15073.582484605306,77555.85128731007,1967.3992744951267,7346.421372427183,224252.23072928048
32.704217231614834,19655.424102750483,2964.1284982197326,3737.9064109482483,0.0546374605860998,0.01489516038042146,13.279315620034616,57.60135236893495,161009.33758797136,21142.833712363074,60461.287300719385,3746.658789151351,15432.874336743831,209471.3553378846
13.764288397620515,126809.20025765932,5842.809904805146,3404.3695496694418,0.3735780342255704,0.030178642203932134,21.408098297489072,73.87666272999465,391208.4126075805,30623.27914650493,697241.1402119881,18698.269436335286,95795.42638161342,84617.64678093929
12.736939573529542,45302.5747037394,8221.287865135599,5299.235520473683,0.1528547500440257,0.08901338900168766,11.561742168619233,207.4770560575971,105494.24034528599,24964.354076075964,63107.00713878053,11429.992572975978,4136.957337454201,42647.8621990527
9.644012253706755,47511.331717634,3134.9414192737463,1792.4568748100546,0.17170582764731623,0.01029087400263696,23.616119957269305,131.94290441633575,419327.15749920957,3675.7208983739642,335091.09175232134,1088.7127987141457,37282.78909723216,47503.21677207671
18.67122363628209,50756.42776590441,6347.381613473428,3902.517397985405,0.1079931127673423,0.04263922035082361,55.8943857213969,134.11350024297462,18920.613501701235,4080.0706279177884,115337.87026351212,11673.39433261481,19997.72920802269,97887.26390684592
16.597309700542198,67219.65969164393,2685.231210672832,8236.859420047458,0.9141357683832928,0.022228856961632636,23.83593658572556,48.48508657830647,25544.80306913486,15152.542133269706,12917.608891491729,9366.685527122207,5967.230605568782,189433.826439093
44.139466018105075,65377.96581562566,5317.112216633399,1992.2326127332904,0.1609240771775061,0.08576358665548603,38.45051194135607,78.94598947140067,168366.92158977254,1589.237013506957,293392.48042098095,9288.251422722147,2941.947211314851,22482.817453904023
5.658771683261279,131006.77850638052,7831.661740900897,2388.798809285449,0.07726795511400578,0.19472139073346323,32.15060378696483,34.32791727430463,95737.08290408617,22185.58847092079,387585.682288865,1286.9642709693596,9481.629287128677,65862.58287070315
21.40757683251764,76944.14649718441,4092.5466087343043,3081.756077534818,0.16715143173957964,0.04905253360126703,15.556819389399303,74.67064484414566,57455.12886312092,12545.940425354194,755447.538353625,3514.4571249986343,20251.95041469638,79650.25207344667
4.967550726724768,50238.772841289494,4820.00208322547,3847.0958441753223,0.058069983141473935,0.052826647712141454,8.946867286016145,67.02539089120023,176306.717156589,9873.47907866561,186652.7899962062,738.8314890703132,120208.97455261498,26420.757071145934
45.295089165154494,45145.00579416093,5802.842754138402,3892.0978658455597,0.01100387857851346,0.09250144884239143,40.9104599400438,136.64425765217158,172051.61582096742,21323.033512094193,235817.16986909925,2621.9414064494586,13154.726178268242,146062.3426026353
22.122557830484194,196784.4911264699,6993.362838520441,2193.950790840665,0.20855272058082994,0.03675051867686822,22.586552192328462,35.189471651864366,35361.953929503485,128760.50944493541,747721.182981791,1432.6148399407741,40946.95179868949,54017.60025453819
14.681364075680019,159981.17300205043,4367.479227614711,2475.8877571804874,0.041659517699580685,0.5627087527306678,84.5091930272422,121.94730341361684,350169.4032077463,17790.225442814175,248586.76534338453,349.55226141383383,11156.925900810635,49446.00464481838
51.44034637718359,39656.25984339035,2994.1096858637366,6125.467912025418,0.045120328877859814,0.044625555497266205,15.783855722772396,81.33980010502086,42141.59480885505,12439.866851991765,39687.33406148628,793.5333050678986,1956.9441368317976,53214.244028206405
34.71602395987134,66658.74614554903,1750.6865508696146,4208.085224199638,0.24843367538824895,0.028549794619940054,11.43524954167455,256.36437423944966,55614.23238525603,59164.39004548746,141692.45343871776,2669.8547609695684,3556.6009346419014,21755.96214989642
17.798271049167123,27768.89502563472,5735.657522127023,3589.0716775114224,0.1812427632734239,0.009235298189238288,52.60847865225846,60.11333513596635,396347.5838125569,48193.59658080796,936095.7699522936,5202.336895353258,6120.713871090934,13763.61913072084
14.176260725362457,20155.430808621393,4407.544690787776,3021.5968151288134,0.061486362655183875,0.03661950470063605,33.00496297774893,71.78372187341472,108690.69433790362,24160.838675440165,1941940.146020536,441.31278997331043,21249.869132501026,60202.00308635652
17.79926189297313,102185.54608648711,9616.284742364867,5629.574669853834,0.19494870281781215,0.19905649323562585,29.03658925658113,34.238396394337585,369781.0649019621,25596.46021262818,72825.90662178039,978.9303765150427,8189.772912721422,137352.9222101633
49.14008526001998,392386.16505099606,4225.515348849902,3111.8879007398978,0.08498219915313267,0.23935627916675825,29.141990378131187,154.95928825091343,45000.88629383114,359027.83346363076,539270.8955147489,512.1403123366738,27105.52167425279,29517.28119324095
40.75747549361385,70490.55696614226,1834.0275073748987,2482.1266109969088,0.1392567139852339,0.014675776860814687,13.837462832039089,65.24979047083932,94350.23864777415,8260.790301373894,146918.21475125782,868.9844704409263,1823.7148624052395,74852.76494833219
37.52851410411247,122391.62358315747,2923.512884399157,2822.7770054179578,0.13594950130158792,0.1564681419990639,20.63533722799183,134.27510842252323,62260.76830934435,52443.75939441578,17277.289743106365,2617.33784248195,36323.53150685547,66197.9637347504
50.023947526303196,129223.51488917801,3914.7799285750207,2839.8488537350377,0.22418356041834295,0.03613881369216579,20.109963166844107,152.09371801633748,28427.439867340054,26188.602523705507,413943.2275573053,2208.198663007042,45245.75597703191,193340.5571951695
47.360086191090744,425061.2504194399,5982.9993247827615,4173.1286170630765,0.09781515025777031,0.09277294213624329,39.18704342992101,78.16590644374608,114864.4778734021,30884.13482294103,241316.087445048,9041.69273251263,4680.274498748916,25756.864539552796
10.31835595853597,30245.281322509756,5144.711264952296,3528.3655799945186,0.17639064171880878,0.01856364814369912,28.492902859473272,131.5076189714947,60293.421152513736,9853.574367469078,64541.503719862696,6115.634906368644,4037.3273121682537,41472.99992300225
16.20732111698976,69681.20500900477,2516.5016639715504,3023.2946317543956,0.16855693576762162,0.02740086134384518,15.165282995302658,150.60294494927828,64182.67099630409,12731.911192745905,1619466.7481539538,2319.882609065623,139173.1132956698,82444.13591834206
28.29703130363461,174531.0359249351,1982.4082144229485,4188.087601896924,0.023046128895187423,0.08103698936277257,17.192478314114627,45.24989647945697,505414.4277243683,11061.76375859813,33247.95174281723,2739.0128417575183,57280.419627477255,54753.76448642083
8.71250410966371,73955.65474131037,2901.5574466027233,2489.9462332527146,0.031741175491521,0.011780732130265325,11.190189238201754,57.37237690229773,312094.4597408481,9020.117514614994,41276.43103834622,7784.997484139031,10100.91307368218,9798.933225175386
6.092839873786341,106065.35415342273,2709.1894186261316,3613.3069813747466,0.1563398779381249,0.05049446043920254,15.707276514030953,105.66398332521354,60654.656719998464,61275.44666609724,26249.28489543145,5276.8861296110035,40823.2246332793,109769.04393715499
10.246865457120405,87831.06122576067,2398.4769361893004,2250.187967506993,0.14571697577364048,0.22306288493921936,19.448294092143733,96.80367484826034,76139.99882717329,15395.906217939893,41841.78588019739,473.53708793977285,20308.19184921082,220060.62486543882
56.18784060702624,83703.29060637597,1654.5061682633975,2819.9220108440873,0.013953789154676209,0.045201769949413016,21.828185808317144,58.59012597500366,28251.67281250405,28855.279240282798,691553.8327130742,951.4943637828687,38008.767688233296,77415.84399767786
16.41118681165703,70684.69136220944,4432.566194952407,3148.786230969582,0.05421299327606825,0.00965688807969788,29.102520643947514,135.8216434156651,147220.09281929128,108163.04276347229,249684.72381186212,3870.8900232103742,28493.810971550207,118729.0591416053
25.008919780168718,54333.56506883014,3164.2408428138865,7668.290303593327,0.25242732021702186,0.04673691292038683,36.53752969988946,49.61722824323941,658260.6463148115,9155.497329049029,107982.92316629019,36038.34845165957,6344.688537643888,24162.527795071685
10.66445500295054,110788.68408898838,3410.5824442598428,4577.608200360455,0.03379454785470978,0.04644336492587551,16.3039275084133,67.26776648838847,128272.72808890374,6279.531049084917,100897.50581279676,4853.627668785546,44934.93559345643,121008.4283854481
15.529442184687577,65239.09817469503,4496.17933192105,3985.2978282598597,0.08966858125573465,0.055140637752788095,7.611991002070249,120.7392201364118,238198.78809192826,15591.815464224657,124974.28904026381,6656.629987465857,64311.13389124319,15920.874223609553
14.172929705899598,149575.06979495863,2641.501858811263,4694.116069935337,0.11646686814030946,0.0875340536157237,32.649586568443176,87.84730781097761,79911.84896511666,6563.985310182423,64740.14868560486,871.5363921320437,21389.090187459322,22025.278085568025
33.19415653145579,47096.85984351728,3660.740572305422,6487.303729906197,0.03590676499795697,0.067281077863067,50.339988706183085,31.412439312590962,94550.62206276476,14731.208106553066,56483.02646846378,1440.4701495613049,9561.073292177445,99017.47683239124
3.4918446736383655,106489.11844163148,3150.1023103127127,2284.6197492999004,0.06454605188874392,0.09301833682796999,33.460678694641345,71.03204640013229,62721.287120172776,11181.082675650649,101533.8120901131,4352.871963327169,4672.986341340766,93944.5513282226
32.9692035269972,34509.84477081243,6208.189861183823,1860.7211048621568,0.2502468137358148,0.23158942122266082,26.73356410451624,100.23227678903383,65203.54725360732,2005.7575201177342,98326.57995545029,7971.968877886064,15801.18345722128,131650.75765275804
39.089721129232956,33222.04855336119,2364.3674053327395,1423.5442993601541,0.032051333972241025,0.03743993639961254,10.919005501124401,271.117236260811,134770.60234720106,15741.750560492395,59604.241550339735,4565.976786665532,4992.394786737231,54201.082227968676
12.797603890721629,69333.74533807696,4270.103169586795,1543.424958811814,0.401665098122366,0.5972812176976543,11.603794769780004,115.7046413602049,147141.47809819083,4583.226175139889,34794.97494793772,3120.1183926028043,1863.4622074387432,44899.00102226594
31.89973352592978,44579.87345945316,2661.9546551215285,2737.4250485114067,0.08449260658307271,0.03231466841809857,20.29605608628088,216.56161503048125,485926.3024473303,24951.16261426185,128340.09682817153,2354.7289070281836,10039.488821572995,109037.4513943776
15.17427515637311,147141.8148649208,5548.227216486679,3590.6314200492234,0.42307413415617284,0.7048135520029823,72.28819566919283,311.57694164307543,330051.006575504,56861.66131067,99611.05674669222,6487.664205844307,27948.899476903,34051.967191914286
14.747255117963544,57181.227853599215,7771.4160879428855,3471.883796667176,0.041773696227148424,0.04992695422008286,43.171559345706676,161.2561816913995,190278.26432089633,2496.848754379369,73615.4098069536,5518.504712225232,81046.92491008471,46295.490823350985
16.710763671190072,32464.9343887056,2144.5017515760637,3738.4862797309097,0.05026404757689443,0.11586366450528937,17.43214628147024,80.04602582579959,460896.9127616355,8512.289830598635,188086.66336450537,3739.180644795784,2979.8979987457,86126.10286209005
43.305645350575254,172844.5515624581,2941.448666222521,3298.1060871704303,0.2738043335256559,0.30230875325449785,4.300507785533594,221.48282994017455,49758.904100313295,4947.6905558868375,14083.005890216438,2917.627210409979,7204.17236433483,43727.20636086023
13.193127992571494,171014.18936119892,2582.840279049827,2823.3556906833414,0.05885352462968789,0.5695551216455833,16.371054683174666,122.02638521463945,151537.64909453166,43440.67868484843,138607.90317701196,2765.136657259607,2866.3433363694026,58974.668701912
20.725615674580006,60734.24566823472,3633.9136656888536,2559.987723194077,0.046509147723477064,0.02140982058071768,10.90511673567282,55.407377868731835,35389.97334328354,56505.25333013162,12604.87448312996,30390.742276986613,3724.830736418938,38633.07462056345
32.12688423467025,44382.265291972406,1942.0554961637356,2176.0168350691615,0.08547326644636882,0.029115984540943732,5.480389872787016,60.25270939005125,174188.65111213937,29219.823301204127,25357.77008644497,4442.476967468816,35788.0012330367,60470.60896358784
13.56645786854234,26617.029520894797,3551.3729361551486,2912.4592840337637,0.15840191921650254,0.08934786341416201,8.259723696614133,260.52993920814106,289944.5134634413,9189.440583032254,38184.244822633766,5561.761148447149,8689.926617967138,18849.349202053734
6.2888574544093405,128173.63760792023,2393.4834904900144,2544.8565334145446,0.16061319015207146,0.11145720324891592,7.103777019855206,115.28362476095195,107299.1892124654,2507.437633309953,111273.03655410443,3876.734398788447,45437.261929423315,30749.37073056539
24.95725719137268,103928.6994489519,15734.699738687288,3373.92722050523,0.07396332360109835,0.4672724825230504,14.68978221970483,28.91251872309259,42606.59775471674,8819.474193620019,17712.90583947413,14349.960119138344,144818.77263361088,54492.22686155141
3.9717370585957785,338012.7626863049,1679.0745992022162,1727.6041629633316,0.04767741940728603,0.012629932133390614,12.864858108871577,215.9825939830838,17815.583239013216,16428.120526898663,21400.003174844485,2456.257320155989,30439.817893610085,28475.842767105496
10.518726782473944,77610.56585979293,4238.009756440576,2795.0881242679957,0.07656477761628533,0.03944449579212695,14.236825407124389,148.06683493278288,122004.52920950393,42049.31946413314,97841.19873481519,6053.506045353146,34994.511852570686,24465.396366340086
25.473326444582835,47577.764407001334,2091.346390956749,3140.0158654410056,0.006512309126143991,0.03700459786595116,8.950401292857368,283.06011744292283,58968.10005138818,13755.4392104169,104805.8900266065,3462.593395600256,2520.677604144974,85335.96440391667
13.296621438482315,129034.2637977809,3051.646515892671,3039.840300562384,0.31310219669625056,0.09207454445510509,50.34586541142917,50.935400784743415,64264.57533199511,10239.736460781043,53936.06514315108,2493.727058492941,547576.2236896853,136353.96490295653
14.73777932275057,276561.8744208522,2729.394415924549,2527.258730873641,0.015176245369250307,0.04086219193424801,30.57287917182822,39.52890800893334,36069.03292930086,115715.72346551159,573888.1715702189,7996.869583302167,30932.205166562635,21897.12267306709
26.574093344114914,83859.58884210748,4789.299997956189,2362.7770311388626,0.33138478257911896,0.30386970600993446,30.51670735044128,58.95595667220165,108583.25976089375,4513.325914675527,32863.55955901955,1037.1635514754948,348816.69574219565,51101.57299853111
13.078335364756018,32575.053949182402,2454.4355086926244,4264.541038019689,0.0754484258547752,0.038826066255996175,40.80798640135593,137.2950301965558,530078.1046903945,23810.159845690723,59261.383127708985,2939.7411153866087,24578.272678626952,119480.94618579505
30.90182418866894,33681.25069710221,4000.9375218841606,4331.872216500624,0.0531701395304765,0.0623410432069066,15.01211257836228,97.18066905970075,53837.46872897216,45834.232438829196,8473.718145192805,6254.290236660783,27797.776516174996,12485.511282756319
29.784610398902693,114583.37871879218,2302.3730122572424,3522.2319491545977,0.09980016727615697,0.17797472332854983,24.574422209155074,83.03700725205202,55199.54570070654,9884.068389928858,55102.29872609,1343.7605325317709,10505.425127654711,58555.34893898958
25.15619691089417,38346.14461383318,6957.602726540549,3708.4529758109124,0.03651588108890061,0.19934069077330713,15.313471920700687,192.56459702546755,61093.85595712946,12044.446968939852,415689.58920548216,27509.82778927175,23798.48268878362,110510.53317566244
9.410256031933695,220202.52546185625,6799.006027422196,4605.963577660715,0.08854068549081026,0.49397901404970584,9.501489640352617,114.68128384861048,178689.8010821064,169777.68378977504,11132.856563036934,7618.105809269627,45953.7821473996,176471.47557480537
30.567475269167442,95138.5142974533,3501.1926699836695,2659.076351780056,0.07437572755325311,0.08723469253202025,17.34857573966844,105.25739277042052,184138.28719962115,12161.441076635667,109871.55956010721,7760.460226343093,4907.117665326393,160904.26420589053
18.15365203352952,58590.90833050916,3542.5191227324017,3379.139861568505,0.014442461257894102,0.05302092696498414,36.195312859538774,61.01168650681813,426887.9059821833,4121.889256645117,60529.034691936475,1939.3564615028422,30740.510209087035,32494.115593388513
18.301336622688723,44883.14773794602,2585.776802021361,3059.0461710232694,0.42200265015777505,0.09309703681293886,8.166224235130043,68.50417272415143,365864.43945313926,105387.95915319685,16067.230839063544,1096.1695523153192,273990.4139071462,8374.155468271287
40.71954663914202,73526.25007342201,5333.084072697526,3179.383145713127,0.06391815717767065,0.24147207599588613,25.454909784113095,770.1492910198823,131434.80109103987,26136.17274367786,174843.25901918218,2152.16798347122,9764.551653965085,13853.811019035315
33.65978207161282,83548.49107114076,2143.85299215681,5410.9971933053575,0.042913039979606014,0.01964127652905397,27.218907626375834,106.3675885863164,404902.8924379376,18036.833828068833,5284.258797771533,4914.255844015317,20496.559442734353,50927.89874130871
64.08392028889097,46343.84822516554,3992.097426439804,4098.198930728219,0.01817731147551355,0.12821826694786598,26.73956673879886,78.70861667350172,98617.48111808085,28727.055560357763,178668.2810356731,2807.085197598534,21831.60774622609,20944.26944855745
31.56821818603849,171778.57730237112,7829.300955738742,3026.1278175464513,0.13400508751885226,0.0974372302513493,4.882653981939626,127.29022462037412,66750.67618502716,3868.6683305419356,93104.64688796455,2202.1447023149317,22026.051218630142,108289.70755900291
16.111134596178854,93318.76131696861,3455.55043974338,3024.2106672395735,0.10078724737092298,0.07325577957988044,28.496427769707758,44.56364396602887,62827.53692648324,18110.725981586496,505223.2322077918,1226.622281734334,61523.03528146538,25735.492789225813
4.192027273535591,278760.11807038216,9481.451697943769,2934.809111630234,0.24527165091728878,0.02296206184650466,28.55373682289575,80.05335777147835,40018.8427073751,105571.34224762871,61227.87468697501,4243.715402240148,13092.249655447942,39648.95928475731
6.4049997043923526,112382.55204704634,3780.8379064655596,3073.192334172661,0.10282777645563196,0.1756821130731643,33.86003535402288,82.32828984047481,134760.51904605769,19961.071346362212,63396.6546147872,12754.194158734372,26704.415749799286,75135.06384492964
20.874155323589136,40465.81090669786,2637.6990783656684,5181.0986980921525,0.0517008916731089,0.3129260054408482,32.978649997279106,76.95441070359679,177363.7064866753,8735.919819373996,1177263.489996885,2805.044848159631,105420.3097229755,84345.84867531771
18.58738872632774,98694.91490238381,1633.8820212425335,2391.33318125376,0.023861716824409657,0.06456847369707908,26.827425768955095,174.52195839834812,45947.889602729774,44652.874564208054,88651.64657537788,2820.935403753041,47684.39741888576,62497.901430233826
55.817112600514335,172861.7177400412,4008.636968233341,3276.500984940997,0.06716079078642502,0.07644729782811654,40.15429060577856,78.5057855682294,180553.6780735082,67457.27934483849,23797.18552738074,1086.2202434856017,7559.788669113097,66423.22322855811
7.805738504747705,104634.25695986723,3575.616178829507,2441.9383826805474,0.0747020342995805,0.05096061386683991,9.664468933520613,66.72095415493084,30686.758331399287,64244.135803084435,39111.32534022774,19867.786437246417,55183.62868557449,31060.502908614777
22.9374382631974,90417.1410972313,6219.239860604056,4434.985054448919,0.10086093375135384,0.004483386317466705,22.241363629517625,55.6244563902755,85474.01969058001,7262.043203403098,85320.52788883993,7873.297312140653,8449.642688380536,13483.711634147914
10.177855771672379,33034.81841211907,1892.357503820308,3477.590261551335,0.23891417287710912,0.5537253229980633,14.941717729397116,218.1535521134053,511515.48654381535,30318.113064122495,107613.68476658648,13048.792648044551,1712.5404278914802,54024.21815482239
22.530941234009322,367088.22998061863,4982.399180147499,4039.7965088957685,0.10005890965575799,0.21073613096692312,23.978083946728805,127.16677277329809,337518.6358567266,50258.16891676623,30354.134468148983,4578.375065333176,11881.160038744638,116516.4280945551
63.36165858720953,43017.707424540706,2270.477649151303,2937.3671489942813,0.06336297159215419,0.014552389293037666,10.579953753442032,73.93568016294748,50027.213963929804,8975.97283974273,208093.93960684724,1033.5725676374404,62290.583848227114,70270.0143232929
43.16292279665335,212905.36597722143,3027.071505756357,2747.8201174803376,0.012955671569408378,0.022253248688783547,5.344187863559024,250.3314839778392,466148.96193409583,137229.53574910705,28870.03055490166,3979.0017559260436,88917.0677478753,7686.725598974497
30.997563212648778,100674.53146034261,3435.9558753349124,3151.4494794961615,0.057896169038119796,0.06977575889201675,40.084545129385766,70.55520444511704,122378.13057267686,15447.1090133318,70423.32572823395,13411.30850552187,351043.007279794,45562.270124857096
39.666435326841075,22722.167562848328,3036.607885351456,3634.970575684005,0.03795114948155912,0.050873964695573794,12.027315865771605,160.30778344980558,345629.7040953687,3665.621211070965,449296.29216648976,805.7605391310717,32459.565760819332,97928.03971876476
20.748348069913536,60586.804690472956,3810.204337227729,3689.5665483311295,0.046199327557509995,0.09278444255459314,27.396545299993903,87.30515780500002,51529.270416029634,39382.99623956874,59496.17637846653,6415.421308036504,65604.48537458337,35623.737373009295
24.967474103844683,177476.77304069948,3286.536519309105,2582.5259356209717,0.039979044961232175,0.07831135601280158,4.558437624452628,277.33324184001583,296875.48307133425,45114.01936985452,661647.1164820449,2564.3292335741785,12189.904776647576,102610.05483140922
34.86912001547389,118474.64456809501,4585.333271512836,1694.0787710752286,0.14553673605616518,0.1948231876338268,38.076090373269736,192.26209795805553,56624.97112180921,14955.229071301594,213555.88878784404,33406.818211835154,22503.539925397643,38847.81157254513
15.220033983993615,84278.92237246872,3433.3813175695072,1945.4491190200945,0.0986615231252761,0.015696142255331644,17.20284813605812,157.8680714887545,110969.23226635411,35925.31643260255,34839.58912304321,5141.839643028444,48875.4553591018,28330.503606913717
24.04935215808792,116171.00275453202,2516.9112689628146,3630.8052431031333,0.3391414268132402,0.10202305142605086,33.17916651155814,66.41197242641536,178327.84209904063,5549.072052216754,82765.9968652388,5891.767327024973,23613.029196858388,139834.23962226755
23.431326673298987,62735.25584915951,2970.9928272478633,4922.334191470492,0.1929890227605383,0.08594739708843112,32.300684444136586,57.67638059015249,116203.39593831923,12700.19727711322,464647.83366728533,2738.5530540480504,6785.090367659468,61276.33180150365
14.13824117890098,43447.09588827055,4260.869061198669,3656.037361323993,0.09561473791701132,0.1117466887061543,10.120550776953506,99.34934502389092,331274.27195995074,19169.480410372493,561883.707305256,3348.575713218497,43020.006411028735,145760.87850820876
54.3541456136126,63586.33671266199,3893.8060241557355,4556.562828632344,0.1071141424579423,0.09113407319041282,14.744604778526616,162.18003855180422,207873.29147647473,6545.247134530602,2274922.506027214,2067.630506620497,7316.575088993102,7842.525266803099
5.670634244898702,52090.6730847017,2579.6212574812043,2983.44540726825,0.039921709161876005,0.11184195383969558,37.66314681672353,105.18701202014111,264208.87334391015,35711.35983614202,2834956.360181615,8129.008896307317,4474.16555911119,23808.38567988761
6.7053232777292315,32988.40899475212,4631.615606416575,2910.2988754135886,0.025082531869439588,0.14219083675890318,8.888648336561905,78.2108790138451,265223.29004688136,13080.176948044342,43583.70438090671,3628.194494401297,6092.656214320521,13887.702894325386
15.891928803466387,117939.2582273879,4769.310054475303,2865.01099103475,0.18270994266571222,0.014835224489092297,2.966766567505702,177.11010782806684,85604.95898969373,29226.5394491087,52193.00409126836,5541.045700997155,24559.260385596106,24764.574847420063
8.36862902291182,37584.771731706816,2821.0027837932043,1239.67848625226,0.1370945274888777,0.010413490931219087,22.33321709834396,101.33559301736703,114762.95762855468,68253.03029766362,927351.6076075699,2120.22370570913,517.9126956646235,145768.60278480098
14.744808356186512,31179.14740969138,1155.1970741692498,2265.9910100383636,0.039827279633195115,0.04795892429430634,18.504703296157228,84.08870267331649,103311.53915245873,66953.9487037865,27031.033620042257,461.66394206042037,10605.861755167272,50191.349203814316
13.247009439620427,196029.9097085351,2287.769997386835,1714.5705998450435,0.1064197426599571,0.010299712160549077,17.029661199257017,168.538015156739,32046.972014286363,19112.446327705642,48196.197721021425,1630.812533614838,56074.454590929134,149851.0885105849
10.574462390619972,66161.85549193005,4647.961264849342,2322.3341429556203,0.04596218626684213,0.047409078159880304,29.526711590357078,94.14441066972817,71804.95747438494,5126.618942444391,167425.87511467945,2890.2680540240317,11143.461476510636,206959.09112941724
44.422575904197835,329533.75719328196,5071.451132978488,1642.6277913715294,0.010521709336540057,0.017412335491627975,17.143224843695034,78.50284672934579,352852.5996455862,5346.132048939175,40605.018659732435,188.95554732223545,3959.1203049533815,63271.0473118404
14.829035335733765,64925.49940687231,2667.114559050315,3818.7818492007386,0.05928884903755902,0.01297208092664876,18.15401269543221,189.0875416503463,202751.08133240414,23335.40411313295,1628497.9126836625,46103.090021739576,4962.97105524992,123549.46548928111
33.56141165017212,34808.18416668447,16848.75888152492,2469.039421534793,0.07896765325548595,0.02317503089608884,28.667351242571172,117.8364488319151,638574.6021683768,16689.208463331164,134100.54631288454,2654.9891430868897,8398.40045140361,32842.48127446589
34.875111883501916,102535.90994920199,4478.445136247354,2848.204946989527,0.041056854513905984,0.03843352493857207,29.60354890605649,118.4068308336502,215154.544752495,10498.059097616284,139659.4607353012,1750.2158016164444,1670.7743230565231,9461.009582756811
32.06161018277765,129280.00019074527,1842.5367824408572,5254.93822024794,0.02751543293030735,0.03237083437473809,10.82717622964287,58.37948095209536,220828.96622449992,18192.52400993154,5796.221631346398,3055.6640336713244,3525.870549349996,76472.08968733616
54.754201811199955,48006.79983182495,2619.9615165347764,3329.4242578390827,0.021856215489984464,0.03218162301202432,15.085495331894766,100.61355084442735,211342.22092702857,1378.8896563309452,7137.793461437504,2584.8461070316766,3868.0750548907818,121015.64661227062
52.22892224993055,233172.41658261247,5280.216447316297,4435.756491820672,0.04679998158816919,0.10789642932582284,22.45571064216619,122.58441513776945,69994.93930079379,176266.06725225036,56360.94825553441,4488.468631533067,213141.07041031265,57827.827226396505
13.990167833352743,65863.05808830765,4037.2407796899424,3331.190539642359,0.04898047750805898,0.06010753908638046,21.228429704393545,66.13001762731213,191823.45174869135,97772.61288408258,403332.3420385565,1718.9874803197752,2590.8889439009604,73696.69672620336
28.11599171347959,43232.81697028523,2023.22561252674,3194.0881039398096,0.3689133776484586,0.19611029350474835,45.54652594797493,162.19186265342424,123012.67261719175,7499.499814320661,72715.69585124742,7002.819605431001,9946.684967640562,31697.162857100186
17.216731945964515,115645.98995044662,5433.166347616945,3474.7580009958892,0.04251607284667807,0.37342972561468324,23.424630332608274,183.02036353732333,195892.86407594784,19809.25571640297,304754.9413629138,1241.2243834591202,35270.87248209939,147438.49635554207
8.018624636634124,49104.209776214186,1580.2715282361155,2696.1577574984467,0.027482046948550585,0.05627301281869374,74.97813645955395,101.29153199775382,151002.65681871015,11221.324925663032,68296.31666246956,686.3181582341847,18467.958855335717,47253.561373708486
23.492777455598695,119951.80825620296,2440.1001942725115,3375.977903305944,0.1646764543526586,0.03994594701186044,14.448504572688831,149.42738853560326,490396.530818607,97909.60067273072,13753.455931376255,2533.4082432557184,10014.590285956983,58206.02154658974
29.846978126961844,56893.103613676205,3080.125233669282,2560.781242325535,0.6180547680711371,0.03204227183472289,34.64058291616573,95.61374400013611,63565.03235650193,34005.43947228545,11064.701267217759,6397.96832387272,146282.92164590905,6752.3248817010335
15.274210126704526,161863.29102763,2715.295931672592,2654.2756485728255,0.17370022864303486,0.04732303960354724,23.827224364434397,84.95815172706183,206271.99062042177,3013.3604591819394,133646.97539220518,9611.044619677245,18635.7938834522,50013.35387476904
10.464052299275286,64444.842058047165,3688.404801756273,3492.2578458204835,0.02279938193293823,0.09828913192721053,22.449346925010047,100.64803313263056,176126.13740565965,20604.340407769516,40678.67631399219,1440.8329543799164,216351.57554055733,13274.693488138266
28.462602980605674,119240.81057008328,2681.4584814775403,3655.809501416444,0.07771242261167123,0.09967465151213403,28.502449694559807,58.16917757939956,57913.891137167535,60457.58841853645,36490.583508604774,2861.414069220634,13372.422759771463,87790.84331225745
97.94167135816474,31282.179753034878,4043.4525079928485,3885.5114487276537,0.12282095135839516,0.04200008271286512,73.59687434511665,73.2053504221716,108866.98285383134,9239.653200165507,36309.00154588747,5493.108076928386,16806.44214377698,55372.58080177824
26.850820837397364,36629.57489050569,1840.5297067175663,2375.7804304924352,0.025405725262120996,0.1438147450861954,24.11749740754841,42.45225317032752,133193.20797339705,38078.98517048484,550984.9762793328,2550.1814686493085,7553.677810127401,106069.67831454409
10.569225616389827,31303.233043852164,3232.197722719741,2683.25614383869,0.052025052692764855,0.10242986128905684,12.639723988069308,105.87595723544547,89172.17466078412,19690.303143307476,322762.9636405038,10578.524671627774,3728.5885132541002,124662.12494559622
60.52349840048886,54125.78535350702,2948.4009558784524,3804.9308977460328,0.1544131694528467,0.06246078849642366,38.83107692991053,82.12216693502033,331476.545028989,93416.74343341381,425657.8205183407,4211.709188109467,7047.308500399254,103804.15307805655
37.71699050016649,47511.2336788016,2742.7299496030646,2597.3650397141278,0.06600235643511469,0.2265867700913747,6.670268592940171,43.06570146719268,103514.10961891475,20883.444683238165,21485.33147955132,1198.1842525356894,70331.34567764342,49891.62603579345
12.288678922523365,46306.982285539074,1479.3221117725843,2281.07389227852,0.14455179974891494,0.03613800594935026,31.468188036595546,183.3894592694686,49736.44575458618,20467.76876929576,31445.21422369091,7347.491522405222,17402.979594511395,213877.9101613155
16.72593121176,53120.369056904216,2775.65660696912,3355.6337323694106,0.012663130608009597,0.06304490286938866,10.311386941133291,77.74798777758731,58118.96791243867,2886.349438724695,309041.6023530583,4279.956272444633,454.4053299903631,32856.91763582745
12.984796526128754,98805.42324509674,4559.167708667605,2467.7426954554876,0.07862661048348904,0.11036891530665853,6.515980889679557,51.62274730698444,75817.69916689904,41193.94945464543,29354.176883283886,15421.830111757197,65027.569082402275,111924.8995594082
50.36809686441465,31748.711825793926,6335.934380565091,5917.652927192279,0.17135589919774874,0.035573865415817356,46.82508310902347,101.58327474563598,398784.80503502634,11056.264827500267,168218.0382748238,439.66728641404626,62988.11075098214,253486.05142634254
32.974151375167054,90719.53600941578,3629.5233729458246,2649.051631648489,0.14253552346554524,0.18323372109342392,11.240513365741522,191.64210249489213,418730.0326344177,74263.3951209911,19483.651026050942,1678.9877134248418,111550.54085235127,48488.64614963952
4.2122262578856295,82650.63737488945,3505.97034037244,2771.5044891072503,0.08077488399227106,0.07915448985322562,14.04281218644706,82.2667005037181,230666.58032123797,24371.087315320496,18446.811984101216,22124.820665899133,1574.170730265908,52931.652246834885
7.5016623992722264,100627.1672092703,4496.208649946982,4982.347494571134,0.017442686352555206,0.13433714361579485,64.1538727465527,123.76408251359136,46412.16753245236,26962.059446184558,88239.05498071735,1060.973490815322,14636.19587150567,77624.27322337967
21.291807228739643,34004.86909721317,2849.049093367671,2458.169862154596,0.05798686145467028,0.07961260737627493,12.230805789853699,180.2474639235903,371551.00042565196,7172.189607279612,322990.8410898999,1220.5578322684512,36356.9875406811,128605.12361487476
17.249105604312547,78375.92681831581,2290.824234120446,3453.235642246693,0.20244091343767148,0.0878987968026396,44.40543542052829,81.77961049976025,48736.12104850504,23937.956638130847,68566.86879352026,9962.939955631979,41552.08220435349,72189.0477712408
54.596203322216525,161166.6913109724,2301.8793629332995,2457.545306993177,0.15589097690710685,0.1355611914301001,29.272733479098886,163.45325593984893,43204.70092081554,67911.84425115742,108162.29760559916,2194.1545646094323,9741.992515417416,82774.76201211303
19.178081667254283,148612.85785365323,3423.852130514571,5169.319267718922,0.13569385324753394,0.0732478023112431,92.77379558817007,115.733607602946,389977.10990428267,41964.10971360004,197601.8425595642,3033.1554638843577,14171.783617933599,158784.8563881173
14.669978856687035,32238.286817130334,4065.0168856865503,2580.78893557616,0.1380351756815798,0.01903763134717444,12.257603105508828,42.79487698766442,36767.151989403654,14920.695819229692,87602.4247359821,10091.07137748926,92791.20905633537,35493.601732961346
31.904751964363733,93822.11454560819,2708.878077532305,3381.205690355955,0.047369463190018585,0.04426167116306625,22.544946429940666,230.26621765977282,51713.1023853065,4070.439958832838,15237.50262537579,660.9367303597602,117388.94339927979,33360.58761034972
7.308933619554044,56541.659141512195,2453.04442703333,3156.977274248137,0.26482496806075545,0.04829515455439872,15.103816790544618,163.19097741450886,61346.92623541404,27230.43466049816,693259.990135651,6128.868510689965,11885.569569741376,25917.83024942977
11.177977124130667,59300.70355671929,6873.099627996484,2958.0450189344638,0.2214118751112554,0.20471339150538095,14.679714964283695,128.65434665298073,188270.83977836592,14736.936165172954,442754.6195507966,15423.501413536935,95167.85935406349,134939.07392211692
11.537112180314306,92038.28104055837,2891.2610215673444,2370.3840361317243,0.14851481871670102,0.02257712248287327,5.832983705732447,74.22140529305298,354510.54299652774,6103.4481952268425,91167.56988041502,16105.57224432053,18009.771777218888,101969.1712697798
4.636534557550765,114913.31651824116,6656.833192225239,3388.487715541539,0.08824959507286012,0.09934544608367352,2.42750234684882,59.49429107104025,75754.15003898951,211715.22822855308,1003445.4980660132,2053.384621885945,171241.69178556334,71348.23861751851
32.79888453486413,97252.39676890023,2572.454174088026,1735.6386765478499,0.02619012945228938,0.01585368116070933,9.685981280404103,96.58782251180286,100130.55551850474,16253.815321676795,82064.32239649272,317.05797893084747,28111.374597048558,38983.10628637082
44.67177302922573,60357.89006513363,1684.3476369549085,1896.9065120351631,0.28642159259818845,0.006700992129734327,49.61204032011939,76.97139754913115,281485.1545691823,18891.92166135769,308442.68822202046,2225.8068773230943,12222.92521334444,93116.16144840833
17.85623047018619,118629.16510751826,6024.262033871383,2231.1775252286516,0.07625768161874676,0.11619592002276244,50.048087261588755,69.36758809396353,418939.4526591082,5588.9986878009,94848.112073122,3411.9955457404044,3930.0399953516917,47764.20416405375
10.069159688195295,87115.68834171857,3950.3336385454036,2103.1933384399267,0.12207097843683502,0.052706695454856484,29.398441159396572,65.62814323326378,262674.5541329014,52807.18711898376,76273.91528418037,9121.48361853528,4243.169994771537,18292.036342931122
11.55671434970805,105872.22574733668,1519.1919107814983,2424.929468727516,0.056407306162849606,0.015749589698990808,13.0182243364855,29.031483836964867,84687.32593118625,9798.945582607512,115371.19581299821,18569.836451344072,22855.149243694937,207779.47435487492
13.973763634531428,76116.78550143377,3842.6884333627595,2465.358062792782,0.025612300865255844,0.028046106065165197,15.553980148487318,98.74900167880624,98288.63653418448,165761.40073715211,38890.95344701143,984.1030296448494,28727.887156849436,53559.96271920993
19.930320500002846,327888.95920423104,9974.638133939507,4547.39056673697,0.13349713508338082,0.2589078897184832,4.788296659532577,177.0959437841595,139780.14722060654,147106.72289185415,187057.7157867555,13569.312798006236,14695.85898555186,24633.439108359828
24.035069993571298,37817.02876952397,2605.6571333881775,3414.9589035167237,0.012467791253747983,0.46056088945011064,50.35969527754729,51.55077535878814,120820.00796903015,12854.981249807352,61001.96163262934,1496.1761302908767,37549.85456816571,221309.90577249925
18.64695132094113,31419.852621164922,6481.615489072959,2251.5824094920063,0.045417624524623945,0.24832912725552253,4.712603413221255,84.22379438890158,308005.388374548,9898.044812006474,289447.6870295872,9946.316733855054,485099.6396469213,43390.53172266637
20.839525590178084,34462.63064675791,4601.399751969736,4039.253524404236,0.05192798519249956,0.04885558882436208,32.35417828972393,90.89850192604165,42165.25545410053,17837.65338493579,8178.990491441391,2783.572268491382,11004.552880797239,44922.136204627044
5.624792887227838,144772.29863332762,3278.263063869766,5971.819560461068,0.04099431757925036,0.017355242390177425,8.689770887850882,57.38906882936955,74689.85621881722,5590.130334723389,94326.39143700764,2357.0825141555933,11183.367415685661,198765.99449532828
18.13560035748099,40533.642947550135,2814.3425850917088,3097.769482811996,0.05134076762129926,0.22466155980624727,19.18833045526614,170.60103453024524,137567.9944416424,8180.0266742303875,452038.3067149644,2702.393095037278,23530.245056207845,29363.529019459475
7.625286846432508,204147.5374013337,3253.0206825006185,3143.7363194311865,0.05556256673451726,0.16105833348205018,28.917064779055522,119.46745942373627,40343.07673037106,37822.9046627942,100563.49758399591,36399.93417567807,1253.9094688655462,52642.14614484855
36.25566843191392,48665.000239667585,2223.967692340067,2354.6065949070153,0.036058901027328366,0.09413494320796106,3.200363065975065,59.53850605201762,320861.45734036615,19179.68336727189,275577.6403063118,2576.4054482542847,6365.634779133607,118129.33998807665
8.399482270412516,47009.041612252906,5606.57360810054,4945.479899698206,0.0750748318758418,0.06256464492330754,18.454800943136526,77.32139781484713,284724.5704034781,6395.437771801038,51549.50946899477,2673.347467884182,6249.936233494841,102728.66367469555
42.64325906286274,47620.18350216482,4059.5268648336914,2496.8238081852232,0.1477152073798629,0.03746602992320776,15.161660222441618,129.19619965193573,144676.5685715408,45626.19135527905,36761.40947185595,27020.02143879047,40653.79263646137,39359.84015384032
35.21821730144787,39061.56018083486,2192.3395810345464,3204.037820297217,0.022956713235064163,0.09238059661796341,48.5342283808776,106.89359970203331,278957.74538282794,3642.883810926155,135847.58662421774,4071.1590709762895,464757.384846041,37149.04621211598
11.460604651365003,89728.198598944,2962.2035526568534,2183.8376369825883,0.01943694055554131,0.036433027657755794,41.20579353647139,44.26190394926599,171088.39694496844,108280.13107718142,62429.536524218594,3079.372611293019,17228.34866496408,7619.216724257529
27.78141444425234,32399.74019734411,2907.982456123269,3980.2403986052122,0.06795256874115019,0.1060439436887321,16.59914922306603,58.411482511982584,229598.4033777216,21100.866447447122,163488.31932291872,913.6655921175549,66145.43278657703,9328.752161602177
92.47642346123871,50874.21946507753,2176.2732510123005,3083.05788252232,0.048430444114640384,0.14007586537949554,4.502919389522721,197.46376988934696,90249.7699405994,8828.497190549204,58244.66301386265,2205.2308207896667,6907.840317566462,55802.90344760067
21.90897213664762,28298.297555547208,4790.700641291974,3323.318570001688,0.4453376530172448,0.0986422587363441,17.827721520087255,58.34680006155928,41544.4134156794,34246.71065791227,227869.9238214491,1395.7352226676924,7471.454152743684,40605.05354017777
35.58896258655578,139981.19704452757,5856.455215025261,2468.597672081559,0.07683179445802892,0.0484497634948179,13.960522725883669,164.2506477754826,89088.45458348171,7504.766282701444,73459.15608222975,1556.2217050973904,6902.942373667912,34403.92204517541
26.108111502174697,94627.71757201951,1223.1015077034779,4563.210140400665,0.1003720702387103,0.0566868735097178,19.005086648733815,74.02681473088003,156891.93001854207,8302.584509291737,85040.35321469116,5686.573627829383,3233.811609986266,8406.846620334594
21.122099996362977,20435.487751874996,2636.3052486370866,2648.7151234890584,0.03254811878192785,0.032484606178200474,30.633962715240326,85.94685907571521,130134.3257238399,66753.44859207678,249237.40775386177,1522.7199832961808,33413.23209430125,76225.13135329624
69.0609063166393,36451.57114634148,3714.0825424537425,3789.7363019964064,0.9070325473944251,0.23100873446542367,38.54842113018064,97.72476293593333,90748.7308432153,32688.433656685203,10897.186583126339,1890.633544134635,17236.18935118508,31176.39203185548
20.827097493506415,90644.04667743864,2297.353663704047,2180.0656901024577,0.26719104288891105,0.9147172655135793,35.83104362384736,82.62558324701523,184125.93307567554,49200.93803471105,121902.60201555894,1186.0361430884695,29332.502347953825,20346.068539585496
7.778358947264842,85441.19748679019,1708.3717964175205,3706.2872653700365,0.11813129890120416,0.09316680443254224,8.331275653987998,157.05060643885292,39543.51636801978,15516.289780922934,707941.9224735218,4927.253642166863,52321.99710502493,5984.115680968812
32.880116502508756,161941.8979450978,3985.492270308089,2172.4050273102025,0.3291671495124109,0.040339008186728635,19.105518309856475,71.38767081899138,260717.19713343782,7625.519185168637,126387.15201951262,6541.999161899092,14829.50642885589,157736.29840216442
23.265540109567194,73034.40803768451,2939.773567638899,2717.5621785060634,0.01653541692214722,0.23879823963781457,74.10566013680318,127.53822198203866,101373.98150220959,9967.463224352072,108873.06570216695,9610.489815795643,22303.446607160164,13929.33808212419
10.663310085853668,120198.10166160212,3664.963152159809,2748.6401591139443,0.028935800711064937,0.09340370675650518,27.28503665171639,46.000269314175966,128232.29162349878,23520.040367952766,198860.65851869516,2162.3220294523708,3931.811971825,13053.724100766287
8.139749951960159,26686.70967392217,7632.070112758541,3555.242900406935,0.09566243063777446,0.31642110403141077,15.954912858682002,153.81091116519138,54044.69679438893,25954.141935127613,26898.668924869053,7208.624673028841,224957.26925690056,20972.344369984112
42.89437439230875,25711.690695792568,3369.2927023595466,5347.9212949095445,0.09397783635489293,0.0984600228677823,6.05934669621449,123.97223961458488,263300.31383634807,32212.625119994143,67711.43384979758,8968.569138715697,11249.218393729348,39839.56548238871
13.284049751845044,77699.09997494005,4569.637025468856,1954.3882096572677,0.02550334062806764,0.15900100419501895,36.61572459360177,96.1960951205124,141638.4494916793,52535.190031225364,133972.54229427152,5291.132082677301,24372.61756267192,237264.2934288008
3.9947040668123868,82315.99931261833,2424.6845325650847,2851.9495799658885,0.3262865800258941,0.0418430715652863,12.459837332592873,197.30394153507177,132394.89644725213,6729.582830587605,36813.24475725721,2768.476116264793,14900.403800630307,17624.282467460045
15.375193572534993,39318.12637578804,9194.302200576409,5437.279483142606,0.059434042772722344,0.045155504703130976,29.74896480590686,60.58783367726511,96475.49380450542,3215.9863877142648,40784.31444799913,2194.8759013098143,4913.021366056819,113884.98727063632
81.07181934561464,151237.0415214888,4062.0975190456293,2379.9865438629213,0.07835011776828534,0.02388943018509833,66.2089113308465,143.65379982062626,139981.85296830346,46183.68602755432,17070.46913827095,606.1539053816392,2139.761858311802,56885.24188948519
29.629560948808958,88110.69476438077,2313.5231971258127,2428.8968113005567,0.05515140184793178,0.018467378432945172,26.967855842383344,67.05673455220055,171414.5478443659,8826.109103760919,183528.4036640809,10766.821305485224,19854.35590252134,270665.98383742163
23.881128806130718,63849.140563226516,3599.0270749179926,2221.9375844147203,0.06517079242501181,0.13216957932664178,12.863071508969215,96.98828255772122,505460.22389439424,21033.14860465122,430590.8001253733,10961.256162724858,99542.50388516161,110071.42098656933
23.97088560047806,256316.36702754337,2572.803599082095,2956.5771105804743,0.33762359158671684,0.025587234925711536,53.65031419879589,211.36874068460702,105336.88179388797,13930.502067582544,205495.01216687067,1623.3227207684026,2293.7323590161936,41902.61470423618
4.207647069141848,104440.43677819514,2661.165697180301,3567.1286348420563,0.02407205194331781,0.19060898296160003,36.10306852061192,221.5646731421804,39373.32658777789,162675.7047346516,67135.39574554536,3475.554185685604,47376.191507788,23048.273899435728
16.620817036217062,74118.6434050138,3209.9585180211334,2131.151150607638,0.01804155722576561,0.054692158399457125,15.618529952372798,64.46216412817975,207532.2846568089,3629.054975147858,57730.48034612569,7014.048502154058,18835.724747629025,57888.55603160974
17.106637237427037,33882.28141233046,3530.5125409462053,2698.596257801769,0.022337795082977518,0.29167978402160827,66.43324156713184,139.8979688549569,80042.26887934693,92301.86187783896,1305403.6231394631,7700.066871967729,4028.8444380058027,201434.48515094112
53.65912508058042,50419.04840193882,2747.3971672777184,3507.068212103792,0.13705022980646148,0.05061680848005056,12.658025679293528,39.072995679164784,82423.96567116705,23204.334148907023,244780.44452324562,1157.09202877419,19958.020589402597,127926.68677513242
10.810146150981756,86497.13919061734,2302.5806378556185,2467.9980372098107,0.11363465147011707,0.05583666109727297,31.5790429016527,74.39099101996362,505372.4903966217,31097.033419105675,10616.991703118754,1996.9358508513417,4968.329934041427,165439.01872751935
12.582890319756864,125055.63776179963,3170.060517754876,3675.42134858368,0.604219890878859,0.0402337286044007,43.33992386100589,112.77789958608903,585679.6597454522,43244.112818447604,92989.44036219906,1478.7410996374388,67123.2633897868,33301.746425474674
20.569502721578736,31234.15401250708,4855.729503461262,2967.3260819542757,0.027311701248678266,0.026401049357417685,43.11816531022409,92.22057582739593,93825.83420626132,37345.30529630909,300751.7483117199,2792.9365701130564,275523.42210323183,117390.1026138792
25.730444417583545,32161.61272587107,2789.133370884753,3878.402911240521,0.03249873634664024,0.04639827451116552,18.398570721120212,77.16364619485127,88017.10590729039,31921.84923279057,934137.968069591,3359.0478905286886,7599.482084485825,57427.02371793617
31.76930210364946,30387.818946035804,2229.630456246474,2578.395339336314,0.3422829684854062,0.01935261303809732,31.97100024076974,113.62675546509608,347190.72393341473,6214.841905191314,21445.21110799381,1307.7221959354194,18996.775760008863,93818.922672362
40.40957534095676,79636.69115784463,3807.9946928455574,2204.137280449804,0.029686968662399504,0.2593543045943226,13.645235702583735,132.54929822218128,277580.52733917715,90683.32036926021,242965.9121894425,1877.6435937417027,4103.801610173775,40608.01842378933
10.856296320314378,19366.846646389477,5611.2394860749155,1987.2138048354009,0.04830956369129018,0.021715268274646538,27.36096626884745,39.01129603621592,188765.05844833486,25415.057453256304,967785.1787015636,4123.6637564812645,715.9832214609745,156422.75619766675
2.419841948559472,45605.405097088056,3292.7541194643663,2106.920123622537,0.025157148641389043,0.04444516270519686,21.125427511207604,110.24105970302804,339581.3729863813,10502.212097580967,290380.0776539972,2000.9666211624606,320651.2161139959,48528.29511262078
25.70527195377182,35360.07264654909,4279.047868197005,2972.7738508574557,0.01280328892734825,0.04234312223579695,10.558602483180648,79.32566185543891,136981.46954200984,22548.918889263347,160129.64840067647,2736.0465622461297,37565.300732429016,79805.74145591144
40.675248593801534,70627.39043931411,2861.8534059665,4096.066426090116,0.03791129800674716,0.08012947483537333,9.817769562078489,61.91188589975165,164831.4383385014,13315.751259695084,89065.67736588465,7912.385511330649,12934.058071772679,36755.57824750316
15.354181394392077,168895.80767741063,2508.1645806829097,2065.801640006682,0.06403714952490613,0.03144847777451843,71.78373541954345,187.48079516868407,410411.31576018466,3557.8346861991386,526995.6567898223,5760.57204021649,1809.1976416794246,15847.612790743682
18.275186835237037,181109.03865528078,5108.107039621587,2131.7990713959407,0.011706160310333828,0.021114573817076286,38.73078224923166,157.5094728988039,106083.7825205903,3904.649235111434,245992.63417516396,2537.589364527707,4342.95689564946,42660.722694511875
8.959731266742326,48653.05564311388,4484.941563991638,2132.6247916510592,0.019853812488104194,0.014575629628882238,20.173919426261325,137.01973654886314,202415.86564461046,7267.780900490237,3866460.9685097802,49176.028577324796,19472.033577621667,30412.89463668554
13.469548376833696,85135.82208754656,4014.4953368401652,3034.495950217917,0.060052778937742086,0.16127248575128028,29.952590696346334,106.25899664159132,206203.2738519681,3506.4593221070136,99590.00202270181,2558.391645762577,19825.098281058166,16934.160537838172
17.559323494180315,55113.299176472014,4910.277583521364,3331.0695299549025,0.023364554692960816,0.0200796370359377,15.90275047262282,199.87518339738327,153973.95471169628,1264.8038862966334,122099.12335955734,7940.214023622552,26377.43282440005,15827.421810065478
16.694803195699322,43222.96933940047,3744.962174128666,2607.349022313141,0.025977112954437054,0.0619230280507997,26.76903386724093,49.509841370775405,340776.5327805822,9519.868103538027,559891.8948492437,17054.019703103626,3247.1834029014412,106489.54005678496
26.48887211086355,179993.07613789378,3572.265020362194,3718.6806686417513,0.14947293382929164,0.04517797140502044,14.59298456377832,60.162904554267904,103169.461335101,16825.481776875124,195592.02824325368,6852.08903959741,35312.86412927023,34810.238329505395
10.506665485559889,83584.84812536181,3414.5145900155626,2132.7330837933223,0.07061610621553299,0.29400325931835486,8.04714997406213,32.14999565482582,908723.0798334558,1990.5848547390344,105960.07248186716,849.9934634880175,9506.328487369594,7627.137053638261
7.398196805607769,30872.944146160695,5362.690644674817,2499.2648334666114,0.0676370371386228,0.019221666429966987,51.57153345804681,186.03997999265013,19165.54106638216,7877.767848719454,256675.76077376382,8110.137367575088,117374.05050016723,71561.86443582957
6.7732552791146174,129493.1809557964,5151.498731282031,4174.205689712919,0.11539960142534897,0.22540960937261192,34.61767463039949,160.64301388841295,248917.60096443116,7407.36152367634,68508.13153708357,1445.0371277123215,2319.711121715491,60633.50589207914
24.800128731694187,22392.11276500502,1239.674465393443,1836.0537258324423,0.1340893072317156,0.02366308697695626,14.973456561219756,562.0348245206275,178733.50704756696,13190.355849754498,276846.4544050351,1856.4894888234894,3663.7218657505755,49968.3598850336
4.753883724927858,18451.826965145345,3203.520620851475,5219.040800414873,0.015444023381229844,0.09499139879728925,41.14371602086836,123.2524196425754,296755.71301082167,24378.424820300595,575676.2496914535,742.2148986768358,6637.898881629991,39711.19725597342
21.730044398449927,82542.76194272196,2835.3432399707976,2517.460514876188,0.08587729379115333,0.06988874574799178,55.353575784863466,180.9840522895804,486647.52221190406,37554.94030991291,6535.4155398176645,25900.29407104244,29332.732267302676,48093.657321127874
19.594688913571414,24580.505879046945,5106.443943604248,2934.865325395216,0.07888154865297133,0.10611751313576347,34.827811968198986,307.8601690126732,69897.18969893486,7214.491336231182,130703.54408190194,2286.5779065343368,7884.597215893472,20284.026822890668
98.60383096361906,136144.71054148546,1606.55400557143,3414.438064230115,0.08326004744236086,0.0576727521091736,20.128772755481958,105.9247601318115,195712.2940735012,87526.33461267898,53129.62322842235,6520.5235416191135,2779.6070250460343,68465.16757143116
24.159831359911884,60712.10267302637,5528.595627936625,2213.225824930322,0.13953729112224647,0.05226264908371504,58.469033958038025,50.67846119000276,426076.6719159361,7673.87813283912,31263.444355107724,23436.223088125935,14032.073812406008,46525.32112004786
79.76477714282008,125147.08444927729,3916.667556913163,3256.3035874987345,0.03058214572974526,0.05207495468754214,49.694962583666204,142.4138182235455,214049.21642613062,18321.15498272225,533751.8814219863,9596.938661905197,72611.46281222295,54483.47118611946
22.045443163687946,46760.27750314474,2678.5623397352306,5072.278940011439,0.25199530610311854,0.03918795290070188,11.922885642629172,75.4776307051248,595889.6869107652,12117.247187993438,42004.550305970115,1943.7630735136074,3099.18795136625,64258.543305919215
9.34827671588616,112615.4199659504,4520.737580690742,2656.2562168760614,0.024315074429828876,0.012772827936149643,6.337203311844703,90.91259893353484,636235.0337720248,22473.873341255858,316899.3697760459,1286.059629310146,57751.655994426765,41478.79386884392
45.775324334127134,80356.42292636767,5319.811564025163,2597.010329060563,0.13174961435667676,0.10614984295361933,14.294296738847692,183.6236203131769,456267.6755300078,115260.78987819847,14579.601876649429,3951.7674180602044,42020.436825561475,56136.792332146004
21.056389413454905,158611.1753401295,3359.8261409979086,2380.1178032138555,0.01675150931757694,0.01568468633614156,20.17723677022618,172.43273189270687,195605.8317423405,44308.660859278585,353366.5572033674,2080.4233399104855,5593.757857135417,62016.16920048134
46.38898400720144,275855.94413095457,5607.9751645669285,2748.363716828685,0.07905477842995803,0.03664276883811763,9.852506196232,118.7083825846498,37156.07411568813,55244.04560554424,201534.1717683226,4369.828412312933,23595.665599790624,59841.87669353202
26.082847890054314,149590.44871599207,5808.33385913087,5191.247717115348,0.0905086142460595,0.03607580936145092,68.81257542860618,86.76833776598244,238843.8611438982,16876.070432859928,279285.4817602081,12353.9560016581,31099.75289729515,68389.38659416631
27.189399063143366,77437.36152026207,3547.1870395754154,3349.737783989406,0.03912120551192979,0.008150998792260769,4.918457738012454,241.1263341246499,28682.535514268053,16126.447920286555,451083.7281401626,6243.92922600604,16764.205245749014,21926.430291225046
14.750695089987705,73081.50978315886,2299.92595976265,3340.8999135772387,0.06305721319828071,0.13094734347301873,29.986824568880984,234.99857963339994,50859.631652130105,14147.900836213308,39910.89950682993,2112.09265838681,7227.467221775382,84566.2822010517
46.1455369779607,108669.18778554273,3914.816036998439,3979.3164506422663,0.015479745429722734,0.0686484026878801,155.72228933046568,171.6445312475368,71728.97684720045,26873.633609637312,522593.5706537512,29154.390409494503,70414.46283575984,59410.61653143096
22.694885014919812,61690.781687593975,3135.7629820705206,2828.8617181564427,0.06514503644656097,0.13220609008869724,37.8303358565966,41.4513585036193,118497.80577454144,19951.725183498966,31267.573309613286,2176.2047647048275,21841.15585841751,269297.9154967603
5.449002681075176,122169.94426908482,4148.348498902116,2887.4431931257523,0.051455933043296966,0.09985092723782259,21.276682826066747,159.87104422538965,146722.14544721515,28272.811753117425,13369.21215380969,6557.635147511553,9383.471687085077,199561.35538325418
25.15490817885041,58779.22962149272,2243.5234189120474,2264.1300621038945,0.019320859596561695,0.06956588842982812,14.254898134476349,103.73937959832784,156540.59782451257,4425.955498842775,87572.46916027181,1813.1754004513855,147957.85915836744,13642.156980167647
44.16223985454296,56833.90119774808,2804.6667214072713,3539.0270048029356,0.07376037635921322,0.015340566633831473,14.474689657713423,54.35240721366188,123889.2569786787,59305.64211576373,41998.4504594618,6500.433058716068,5764.830768937762,11298.017861243936
20.81674470448345,112359.85554491795,3514.265970576855,1926.6043485499938,0.08690205446338287,0.1997376673269421,15.250154392636643,135.64187855692055,636989.8364970012,3493.0474318158335,17283.927749741335,13697.64852748722,11329.284305715659,91219.26771836706
8.21724527042006,125004.12348381494,1376.6073095745792,2887.612959704063,0.13843201169589844,0.07463192039907998,14.656464751523176,94.71575803614152,131214.27960304523,44429.063172920454,88845.35111959849,2255.162701861344,5356.641931340019,30717.996435764806
48.5283328303827,69483.19375263568,8288.898734115457,5541.410832941804,0.43275916147306026,0.1597620767089914,25.094553293668454,112.53714027088138,74284.01011609008,54395.78654063761,657377.5800013191,2753.509179855726,5646.161820208442,10436.943082461643
4.90086369031632,70077.78475315699,2328.630999433575,3240.437706382226,0.02761508640977693,0.3218140581610603,30.758337151395136,86.04909460162253,471377.4517746382,10269.200890126624,50156.64848195902,4279.664820963093,17417.30899247453,71156.45575546398
89.28437890005412,46478.987575427396,4532.069197172919,2478.756954828973,0.13809198792132388,0.04188239745979582,201.4571243637074,136.79764467736993,43552.04753202518,3566.736249831789,129795.96610849182,18734.793070807005,40510.08038271968,32329.230793644154
9.275722976566016,76445.32499920974,3243.572046314621,2191.2927732874878,0.04876244914584329,0.08897549733203783,8.034264267625122,214.1945034802065,78600.34351363599,11861.414983187697,589603.37990305,19717.352512316753,33186.312884493884,17607.827453618425
7.068584993484672,155553.01331546454,1911.4818429086529,3151.803282527108,0.026150363152381662,0.14727024126159335,9.38810410701652,55.255322991818126,205849.86719289533,13643.000536342899,807255.4014720801,4980.988335357171,8869.921040344954,166926.52053538893
12.224130106575728,159255.83730649462,2862.2739510974234,3333.2963692433327,0.08173294751705529,0.011308216602421163,32.74050112754973,153.575146934828,767315.566892294,21691.979443056174,333752.4933115675,6926.854839922032,10800.42540770706,102254.87666992651
9.481960299757757,48181.46144210667,1948.314492847645,1896.1354502497813,0.1805127751742836,0.026815379486267377,40.344765158701954,44.81667761088205,113414.55423629005,8393.963692077063,170026.34713286633,3674.5326314006943,24144.65974295219,65755.03768283746
24.24337433011336,44322.43967610886,3448.2133094465967,2821.514081817334,0.11150084658920088,0.10003049829567276,14.10290201500678,113.3021965452415,105434.29446628025,54001.25532240841,190315.4977084838,2692.79931066225,7299.869299024773,60623.10767071256
10.585806464674649,67430.42661547622,3663.421975996059,2233.3178094780956,0.041126766322878934,0.004684163447240685,21.423836703446952,61.34331487077947,114563.35799751467,6919.090055027671,88866.7111668803,2177.9055900285957,54563.936209726424,53024.364728477514
11.587922108547982,81860.56297049091,3043.223131740994,3237.7777935903746,0.20749992465412342,0.05801776479856392,27.067925044740285,195.7505734242563,26251.47701731192,9864.163518811201,1941812.939507935,4016.104644587238,60068.72608709816,70596.6062296812
44.40157069219991,96441.39802632428,1366.8487804032718,2201.9931098901916,0.04387126736077397,0.0679660906143291,16.813139828797482,44.75351324693953,172111.86970049865,31058.375433396584,283943.75489494915,1993.5106567886835,7704.126011135411,53268.686196559036
48.67347172780928,54183.3673173338,13258.93885843089,2881.11675000014,0.028433920182474426,0.15455371829998038,14.983141233997559,121.93140941226746,119124.65801142647,27647.710105526512,199916.08112079377,1202.5336902768292,12813.524759737189,36083.75870197533
4.136590039915177,75749.52640641396,3216.6360567480933,2739.127252178042,0.005888056725022523,0.029259011477162422,8.453944712821063,79.10792384986497,24351.651838690363,3833.0506016478485,881532.2821323319,5224.846425753635,16482.612257190547,170972.55782106257
44.84540198170571,29846.55639029836,3459.630726256728,4087.730095364426,0.0696578085067798,0.06773575683492083,4.080274016035776,46.16951995967803,157595.13263088404,3311.6809858558295,74259.78148133654,2437.3918503202503,4262.388866639379,11908.761616963393
17.554790873932774,44949.20435203512,2374.155403820025,2391.769857274377,0.0872025151511518,0.09498043018533603,28.067742493040967,180.191057277228,176639.81705921475,45047.91695262199,266900.2613576725,6340.493865362314,72426.11849050185,43996.56732522453
16.601686001223495,80064.56328704355,2233.1236290888833,4067.407759480772,0.0336068657706481,0.01846366779060994,18.50106277544086,81.44328005104835,65174.835188998375,12486.850232788223,45588.963225360516,3229.621801902817,137729.53247209816,84229.956769649
15.180318434960405,52705.1552267805,2918.375359608293,3863.9092362971487,0.17418896618903826,0.05247858522638651,22.076083875755472,68.12175559645227,85665.08843388554,7276.5187843903805,407202.4014561115,1473.2918185032897,108952.08128407967,121433.36501602642
37.43243210391335,82401.92171635994,1881.5734386483407,2761.86213856473,0.07739052262741007,0.04361177399874671,18.08431631126664,158.55014396291566,145176.27344848245,21435.01298449728,247212.9375942435,9305.03647928828,5587.317584159012,28827.49648539467
3.046567234487214,88301.31204849278,3084.6044056718097,3314.8653684344126,0.10239912287053407,0.02265618223522924,12.834582148108932,335.127253710085,122431.77657339824,40636.70739403857,218221.25874590073,14415.516769335793,18127.780695881822,13122.893074544303
30.66043319631615,82328.0344328349,5459.111246737141,3899.099711093997,0.04321953819604234,0.22715102652194272,33.59598570828704,56.43727028478156,254385.69509622295,27692.352567654638,41193.38170382755,2079.765418728226,73214.44959804212,33448.82301987533
40.940300136252205,220326.96493778116,3259.0096698414973,2858.664935817534,0.0761683247374785,0.2746931366575461,29.942728267066776,26.748655986407897,159954.62323968502,29016.518983543956,45229.30815463083,859.815681508197,78371.23886451864,233750.8164659744
6.291769094937931,35704.42882385482,4671.5667590913845,5561.31567527118,0.031291964599159935,0.07629332812725381,44.290376593160055,230.53271853228546,102662.3323857356,2171.4728101625155,275091.6466781297,20221.429207271533,50773.019790809005,170990.45743663327
13.255001591303532,70989.4751623413,4271.994609020541,1874.642429819445,0.026067757910035794,0.052285832060478155,19.466761758542493,91.85315138291023,47476.651479452266,6445.538015299431,6819854.802298012,4575.920503420698,40615.66336797122,6591.323503039741
57.920579063326166,39129.41425101814,2823.754763346868,5516.498410714651,0.03434682720367808,0.021754549521469067,16.611763823776933,65.53140391126703,368144.593170097,13907.139379287984,60239.853216335614,489.287158087632,9633.476131247819,29430.74137637761
19.668610738657588,28738.43249195148,2924.100047088177,2059.8818528642137,0.0892624381575437,0.04601530723924925,23.751521349155194,64.1536690623666,589477.9282647948,63458.30962799381,1429435.4116126606,2744.4521681971664,1534.1170342387557,40405.977154578395
18.534994474580728,136093.62393326685,2216.884128452207,4035.293169877862,0.022702262536203263,0.0291058738138711,43.49281269776488,125.11756645729714,420446.88730553887,50557.74155200592,165448.04790987118,8704.412577951854,30419.103796088475,116659.98138850914
31.21555983835163,104368.99697783434,6209.697834180593,3267.367498985946,0.08458332831960916,0.11222603561610847,9.68913952269533,116.5522191258329,439511.2550601962,21711.68904396302,278748.0601398336,1665.5052304016283,12342.355330190112,51491.42507441918
6.664610583446317,81358.0827588194,1816.389327459551,3668.3507107389923,0.024871260853414654,0.12095572308662551,59.68071357822358,146.83311639838888,440698.9699279714,17992.54206695694,22993.209315402542,10256.931767397295,9355.175874977722,36733.09843970603
32.898356441020475,68571.88854752833,3660.1321808181206,2946.085710672193,0.08722447710441901,0.12692301192785058,27.83106449639057,153.23324595879413,682362.3969122984,15459.067026320843,14312.967859941851,4926.550951005675,4632.202497648303,34646.96478549392
42.52672008575458,39931.829121956296,6217.4119363577465,3406.0780768184545,0.048453175552998794,0.032376020734599255,42.540758727912824,95.34930586500788,117176.55503910121,43570.80001042976,124488.09964008225,3747.250898701453,9445.033956253834,56496.73251867057
34.69797667132682,72531.11806699022,4694.600815570906,3754.549662600331,0.023046198081544157,0.23648309590330174,17.51040495563774,147.15959783424898,57465.45535303622,40179.73466558422,172423.9109123467,6508.923150146897,3623.544400355866,40685.30488713278
24.32675459109584,84516.80789562946,3139.9511267415974,2153.6261705080633,0.04902647095711456,0.0771874054382008,26.146704816751033,113.53833057293035,61140.149783379646,223526.28560944757,17758.264163953565,11804.22472597998,4321.0741138525345,129361.81023018586
9.852538336975556,77442.21683343762,1566.2218550579614,3289.028363145055,0.0467710889172425,0.040895705902103716,63.55899010967779,135.53103927098354,109424.97675305959,15910.674585338427,214362.25497860232,2678.673449065931,167894.66796531068,43910.82974509167
18.44374413129674,60145.77987826786,2825.9720396026573,2952.6178343435963,0.2122037340137848,0.07554274141068898,46.8963814335848,274.3159901464435,52225.255438373075,8201.44061182508,146351.140877504,9226.063667938028,27330.196429586642,143400.0069153923
33.339208415818135,98325.14720004311,5030.345990463545,1669.887919562986,0.03362339425421514,0.04244428110437996,48.30550327728334,122.26346993720678,256285.34338377122,12003.165588281487,2901646.2812924418,4310.8231446100535,22269.359451392924,36342.255985168806
19.639233137665407,47130.70344672615,3836.406959531874,3064.518197011118,0.5376195791244807,0.19204425223329794,56.02916103522977,152.74393526712467,43027.15677180068,2524.3030816035725,248677.9517562848,5217.993081507241,82747.80442895417,40918.426257346684
13.680318473015086,26902.082297881498,2147.726134451383,3157.818750958496,0.04020070337214241,0.06648814795253474,46.75076528553116,79.59896256678148,233303.2225056513,2702.710856097612,19131.13367220021,1995.9958687181615,4904.730863339884,56165.78437397919
31.73498749726283,102054.33895316352,4765.105020468102,2533.0112787479325,0.111585567272625,0.01996956086807695,17.91289657998665,172.39496953150058,48576.03925832053,3532.8667597980507,307140.39535543765,468.15619042916444,10742.48494811664,107658.18288787281
15.561370206023637,35432.717697273474,3273.317430478988,3494.7809269696004,0.17234843028137323,0.12170919468536191,22.63358251108135,38.35783963829565,82550.62520220764,8637.273208477003,455450.0488617099,1675.824953778068,28466.457305172924,57742.733867221985
5.201497876116147,43365.74463088056,5795.005407191865,2200.027737095796,0.02124132966379473,0.0583279913521087,81.21177417702465,35.401392366603076,239104.95872177233,15134.604150576268,82057.21431270441,4329.745434020388,41448.10024489284,26881.27297952827
17.626986669291302,75066.53739494148,4804.16136075799,3542.758153745512,0.014070255779016239,0.013751761626319386,57.73288580442863,71.67446020047282,218757.7177440807,5091.0998488772975,834464.8690169767,2010.6372266547075,25475.683609616855,13318.292851097205
12.843191660539658,116114.30497083801,2923.9341810476285,4073.6028968678897,0.01724191171454823,0.05714982866234265,9.994958375961941,42.031611827752116,205120.50102201445,26928.983506868677,12612.729720838912,1194.1983794062598,11175.46767309789,78445.58435015031
13.500405607150725,89553.2174283748,1964.7090353883275,3774.113791294492,0.1806273040313721,0.05298860809896986,14.202844709965477,174.12367256762275,74853.51926953818,71848.6351359644,130364.70847705423,3306.2181137355396,24109.424670656816,86306.3932203332
38.390946367338024,161493.93554750286,3537.4805461611436,2864.140720669296,0.12133337621657374,0.031278802166779654,2.9242467523571505,143.99139044399791,67880.42577859182,87921.78450602794,65434.65437680028,17677.775656173373,56041.58448577211,231775.61331118064
53.09860337530744,85205.41289069784,3602.6846935949848,2081.07557519781,0.038453493777190186,0.11382386449067036,7.693746196910194,257.0677335900751,151841.7195378669,53769.01737242736,183249.95273528434,5612.852305726606,33590.40603064088,14566.540441998206
14.93669509751638,119386.30910626079,5918.108795537939,2398.02211564648,0.032437433289024674,0.09008107042058708,19.966058508150386,43.054387462475944,86726.20042541248,53440.952856609816,24340.93569348789,5539.977468149372,31764.74898141554,20716.93155381516
28.616877923415895,30330.596434975978,5350.39667618255,2657.925633764116,0.08915040394678218,0.03824770457800887,25.912933893463872,156.29238426607083,81583.77372100772,55763.966032003715,1081787.1752976412,10769.510638682277,47026.430519065194,82817.8769673892
43.69641558359977,32386.70807632055,4230.645059521396,3675.7639611550744,0.12707910794627447,0.025078008839859226,24.07073881149084,192.21469193747177,118018.53313625682,66293.41663415088,252350.78699696818,6944.5146650379675,11438.344230186765,63534.64522579732
45.66029982264843,34051.313823536075,2716.9033209993418,2706.698173027898,0.01560936168106698,0.08066749293354651,13.293573990113467,76.0548898780141,81149.14451607563,8305.182391364313,56965.23804778124,1449.3102376002848,19620.23827674464,94317.7765434836
7.854893475066035,178997.5980692075,4077.3595866602122,4821.51870104508,0.07712602272446673,0.05510815874935799,49.462812033395764,82.86443248047655,55673.2943601531,23500.20676985613,18564.540354401914,2893.4813103117463,27654.44053405335,37555.34990109763
26.262625665919092,93624.06274766763,1680.991573278985,2422.464941624887,0.04220008049082131,0.0594290311536931,18.939322342360615,50.92271543702576,506297.3417156179,12022.795824859828,22272.96354888455,4886.590153343854,7098.195315938365,62380.98646271312
29.37474359987718,49405.83869620899,4788.278618771684,3186.151643089363,0.17044434060214364,0.05189275835172011,20.310956858977086,137.41730739468062,161462.21694847159,5796.192695350936,62402.49614613025,4977.736474952072,24415.17023916423,35240.620142934284
22.113858907929004,134971.38707565668,3265.174848428749,4064.0033503109207,0.02774099307872078,0.11937579993702342,49.540679063409264,325.60106345599445,79140.57678926807,32931.02756447509,46045.69822812454,11412.733569326461,9545.914575777882,17717.43385112529
36.32914086160029,216858.8749014575,3262.8572196034957,2380.736741451044,0.40853571107842773,0.09853403232427782,11.468669691416194,249.04032079477992,602317.5225007804,20507.618721585684,274936.4216169818,3074.4251516347817,30640.066843109562,15422.092761338918
6.072416303609628,156747.70564674767,2374.825340295519,2993.8425007309593,0.035168267844840895,0.26741891859487604,7.155942178034666,72.12154168221487,326983.2789029403,10608.131419206285,33883.553614986726,5581.881760352528,18761.640784539104,16568.273667032743
15.830941807462747,45992.63699647891,11585.525370702002,3516.1650872784235,0.06563041720747917,0.06081603999839267,7.216866150101713,287.39529734486007,75499.80734864563,6283.660663336299,133847.51138103293,21717.24230922257,2987.6792211643024,42612.46282750558
57.93309591226067,93566.35529931437,3967.965787080608,2839.0108612642825,0.4342517413897308,0.049545810585967416,11.988434597571842,221.88613512886488,176086.78923090542,18804.412979662487,227519.0224562033,3231.918082744946,20232.872279365143,7810.110614416773
36.74609781558144,86283.88287238406,2470.6892140362347,3054.234742734194,0.05429453777381204,0.02468787847312652,27.112794244221714,137.96898621593482,651137.1728478621,13506.070317068537,156469.18550090212,2275.3604974861328,10467.938361402075,17130.169282247767
14.050331590366863,93574.30140803492,1701.2865494171583,3994.042754277275,0.18686488385133582,0.04739186987413509,3.613061062682529,58.39436198511542,152616.71824346783,39964.79026785352,62785.34499019477,9153.47029258207,7769.230749420681,21123.383769675234
15.012605424278073,71915.69160294908,5070.84473301316,4418.521664683961,0.0648005232651279,0.038882870341613085,31.513010516028192,33.78551719567235,172415.26516982977,5476.824001044094,434662.14233485615,4527.195020955493,9336.355665309717,30532.739038392796
46.050964388552735,34462.40399696009,7046.4185359141275,2506.740957779275,0.3408252139414817,0.21662078218641873,12.202922915826102,38.807809648237175,56807.025086828406,19401.169988785532,467038.24429844425,1713.8772214392352,3990.968959574337,13819.284911566772
9.517381740781987,63193.846861753,2065.400619645444,3475.469357640655,0.026861654181063215,0.185762161156812,47.25341682954941,173.47843880228655,19609.529447004512,86980.66279230616,542204.8950376374,828.4283792576289,4176.802066568453,12057.697572303476
53.33059079967716,52738.152597996566,6018.578436619826,2795.3893218890253,0.028195002355385156,0.3015529490080275,66.2478172218785,130.30149799031201,190246.71881009542,10876.431922642021,92421.99261621699,6374.807995961422,33741.249090492274,20391.132220103147
14.931207748963581,122472.23851523294,2146.9422898958333,2952.998186090993,0.03205014258386021,0.02888314404954473,9.996516287021644,255.60136539962087,129691.79594798003,5516.24362505702,44923.5147291835,3413.5339861109724,68800.25346270895,41700.10794664118
17.44364690361593,73169.9628284967,2417.384787362474,3162.3803874001446,0.023811541274927676,0.04903355697658625,31.930299518186455,94.69189052385134,63498.59050506089,16538.490987022997,91623.76707952803,1185.5166883853651,20546.439856280205,17001.425206669057
14.411792854900106,47825.312052639194,2093.6739164884475,3749.048651759709,0.047735088988626766,0.11630585830563211,22.669078530764,114.46141873983109,83211.23957973905,156017.11656592626,298333.4027683419,2975.0268255402907,22351.57367721873,208513.41254983036
40.12502467706901,64036.99115724652,2720.2078619182425,2926.8628806231745,0.10053295833622748,0.10734950034393474,84.55284905450635,61.33688610615693,62554.4191327134,49179.46526689044,500686.9164040258,3354.9976823578127,204497.2021890702,16941.983114335762
50.48836951703833,85873.14090439008,6599.076185344743,2642.0600210877433,0.05257188979040767,0.05257703093186672,51.59917762766697,52.85621019262212,82306.18914462523,92385.13344765332,66994.5236984062,6296.708683676171,184582.6259591502,46622.904378470696
14.613243090352755,187312.18860355482,2674.4305352831498,3367.230385151989,0.06938953439824803,0.0928571384804467,12.51430459595064,45.73275119478695,179852.5832593923,35470.56966964299,10120.275449634228,7878.171024890337,7261.2254637567985,136032.7355138506
7.258495692700617,45716.80380599513,6818.719029144924,1922.129727902343,0.08941186602567117,0.02699086348748443,7.762774711468843,105.78513605516345,358267.7386980059,71442.51421128259,272884.59863470256,450.4829065225328,34458.569070550664,77388.13698793558
24.31615475764763,55995.57800296399,3188.4976140006847,4899.718941095891,0.022728692931805704,0.11798686707331206,27.81378049992157,103.63175482538243,646800.6925471692,73172.37304738942,601010.7513923318,13734.705762216923,3533.797529152075,12939.152012831837
8.355782513820778,67311.64697589923,2895.955948128431,3276.352049057714,0.023546254473425184,0.01788458495321833,52.91481229514768,144.4018187648249,84770.45294664564,9440.507621617942,52101.36360922252,2294.3198209945026,21355.56330412723,79081.67666759163
21.621781794591318,512229.7196238619,3049.8692390532633,3883.7033837269105,0.03629741068906125,0.095386711574908,64.66397701930825,54.9412102575302,297586.2306373098,49564.530679548036,122258.37413465414,2599.9193436592154,35713.96259492061,93237.26824162234
22.565687565018184,101204.85380766184,3867.4533394114487,4248.592997564003,0.1325814769224608,0.051072141937384394,6.049916532933413,34.52110821603795,121311.50165299345,23220.024010263347,28764.24443654026,896.3800624255293,9750.330195176257,138170.4905677928
10.402915420037074,65150.83981700956,5654.419411840811,3845.817005871178,0.037539773228171716,0.08314647644270501,76.69345880921115,102.48840493892715,94154.24321251371,193864.90469753568,143585.20746049518,3457.325515172541,10099.952945734822,141530.57634615153
42.43394301168815,38619.977227419615,3151.081897410673,4248.710883139455,0.09166935508212368,0.1836428074744691,5.606088839896218,56.9040154833573,357604.90460532415,20584.00733052507,192906.34651965852,5716.878724808881,6073.356926627227,21972.601039507277
59.70666896005095,176529.5786529812,2977.016100105737,5061.088271847131,0.02452402926611041,0.04285184787706685,83.52321558649425,125.37342290117779,349808.91858889617,146234.5586179122,16140.795676983582,4290.021526466538,158790.62909850743,39124.932715707306
14.254361099567008,142626.37696965522,3977.719506891842,2608.626666457149,0.23342324790255117,0.30339620035937953,44.91480716596392,49.39338774601581,32253.763121165954,124734.98542896945,230518.93649938056,2938.152667372762,1898.1494458595746,15543.013260478998
13.084847422186874,33687.42889895203,3770.442651783487,3997.7737078038176,0.18788805360381974,0.058360927552483705,26.328094458747024,216.20917308620275,129276.23215819465,26424.78852792283,29708.219894847614,6507.751844858008,58329.88403393797,82466.49169771193
24.880311015165333,90584.03097366488,5259.564840082236,3815.969984564419,0.1839176473495899,0.04986100388087473,36.2804589968227,111.96203276660745,181860.96856403252,57614.78767935563,1759833.0563410574,3586.8282603961466,21278.30394494643,56203.9749637246
8.109469353080133,35042.14957724047,2718.4905804792793,2166.7524891292032,0.005055790580098576,0.03458751287511693,24.066020065135056,65.1602612429526,350488.56279440795,73678.19206221121,204297.68269952887,14505.619967827772,29631.20111341841,51172.15044373835
25.71629901024958,98480.01973648732,2162.9527422556557,2688.543885948801,0.21005639651887525,0.10820211849233421,4.7619398375388675,175.4381511941213,854202.3352598747,32887.17379378007,46526.22032999809,3829.2438395955814,20621.387770712376,22400.101913249848
11.760024079046795,93285.59806794091,6665.210348834015,2646.2497774316444,0.11379868254975149,0.23012238031798155,14.456202627687976,104.38224268947849,496571.67781446036,16741.39207180542,32701.193976691997,4454.090839454758,352683.9785383811,20177.24479271756
14.470842187344077,118063.65244914382,3804.842887350075,1721.2111885480197,0.09210837053987042,0.13124196607229605,7.843958619677769,309.5375625858551,147812.89613451844,16181.701245652393,396762.9645308525,4743.2613712989705,56797.68867919755,16809.08090853487
61.65729927262411,61726.320565735885,2618.838699398175,2371.3020550628667,0.12633080490118878,0.08052695520637497,7.366203894970458,62.79662149329206,76404.02380949422,10229.739521203637,64532.926392915906,50090.112213439395,17607.070338195488,138754.94546934293
12.756980286440562,70277.95009526427,3295.329426287893,1551.9492946352852,0.09071076943822991,0.09519131184313209,11.2097036994436,135.33415313221298,215025.55522971414,23244.31288702141,84625.8062209001,5525.51803276991,38752.84881860531,210466.17422978216
17.23618753165551,54652.36061695491,4106.949423082277,3125.62642984075,0.039095127806418856,0.04903170004678702,33.33123176417295,45.55471201036366,101734.93908522821,18294.84225746427,223791.73848991614,19648.363021400834,19285.409892727406,102765.95877771982
13.891991953321256,73557.71080621396,4349.4937695438175,4848.769404821035,0.1278334573019131,0.0667901598936145,25.612667882518235,76.87693017937373,57668.24064030775,15496.916285579919,82972.83912733909,3332.652620906576,10784.304504264019,159440.61041350066
17.266148056605015,51360.74334123386,2957.1921801551152,2724.426076746513,0.02756783876921851,0.5215989821161794,46.72744835934546,58.94989466240259,96806.84199940754,6151.136168477465,25719.02150823617,4767.677578430723,25017.930372550327,90297.46807313684
31.66355953894056,77716.36961197098,4692.654955418178,2232.9629339307794,0.10136328817886223,0.08033089634792648,10.44016971299148,142.35684850385638,90431.82686064507,23550.486792030806,59518.523668787486,1420.483514477072,64051.71296262711,141687.6843422926
7.086282376434338,84204.8608456874,4711.12363255315,1946.6996344637073,0.02333253838458221,0.10386068448550523,7.425942509534294,150.20197621471482,144957.4364024082,10127.028804557605,62340.197779434566,24860.42336072123,43180.96499937327,267642.16306324315
58.81239916457014,150261.84071565967,4149.288301611499,2984.3512902176667,0.2178414196906248,0.0501122242581635,61.228977858422574,92.3769386804813,71811.39832211923,88560.13717628899,94628.85566563629,3191.1051087582973,7659.761224089524,74665.52657715551
25.146097334120785,47902.31030796019,4745.863340990083,4517.844768864687,0.06063639132206959,0.12030045608435004,26.41552803635771,69.14756021786889,170798.553960616,7229.45124829583,465493.2854331066,6832.461500243281,8751.365391605812,86241.48705336866
57.54164964148028,35268.03712484641,7293.4633923807705,2394.576019491364,0.09322286674175456,0.3861220925940544,26.333954418732315,170.68667269744282,71597.37963208454,86707.86307949164,24782.39061846311,510.1395863739845,7655.67166569128,39675.05182368985
9.053208106654086,124883.74966373887,5381.078687686263,3581.76341435866,0.1648500535718269,0.036152210487905685,16.92620115401472,272.49559132474246,165478.72289140665,8690.774231447413,278729.459879979,3848.627204919071,34921.00132850739,45877.706500698696
49.36142355708336,90097.47693646129,2393.4517681670304,2559.312588342679,0.2579599140805799,0.10954030092426571,6.475938612469998,127.08309184611252,150061.85979144688,8903.257475519764,19336.987021070032,866.961190573499,58187.74963368142,29937.245419061142
47.89185571996791,38151.373838522246,7865.550232245103,3496.2520278376614,0.3714911769193241,0.10036191868037282,66.56429133476878,162.61657950744387,151891.81029527282,54793.83539889681,338982.8072855219,622.1194346462584,17207.329140168382,127085.4995946302
58.16035151847987,86502.44290773197,3477.5734415536926,2846.304062737733,0.064322054057479,0.010836417215458973,11.966603596598432,261.0896524795938,137573.3810756576,51269.33615304132,53404.03218393112,13879.101174037141,28396.75804136592,26373.97768593536
11.826271292072272,41605.49474241797,4807.606074432523,2619.1811442676153,0.019963611182286914,0.18791836535714457,12.091059538076259,91.50097489744428,225598.98391906352,44379.1791626805,28756.072580498592,4660.270362941832,10900.373786993881,85946.61834089056
23.565476629828755,92648.99362945624,6225.124905398378,3149.879278853539,0.029843198603163937,0.07961211670446916,53.008424151265515,110.14454369782354,103553.71875067978,105312.51350692459,174762.79356539162,1958.4456001966055,10087.821695211383,37827.17854138705
22.488680767418586,74369.8907174738,4548.2102674473035,6984.086447416472,0.2071303396176559,0.17277211545150423,24.277667934311996,34.408900478568,239074.65836847984,44445.91179557743,20880.867657696086,4419.608833318509,430577.449724659,21310.302700994584
13.913349795411607,125097.2951757274,1651.1891986703886,2936.182424799474,0.04870279593175762,0.46295923093588154,27.460404000980233,35.56860937669739,212361.66854324559,7340.280191979314,1271418.5046424665,525.1169504879822,18934.689544514444,53812.206323680104
8.191889734513731,179062.58078757903,2181.1065347204258,2047.9938701726958,0.16207005941850167,0.07233864003293193,11.169327701540638,137.95188810592492,158200.85070364672,34889.89488396261,7440.764022228754,5962.494756172283,5187.095914407813,41900.29269633208
5.716406126931018,171184.34401868202,1438.5638418373514,6123.1657440688505,0.07735094878639494,0.2870800358482442,10.143394055098138,91.2235938560326,239923.7075360819,39906.50972492439,240832.16073496608,1398.8831150270705,6283.217328967341,229628.57618442414
37.54913394018538,102996.54954067933,2089.7213862921312,4277.8286946613525,0.03207864081547935,0.20958312044314606,21.431696667339285,126.35026794128154,148880.81502341133,105568.4587882158,253428.9336262405,7666.866390067742,100905.20533160404,44842.60177049994
16.100829588909743,43836.33137187643,2009.4692329322554,3010.6680475278467,0.14784844528651012,0.18893520942439793,17.656011747493388,80.45785366537022,371893.7295236072,34311.72019009829,2360564.7278190516,1857.2930221475983,2638.5860367101477,42574.88353791801
15.54483145141525,41966.24925629677,1934.141840149165,3655.205087335288,0.02891929636046496,0.09597041602804318,15.656012585301047,124.3003369463681,151618.6089301852,6795.704494700731,285943.7719909213,4762.976981556459,175166.21032610702,109022.24106908626
20.845001877005963,84045.57187170662,1734.5047156332485,2929.6528957300284,0.06158619673669034,0.17465233192013152,11.747948214895368,39.149014436580366,23050.226866181245,4815.062132693631,1769139.1669363787,4913.345906083357,22624.74451334161,38742.61740637878
23.663505175811054,53162.93559606019,3963.534697403733,3340.8517415042156,0.022485821067743245,0.013160527605039187,13.739145825160172,137.80774019618264,93377.61000638406,17968.776957164155,43392.438125484296,2278.8430236920462,11857.686475159484,91506.77233988677
28.186484859381128,69711.80699089039,5226.079095431457,2072.6631145917736,0.06287483863770969,0.16044831101429588,38.444550929478304,73.02255242289375,16340.071196338942,16352.137908933859,128044.37793523347,3791.248628488871,56653.15388908288,219378.62027740807
33.34613079911551,24215.89985685655,2906.111689070954,1752.9540157440417,0.034133127533516036,0.04940609100592468,10.769952003146221,149.89310506244365,555048.0404232166,11519.2055137106,50041.724114087156,3772.6982902908944,6356.803634135196,32308.94711662371
92.48777518307452,35980.25537883313,5993.051365348687,2131.8110413804047,0.01621792101959507,0.027238183314354583,27.153036906871762,45.679547698964704,20094.83504609064,16882.502737022787,136150.35411990574,18923.827926907335,49162.5596112088,60622.356003253764
12.967720521805557,44290.84096134858,6957.759976595146,4074.623990768564,0.0701894085378772,0.7345910793293648,31.759069912200875,22.004371577173394,164802.27339424542,64743.488079006085,344759.93827732955,4529.644397501895,17109.993600798003,74632.76093266653
7.4618121032751725,79658.38690418798,7296.408067251861,3229.2246279973724,0.02330807637725896,0.027186585330909837,57.21990139566913,126.42437996168445,459058.55187471496,39324.44357075788,744029.1230983925,3368.9060625858933,83130.48942833181,84990.27545182522
26.016468052304653,56811.55129388614,3484.0118004035867,2576.4733859960975,0.031248645621687443,0.07670304146544407,30.24614910959666,94.27794193778239,41264.2878395393,80326.72812002459,44625.137572397514,969.7282621014481,52005.84104971578,21107.40461269337
7.8079467655017645,53116.80642153924,5360.643954113309,2617.2369071095177,0.20623694082249702,0.19779978047039495,19.112953332323425,22.842424820476133,42028.589462647054,57583.78225258083,153992.0051970543,6461.3115935618,16584.41676989808,93342.42992747443
9.825780557045281,58754.906854839326,5871.1871706817865,3692.042299615489,0.05263673141388033,0.022484678663163955,10.851840447481026,59.59828332118714,81042.13184036373,45931.55054246637,141709.1735508309,13798.738459129761,29334.604480133523,22542.379473839934
21.535914384437632,48514.540310559445,7115.932617958063,2412.6303379683077,0.13882191975568003,0.022670970839007897,9.656765966477435,95.63775911427092,21191.8714333099,7439.877174486241,3607811.468583427,5087.888206098485,62099.192207398744,15737.06204143981
63.530279428934136,211202.1781841718,3767.507088842257,3209.119069030837,0.2855400520620691,0.1088275441157934,19.537062259464918,94.74622405531873,305063.12402687315,31522.56308356576,258339.55570363833,886.237686851294,234041.92613795304,5323.3094733258395
14.536639266915628,78956.98385544986,4099.236711662063,4122.817314571327,0.07139752738126538,0.06710388861670254,5.929618057663206,216.37401244108952,153111.2424420015,28982.003595595826,23277.762306518332,5083.772761080794,6090.599361535792,49319.79110904513
17.863932259459933,190996.1048820055,2984.6908154465978,3520.883210016579,0.14842359667642507,0.08913607030312545,10.624369787912665,51.05631027054866,534792.4626072483,13542.458803456495,50781.45748463671,2527.3033376483913,5635.888289633535,119534.98684978182
70.13228269920938,44458.754744345446,4427.551300918913,3866.660384695204,0.1445518765128004,0.0664512330019602,7.208101154753543,115.59229740596832,509176.91071163566,22282.409515402625,34844.00227085808,3221.593700231696,5509.516713857625,15850.012562244687
13.92459575101378,54804.090365442455,2460.034675415381,1672.316062214599,0.1338323504058763,0.05820520373800528,17.232147566030932,64.75913722260186,125672.20863082127,61994.352703750745,513057.3697932758,28027.738888847707,14285.104112130959,205541.45987124433
43.989772135530295,47852.677877733,2318.7128594472306,2854.6840099179876,0.03448993507412201,0.04568386157100838,58.71726981894965,131.01007857672235,294915.20804959163,16877.043005843694,69687.57357761203,7450.709087033112,104670.8730174688,109478.26039852216
24.831799969058935,154102.5609794629,2816.891057747971,2369.54925884779,0.2226731958015742,0.021990172902164134,54.34780947858823,53.79831380909681,89633.40346570326,79348.14976485763,406984.9220800693,2098.9587368711777,868.9578200614363,25530.107168027676
37.34937677569096,69398.35896904985,5488.058295757156,3016.71989961042,0.06412529060778754,0.19757565403668148,16.454041750453694,251.0427549972988,209855.2808012056,21926.0472421004,62445.499310090854,2414.9779394761235,4280.7547458436975,106024.0860798099
16.40634207814581,23776.841794505362,2685.6302981234735,1727.5307051465136,0.06503451850525248,0.04391070184911901,8.968233522885484,174.73753712140243,59154.02574282849,5514.778098602835,104261.90187262135,562.4326622025854,6769.194182464762,84383.73463899698
66.9470154254021,50793.908228728214,5582.847743774215,4440.3820862807115,0.07373948847040152,0.2027804205030853,21.227757597967983,151.35826025503695,16387.949858533673,52588.63087908198,33924.58085613107,9455.213624904865,5320.947209319513,48026.128777805585
45.62180605162786,37842.42022758405,4162.1546479850595,1190.441372191647,0.0810188603861096,0.0488295068133377,7.766944357495459,79.19687423850435,89849.38502150055,4926.272363878741,85689.18449962359,2155.220724416098,33164.478459939346,46645.19149627391
72.27547732055721,46861.5356080228,2752.673049233603,4537.840533838869,0.12931492141544815,0.03450126840895121,19.64361924439457,96.77603980811533,261594.68168625722,52206.73269321103,19246.208779387838,10626.250451337404,2857.930601739501,16406.899737135216
25.882051388190845,58611.6971179169,2473.1902495744484,2857.3261776448867,0.136130097400662,0.20836544695533946,16.957116821796212,256.70591401979397,71810.90626804347,33156.536474440996,272214.027063335,1719.616382060196,176752.4337793773,52584.85916677596
13.510940863581167,48375.21827202964,1467.0009739109728,1692.8768024126177,0.02968915209363277,0.1262754175092684,31.277982944675944,59.07605934848787,152802.56552459067,68135.0066983549,776738.3656925382,36229.52649280396,74187.99427401574,66543.6555664452
60.73167818759093,136485.5985533237,1740.8161104225665,4908.671308367728,0.1325838122765233,0.025335043527878,29.517712687603733,178.48087163816572,309349.60197581357,373108.4722669835,100714.55008120014,371.0478021199851,11335.785177547314,58411.03023671227
29.530317694004676,78469.88176521266,5470.954310380473,3755.25520149057,0.08059890067819207,0.08028213479028974,37.793546963323394,71.68667300504494,184588.6117150236,79375.7394558087,242898.67146794914,5103.889803674139,142545.7649938676,43684.43441938955
38.30060930723579,114094.17540415593,4977.836456812371,4128.225185685405,0.061493075251048544,0.36565666460267265,31.491593984730148,109.3139660815844,193154.42789110262,7168.331653351792,555486.7711773278,501.33694871503343,74765.87721744888,66257.03790854236
52.75054724871309,53553.297854586366,2148.6491426095326,4244.530788063073,0.0868691371419741,0.021328155259865967,35.068665132466954,140.23681381852148,100706.71014489188,4643.011727700499,45057.15030139303,1457.5630955630859,116044.40427001298,142486.9792893705
24.343257760005507,53666.14217598394,3541.2647090237942,2778.253184241621,0.022242662945295907,0.07716179700219661,13.768896906311175,75.15301113001102,67698.47519594108,18725.243009620815,136280.76157226242,1877.5564837091542,155691.25872340807,47356.72011723799
22.59249382691796,148788.50887925347,6687.8900082352075,6324.198086381885,0.07369949959313683,0.08910434308426077,50.126877896744915,136.10877278981127,113304.68478720982,21122.40125619942,192901.63349214094,8617.212813890985,51684.87819051118,80554.85573664919
37.76433436812912,43967.037815951604,3119.6786227403736,2822.0129837933196,0.0308299248137747,0.022844520776625354,17.380435608901585,70.35645530101812,37966.458997083486,16965.930745336605,14879.810371786547,2557.5289144419385,235378.65215691947,122453.01028321487
20.762516630026013,55426.66227987598,2960.8212245773857,3059.708617004832,0.021596113773903303,0.10251839728962794,24.060080088025682,87.52574845758613,96216.06394594624,14785.041566418535,140426.90464200013,931.9159863939046,18143.94901228089,94680.5337017224
8.298210333227184,579296.2586462545,1616.4882304464454,3213.756702808161,0.05796109506626858,0.043652013432266316,17.686433879191338,39.220838715038155,155616.271539013,23848.477752667586,237395.93965076088,3039.1741460043418,132802.07383902243,6262.845006999707
12.715238852490463,82510.31002752639,4276.020641910467,2770.2552719053183,0.0973445392054784,0.05495268716073454,30.250744386554175,82.50091286828052,131022.05858109401,14001.965706155072,105126.812920849,9941.838500287935,16429.253353907126,30249.226673172725
14.31327472620811,23487.861920512856,4119.038102096347,3014.7725667473296,0.11876943621514659,0.04193096236942076,18.76111548639393,178.05004932716102,213703.10317719917,99444.95808426254,328986.28339627857,26845.757979551396,6992.8323811865885,19207.401413222466
18.457147070408087,37581.92261482353,3157.351804156231,3793.012602114399,0.03219350981155386,0.24783984785148186,26.719888097090436,56.39716058987037,45879.7155205759,13046.92618593782,178475.52915196543,40688.05436005286,12215.755768341543,53851.88868526647
13.708147126321771,89647.83572518689,3040.77184395189,2350.343097867566,0.08390940718659051,0.297500850219107,22.32508032098557,98.45768969941658,181887.509751399,15578.155950036711,68424.0458034756,6042.916264296813,40630.87105951131,103641.46223734035
32.085096616905425,164886.39538868738,4741.051942557552,2942.0299287660905,0.027764577112842616,0.13156882802513542,17.661037341240828,31.54764558104532,521637.595358488,11940.632972234771,624314.3037682734,2893.3631547035743,9763.751396699136,23443.545622115857
19.79543419905509,64490.85198403237,3404.882154308884,3200.4431937112045,0.037846453819069335,0.057569919947683665,13.387272404770105,147.44737356408507,305817.1249627833,21569.681490794927,130532.74003074475,9955.825382452715,22571.30268005546,21621.490884549185
32.018118592510014,91591.02186539785,2933.6023601898382,3123.489528267909,0.014968745151742178,0.07959062689463735,34.11431623417838,65.42333144489146,217797.66768311308,7610.437510270901,93610.10386291788,2810.647853384087,17212.14240262909,21154.554262377394
9.442079294342268,114069.80177556816,4289.775122254636,4001.8889756364347,0.13436994129735844,0.04869939439582704,34.952641272545435,125.67291784501928,226574.43789208925,30269.829481938574,108190.17852546446,3426.969209778664,8002.79422798693,74398.77544294138
37.45670817940978,116639.31611162164,6192.055968191497,6281.489719339542,0.07570428229333362,0.008843214268301534,26.75921647880649,108.04387195745697,153311.73570774763,21775.877407124175,11778.733518312965,6769.1976755267915,93605.79002150182,67659.201801552
25.050829455897492,77317.73907824475,4314.105250831861,3791.6019236320612,0.75761344180762,0.024089408714323957,19.119681457005782,67.5692542206139,310625.8562504647,49013.23705042219,44683.66829309794,955.1973008350124,186295.79509893514,147037.6187070923
10.108205287732469,81622.49499176911,2285.4064611454633,3851.993548461464,0.0896692104982177,0.030839883594332776,11.716835392151237,287.0941000708412,221832.49592509904,2980.276172997843,250746.20588796434,5001.906591414848,28419.950339769257,19687.36692021267
11.805739435374383,38295.12403609458,4949.909422950872,2573.5275873265505,0.03351326732708889,0.1936782915476279,14.687160975632446,150.98263889862707,58896.487449309585,7346.734439934674,123110.54432999514,13362.003022677609,1074.1820570407067,134768.2067412679
46.758697131873255,149387.40052926645,2631.3544126101315,3739.168721129726,0.19046511768912042,0.2221991732174224,48.8066670364957,175.45386171066997,54972.803952667375,12224.074266224068,25633.92114890902,22188.004200632502,12787.576389822458,24852.043819266513
30.330807805808444,77102.392203395,2011.1223004881888,2424.8755745182734,0.12880965370311526,0.08881207510657396,85.55021076318666,74.45720285465512,50195.332209872344,117494.54349266943,185955.06511868327,5090.961645546517,2056.4027944180057,57163.0838842672
17.904463468444174,21286.010068799114,3977.8095253492515,2554.947412635943,0.040446533450814816,0.08363179742849437,15.301073592781714,56.08247299407779,196759.95982393497,48542.08340762647,26112.020873131816,9163.111476079026,30509.869604745953,133549.59671884126
27.477192061622638,91655.88836464274,3963.5085996761213,3486.4700891370826,0.34949839312136854,0.09166121803887023,26.76669769014848,46.93756760481861,379869.79623810237,14587.859959646965,139170.57996868005,553.0367649704374,29343.287147613522,40481.40129196745
50.599971920242304,41938.284613530675,5629.692626734817,2828.2087915376783,0.11343823495916876,0.024588809163799276,18.515190614723668,91.9336974000273,177333.67989728306,36798.74775468373,182134.34497904094,17208.357936879893,20345.66212741357,162048.8152496233
87.11025517454237,99862.86855128533,6286.728110331855,1906.1204032522076,0.08944514911093364,0.026104382081472737,4.696701495400705,71.83322770383906,152612.75762589378,38985.46969824444,51386.51910041686,2229.7267812201867,153930.9533509822,53788.370925902425
14.662305813559689,32760.48414933994,3527.1398676043013,3582.5359695405086,0.03810171224575516,0.08215228455317841,12.667325111378359,194.35811322439406,170802.7042194801,35965.019974253264,41751.44258394055,4128.787214576716,489754.52222352923,128470.78736761045
15.25610610826274,33381.54030353119,5736.067533538394,2463.1863567920645,0.17110343569443656,0.038650308078041554,59.7311188859977,122.79169499329004,57586.07474895196,247881.48208675196,118660.95209229997,8833.212789972526,13592.884687084139,6110.774972512928
65.24452936957415,107503.42014198357,5710.210309734579,2173.1369784322933,0.19618305050226295,0.08542387631540671,19.33321528941,117.33248439327623,426351.35469554947,48484.05551733557,95595.1557111114,6899.0075208849485,28444.136399694427,45512.087989619846
30.439400959418318,36771.32409942105,3319.149946823769,2405.83174034607,0.033976070067599125,0.07642439531351498,17.721545159766112,75.205048559312,134534.29981696303,59027.888332056194,9858.904525473677,2214.8527612165785,8164.124420658155,48064.62791768299
6.757225069238562,60223.12573796078,4151.261103986764,3152.852499350174,0.21273039769411367,0.03095060859286699,11.59183174163189,193.90149348003607,102664.29866514636,22455.20195220219,1468284.3560871852,1904.7019658712097,38647.84731789842,92651.41689757528
11.418475986909543,170417.0816909013,2545.338967354773,3062.158128631002,0.03659169804552548,0.014045715069285992,23.120856323268054,84.84394087742103,156937.0057464974,15782.461440123348,419158.5103263908,25131.999200365404,4665.20385885515,24610.665929029376
61.5677933791866,164306.37621552966,4641.037861335102,2731.6795380604112,0.27133830696053474,0.07608332283816402,12.205812542535169,149.5620914739391,95623.31592329868,23245.70587911287,69126.7201932445,1944.730175311876,24303.623489311598,54320.96480585385
14.230882389431947,179934.92664951607,3796.413651189125,2184.5543881632675,0.14599857044255282,0.07520626788747849,17.76321296300323,93.9711236084247,264771.9750345715,19321.826528374593,96037.23082124408,5888.226437723709,2675.6176644478724,225781.59753240657
64.09270399714512,46328.15598646174,1605.5081302135611,2812.3146442507714,0.008450287653166947,0.07469413792150742,25.958278789871862,103.53352159703633,30260.80363859272,4643.22086986947,400849.4803396906,12075.775828404017,18315.26823673438,15073.999006294105
14.422586001046874,58501.3018394033,4067.394979901651,2757.1954920353087,0.03051526002195186,0.028463004213519914,11.551201943380978,109.76607587363833,153080.21943736097,9107.23280436235,17673.972647840223,2992.8030439274985,19441.23937105632,43594.74980585685
21.11812986552266,71075.27743653077,2436.463009651343,3673.0418241733137,0.2026881613967022,0.12914201721954247,21.324613796369356,135.0646728131314,438395.5085130481,8323.331166315671,473319.26432449784,6608.544584975857,23566.270877104,24712.755358521765
11.454755414385222,61243.37681935875,2388.284204777438,3501.229682782939,0.049643129830043216,0.04290223122394305,19.833179323068347,74.10448261181683,294299.61220846523,49134.28983339101,283180.8328615146,925.1343337049238,1798.7168009210313,137266.28202404815
24.246693402035824,112743.58115920596,3017.114428984429,2649.649474047916,0.08818036015220936,0.04930365744340692,13.050794066821618,91.82251450855237,105679.35844896543,131858.56445667983,150347.78553037797,11204.929349072294,3800.2680934405203,7400.238976193786
21.325703953745172,49290.73841518648,1398.0038407156703,2296.7539541497113,0.016078260132679142,0.016357828921852977,25.26267157077247,145.7592430529057,104824.44316260536,17785.340782634412,122635.87437246818,23764.590625685818,308981.0651986761,16243.074930739349
47.82611323217326,60944.53315974461,6414.551616389089,1988.3138811912086,0.013751394054792582,0.039277885831507146,35.23640371726239,178.9634624646852,257354.50715151418,64038.16804694438,1364754.0467094139,3607.7186157462984,7802.943222437365,113624.53668847439
9.95248348780148,38471.47871294059,2835.468371284062,1870.2062227404062,0.10099768516512284,0.22087274032526896,13.83502172160393,128.79528645512812,163381.92894646342,12208.941091486084,492564.94049296493,1707.1739503085862,20972.921079020864,67078.05003103224
31.29320840741758,76137.07953034384,4872.134901315317,4399.705846769337,0.07120699553802869,0.1482285796941117,20.629095229929398,166.23141002165374,50432.923736629426,26446.86453837717,36325.97614054144,7298.284592530271,41042.64678990065,261178.8712741955
45.12271771097924,61027.930702289465,2792.7898778738786,3090.341917458746,0.06127063825384153,0.20891351687211387,10.423048004086668,159.80044166178746,118639.17127255716,30123.07776631519,41166.63614479257,1413.2925411095832,6476.856937279056,11513.13029244465
25.85879061531935,75436.30613160266,2621.9317020940775,3077.709604033446,0.019471955089515963,0.08532272960534744,21.937130231945694,99.22043320820173,179456.2423889722,8327.979718734592,2157712.403148122,27824.494947372965,44225.04859354117,99691.26294764342
12.523172657232463,65971.1528477261,1989.9792642479413,2740.648610570186,0.059860983140218066,0.045487217286164255,18.282801777933393,109.52167181028571,65487.372919174704,32513.76913988304,36685.546186672764,9234.78367964771,40448.962778246045,70719.35896508863
46.24351207882437,147808.40927903116,2772.7720435111955,4575.801657653362,0.012114724151176147,0.04932001187448576,15.994367276454705,236.3404873727013,53715.02719462145,3808.1656265706565,27793.704411891875,2440.997929555761,227371.12005994472,51409.58082811386
9.941305578185604,31314.80578185467,2425.111351155526,2956.4539815586654,0.06602583296789885,0.03224754262091652,15.464991769537944,150.34700539379463,167188.0692406169,17996.211819861335,144868.9151549903,4704.529270337582,9007.653779143917,118618.81996823802
9.930720677873659,73190.43288638667,8258.983244909321,3392.0575420029845,0.19296811650165752,0.010190047012801955,26.607497362393033,111.47719033322649,145354.5599659583,10334.898211346434,15590.12852279204,3430.531906092039,33832.51698947687,76657.05574381116
36.609242708380506,35064.754131367874,5483.823493170717,2534.389066617603,0.033000333447645025,0.038183696209988474,17.41847420540086,210.3791277794083,457304.5485673014,29681.323354802145,17689.14978699331,2014.6467961387975,61064.37323285687,37944.79828072879
35.99025976031544,126978.05685393156,2509.9765514273636,2795.1594209994605,0.1691798538167335,0.03063441793544459,3.7360532062067433,136.2732223483262,269308.60234393826,5482.350999170319,142230.80377290968,12570.678781069277,5983.126558433849,38154.90665301597
10.528490625145611,328119.1787301489,5507.758884138959,3749.6755422973024,0.06738542461222687,0.11935796708803834,63.61470564641295,64.42742763086277,64698.176200634975,57137.162109350815,22017.04181626311,4607.743214195391,6885.035994936014,217700.22258647162
18.383036034840075,97231.95937688617,3551.4614602426873,3978.006350671516,0.053976158650713986,0.06898785528347647,38.72119537431314,73.92814188844781,138738.2279073115,139223.45767648736,586482.2889445967,3847.4588876964362,39094.35345889615,21528.685137461438
15.91615463251467,38117.4368175314,1102.1013366965067,3708.360673233127,0.01863943721631469,0.2297483724620608,26.24474919809124,68.40045968880295,163274.67002638927,36205.35904499926,36176.493214515,1071.4070573531033,35787.559857922264,52758.561580639456
17.84359152525573,69253.70563003923,5089.895990158577,1996.1744615393698,0.09258558876342343,0.34678217263393585,9.037409763167114,77.87687005965165,63040.26168029194,11171.381599188328,38454.38254535294,4489.840670267797,3043.792435174758,16014.266956936845
39.347038345704505,73704.10906015703,3296.6016564412953,3348.9443051558064,0.20882863149743294,0.034795908256177475,18.849033315009926,206.83058220139378,365437.6310895709,42879.78252417312,65300.10382296649,248.22268271218607,3585.7917371351446,29822.630896604307
15.765954748325159,92966.92561527785,4384.101998251061,2820.9440384049526,0.023274075074032962,0.5975736313916198,52.530629692852074,119.98152259154806,64200.78712343397,66386.23473218644,67931.02282926875,1714.3654519908655,70078.93653561275,15432.496820964177
24.123073708010512,24575.006611475164,2379.6935866905133,2415.1453029383965,0.05335814481826913,0.3343485925818034,23.826423474534547,228.29762586802408,45500.05633530862,25476.30024273196,432227.5733888278,4531.6021998718725,18541.85266726209,39015.11035478469
9.526440680075245,65122.938951160904,2457.94282843621,2822.0088987203358,0.08588564383772902,0.09623928290524612,9.212789796234635,63.7969927517643,55667.934209201856,20329.467794047687,43482.07964062995,3967.449339872486,6941.596232609982,125914.20987781878
20.98078087161029,58250.23647867048,1474.6096369484703,2255.0020231174713,0.27060486123109073,0.013248742299642938,32.29229271148839,30.005870146211745,112608.85531968734,39693.71098247825,967387.3485340961,959.8627086632457,7787.832900951127,109515.1009316586
17.23098620215828,83910.6037709464,2083.650768397182,2035.036661709974,0.07114025391572337,0.09748558511841027,13.636222166940215,50.993227445016075,128532.216431638,15081.9126217463,33396.81068370618,4841.993149147389,18264.475498574026,14139.189644848835
17.005477373425588,104927.73366133285,4213.175402617859,2114.617329899113,0.0427701838104762,0.03704986452449118,33.220186658013766,37.98085868470385,81116.80096971992,10148.065392851588,42067.36396640145,13399.010096445621,22308.676742152948,142305.04031173934
22.299122561661804,88651.06243305965,3307.3382659618173,2092.759787292624,0.026539745499390168,0.11402236652722558,40.2260049829923,172.99831205171412,85203.92370860586,24173.067522965364,183057.10405441208,2697.920469457885,75870.88286526353,103354.57314686521
28.909171200864847,72029.56871767544,2686.6184318788914,4776.796448614694,0.14020421951542378,0.13609406909364594,48.04014894810268,123.54758167036361,261216.57351154744,12173.913891608108,37539.910118499625,3140.617625541682,21222.0220988247,67008.78951747037
25.698409838015657,42280.7581754516,2679.708639291764,2354.2011087410333,0.013460004245323835,0.02214520858572492,60.234487537953356,216.9332490003645,550037.4615185702,10709.129554983248,290777.0662413988,571.0478007677691,17214.429786486166,61752.49327754912
9.030393808300433,45612.481926519176,5711.648353934965,1818.664413850605,0.1500016457862029,0.0634586668959433,18.09447724234545,57.0000417692603,62230.24199897878,9639.49218177069,142229.15571093722,8238.43782246032,35435.753822430415,99777.56270708611
4.201671390621796,77393.36198803174,6147.604697807751,2454.4588961961326,0.13803766874267026,0.09446574336046522,24.446437887178426,104.15453596132294,157289.02101812267,45826.97969082573,99083.32662819873,4276.8055190410805,57045.875049264934,47273.73579331357
58.05712925518484,39980.15843242488,4480.644014759682,3940.1500803923736,0.05673099975828316,0.05054656586932157,42.77553036750476,121.60770666748708,72823.03541631339,9150.972686669224,10619.756403170504,4036.429149461978,24381.456510535972,149766.82128037003
15.860060534497093,42637.028634958995,6586.928535529072,2948.245545756718,0.09918903368114995,0.07963456329433798,36.81985248336018,22.086248407673413,119222.35628489456,6197.1328096977395,46046.311332291436,10539.110662046754,4606.555228204501,23906.686034155937
9.307459792447892,58186.37119612029,3160.9415119038317,3960.3239322538966,0.2677509630697898,0.15380450777917157,7.0439232657312285,110.69059481953335,98462.89210643202,11751.095704319314,242801.90351325073,9665.188037566486,37231.457835194546,24015.08892081218
16.423223443465773,291619.7889029689,8085.5086900606075,2894.6726741250686,0.03629370722307428,0.027480707746738768,26.12437318406492,88.78740268465002,94844.21913928608,6644.307136176552,125045.89670622458,3232.110692120476,94997.23983970156,25767.50394437427
17.64326251804061,52305.090097879794,3209.5783696741214,2560.8208899085607,0.035014206984426234,0.1586615070282143,4.0925203970289425,61.18866926060254,59810.775524250734,29078.518574773683,27504.13960591031,650.4440866550689,12983.794892326272,42182.86643431328
9.647484478797114,71772.91799614002,3782.9133195366385,4305.794858173383,0.0834201154298589,0.7027195507628683,23.07267893777702,115.83637376490606,103268.9371071635,13873.800417717857,17164.770647213038,6556.852672393507,48210.74515893775,28474.25719984842
62.09909422873856,145512.64403347165,5449.328741281158,3169.936625147756,0.0644803759949337,0.06381227306339973,75.39052572857624,106.84104654985376,462633.3709616526,33762.766684124486,15491.731299428418,35450.67598621284,69119.48600020309,4798.945724551879
14.9692834806936,44931.80422778649,3906.397479769551,4836.052454382961,0.3258183369412224,0.031037387953648396,14.206234822679809,43.04382358340134,277861.2855962479,37999.40753967658,22329.98262161225,12744.99847619198,72667.69388665911,94694.40044128532
37.097060612655106,65734.64100474986,4872.245119338423,2480.1498233824336,0.0762805835127594,0.13120043768870013,15.681377229832519,166.66335261901745,33892.18020223402,20230.42536228574,104975.32321507821,2895.74373960786,6652.684479517305,46815.24340746555
25.402481032046385,103783.63043688273,3928.7579838598003,7280.849858227825,0.09505771389844064,0.0776651071124029,15.474833180986124,42.8041350609578,207131.67605369707,23468.68487383418,13688.103624007523,3771.070491692231,11648.188207744299,196962.0453953538
23.60567073993926,76588.10562805193,4645.854216989696,5404.511566780497,0.1890509859720988,0.055349774038017774,8.111235633305778,72.18925101620923,648188.0230930662,15525.07684615609,339952.81489743874,363.53740054777734,7221.928614633935,43089.00352026302
46.717825106086764,89030.56354641542,1362.1862531600332,4786.560072603103,0.07633385045203729,0.07406707980824652,43.313678601317704,73.41048317918502,202763.49980700127,7089.693740810001,51117.480024388475,6646.54912503188,32760.261361964604,42103.19261982769
48.451277224615225,125809.90975641302,6095.677417017775,2812.825643630314,0.09136601955516081,0.13253992872665668,76.60065163906476,237.8090492975575,51077.53273890944,3695.5515935803805,27241.17887117246,3842.1030109061467,53189.925434412624,48902.7789236603
23.52929415931401,35290.98413878445,1287.3758971202055,2903.4700234851243,0.017122838263848514,0.05028019621283889,21.72995394744803,94.33819977653935,89721.40910520642,84574.48714382472,42979.2949568204,393.85358648941207,118272.99619907496,100660.30512389253
12.750085289603755,66984.67314285647,12611.684224824394,2880.5491479326683,0.17113110842554852,0.5472809870507942,27.9435302348364,103.21281198815846,629606.5320608239,28410.775103550255,378798.21189790434,3226.8764360719356,14350.416894853313,55915.4144578064
50.274167532525354,71524.77240998816,3080.5183683406076,2943.48914540787,0.09836485466771044,0.08904922376786713,54.91095675068731,208.55779631681486,47753.86750809305,15109.627629841365,202119.34253324664,3698.7495118496454,7358.767379394742,72781.3564787891
42.947117512517636,28231.083248527095,1489.361627885933,2470.006209872817,0.3470412440343895,0.12508287299964277,8.819868912856538,23.319629922901868,947765.374614292,15894.82422124698,12493.719724214348,1134.6815016885848,32341.852109921147,18209.16616571343
10.49958459469324,107060.26449225002,3313.5963315330246,2265.59553692914,0.2900664201984955,0.003584666542127215,18.332799187988872,127.49315736248263,19768.41094652645,16590.861412054033,85911.00476872134,891.4247663251127,45124.354697299714,81455.48797392454
26.76443680929783,56796.71349795967,3141.7747320269877,2339.4252739510343,0.03656189693159742,0.038094576003368824,17.34989867404907,162.44717264686543,196810.11770467312,38897.02241113444,2113318.1715836483,1150.4640102733317,14574.638914073017,44050.783042251715
36.022564319387385,90580.7073829817,4698.491318479992,1906.7448392088527,0.1127182907338267,0.03233776169574128,21.122805268088793,133.93005029406893,403191.5325453801,48916.25790834545,12279.798634030418,1000.8453434364887,36341.00283582604,182955.75100635493
32.89990758999118,163596.5580941876,4053.023934079851,2227.969967623227,0.12525548514875437,0.009486620450000096,7.795018324736843,97.47413442277622,208011.68822519388,39840.239592015656,56769.4278857637,3175.436583814048,42130.30866810878,62211.29302011994
19.618277593051843,114197.04760877155,1749.6210397276413,4571.0137467787135,0.041483859939504146,0.5599899867274413,11.27557259223642,187.79686152849195,77391.39896005926,165796.26397653192,219584.65872416052,16897.11761195907,19745.305421109162,184184.14727905474
47.37111075360392,30149.2746540464,4979.28695261746,1881.2542126825222,0.11436380789954309,0.014877047005689896,40.17500346039225,87.51408428470229,202214.20570085052,5981.090033131568,234012.84946925804,408.32278815261867,98406.26662739072,33304.42540736617
29.6395293709238,25031.065014894917,6881.025570604544,3192.6494021711933,0.4289637651991842,0.1513939321553768,18.828428741516326,120.63466642719216,216664.1523670741,19919.324429526136,69865.35945529306,1407.5377495816654,15006.014376021923,36545.879891978744
20.827642462420528,120062.84466498691,2657.8621399524254,3382.079246965562,0.045641854043973425,0.16707293684737032,35.04843347846363,93.9672821027473,218796.49275822318,7879.37673320442,539495.5858222258,2018.1062820059656,17068.867166532167,130693.84450354212
13.522556909287799,38617.462910865754,3560.5363745292675,4244.4851323523935,0.04932940645768471,0.01158575529174217,60.54765045287338,65.59318842106661,54313.22283209513,12290.228969939291,26037.901000124566,8715.09772779097,2895.341327677299,31525.682524353106
6.149466821606737,95601.80141011992,5977.365445802867,2462.085913288668,0.1202557848123839,0.359518751528637,12.374640164455977,55.52000611716592,233829.04401179397,9742.905523456076,43535.32042534684,40748.83989048292,8129.953464560278,33608.40757455953
32.0466577461194,36116.90949598947,3897.415975965075,3288.3407908771537,0.02624959311196784,0.075880825767534,15.26512174221102,234.32748250804642,230040.3447282838,11269.300824231874,155357.63334772328,2613.274847565486,567958.4079832048,44810.94439093025
22.750507933201458,35221.83432474836,5028.318690090593,2285.023333562495,0.06923593622679192,0.023150678167176742,37.36202364861055,120.32064708076884,211390.4761817598,14517.69623147416,250730.20377237425,7196.9024926232,6643.108901272294,92582.96146153077
29.56764919001596,113192.48038860288,5035.4936577373355,3333.597614331697,0.40542602771296854,0.021188085803341992,63.85512206752958,57.47536429273654,355571.8860795734,19208.175551939617,123933.53563172133,2672.4463588386793,23939.280124289795,33565.46742989603
55.380407535230916,81927.58325562363,4299.973146888024,3346.719129255613,0.19755972291037424,0.19122789662864276,23.715814823659578,86.9543664899837,530958.3635311332,6314.238411515299,168882.98006025524,1249.2763787893132,13832.696021101621,66267.63479284989
23.183028581093858,162624.39148419385,3357.4902494201606,2271.2219888217446,0.24061705688579554,0.2387598431654919,57.571165665418505,59.33592850947601,103759.61932130581,7650.443578518175,302839.648940244,2221.504126582631,30291.358052501117,186473.24522324093
32.13191226754722,135181.6334267686,2504.315781896701,2551.8286279756767,0.08574432241069711,0.18220200101814774,17.51797042196517,132.4111034391243,163801.91544079868,14741.688912067659,8202.092021383622,15339.967478686414,48269.92880418192,50729.51073800214
7.77815285874724,37708.32865328573,3649.7305622320814,4384.475932297403,0.032084723189881106,0.18923029726247875,28.423919332798263,79.36385765590373,66681.52547600256,74665.15614121442,126120.41973930174,2197.282024997445,27825.912065145294,92984.76448544416
26.619859134541784,115090.61754617929,6686.7671618292325,2102.917178909806,0.03964864679475885,0.1374482433508328,6.917294765845722,67.3301043703316,56900.64305712366,4621.344523039896,32024.750009092502,6542.2011499880255,64141.306774335026,75764.81964084685
12.172870756672797,45365.82745705218,2046.0358946265626,2776.58653438388,0.25753912172365556,0.03724691659934142,12.762191859808805,527.700777005705,90620.3171889596,22630.744409488187,312210.31288054725,6944.302643488968,60654.99551392683,211432.89277313047
10.00914161720224,46445.756822988435,2355.1950140981808,2111.0081273995793,0.005645593319766565,0.03465497991127853,24.386421473448205,93.10185663942319,52283.11580856389,37272.49185764057,15328.524801569658,1523.5196736072098,87773.74272294127,27919.39985180625
15.455971752469623,221657.863995643,2784.473906161638,4016.7031361225477,0.08326078416768719,0.02715473576934686,48.557751926737716,111.33520948652237,82125.47025601046,65707.20973631449,297697.5976006704,9765.701917450648,27255.134578117188,209286.33606702965
15.29902501535211,21332.220033552898,3442.722161566005,4731.429384023929,0.05511136243521103,0.05632909938502998,62.70736370391397,215.38610141750522,544798.7387425203,10334.797285107927,40667.548873037456,1960.9432730789783,109132.55394774869,181434.90904037817
22.33416206378693,20808.558254659103,1280.879542226991,2338.1291150841257,0.1028592843212115,0.07269402594153548,30.006256485168333,82.46803411242212,405816.00243958225,27607.109335445282,30873.933754567195,3016.203378946445,4318.176339575833,55688.64981194835
17.62277061873738,58511.632122166455,7094.045945777412,3398.3790555778687,0.02597643786914332,0.012660693913268383,21.608919262992995,154.88790549024785,208828.27288764773,2701.694201397131,46908.646581311055,4083.2797336240114,76974.63000468344,46290.49764290417
28.040348977773707,290063.0568617496,2370.040246209607,2267.656795624245,0.11398748489579455,0.053090482869815506,10.727857034815287,171.54228650206255,65802.05914271022,11011.880614807314,243920.6861964446,176.09827672532398,30487.78659606269,13538.501112746755
8.594521864644156,49208.59646220313,3316.476236760403,3910.4285504127142,0.18810049829737877,0.016523717712649245,58.167064254791235,39.14337643370193,99689.8872747419,1727.2787938445676,325337.700596458,5722.912609155793,2092.2079918407253,70744.70235279723
31.29012798258355,36052.133584537296,3673.3929918517792,3153.398435757906,0.42147271684922216,0.036528496575705345,50.93862935400052,137.17064841697655,343365.60329778836,42703.49844148548,13020.001084587013,6414.418288958155,38689.7030851701,11525.732514668856
34.9731466945673,99065.52647907154,4248.307447953337,3343.3282052699365,0.09644665150747776,0.022764570868756575,48.158412851185695,42.140341767120326,112835.33122331627,35140.70992354969,284025.685966723,12297.519281200863,2032.5611776337912,53077.28129454582
84.08927818985394,204724.66108549497,9457.368535837873,2499.4374892487363,0.0566224212425379,0.0773267433397104,24.431415003560726,74.62202954071854,29885.17534756963,11304.249362068555,21158.050582830903,5541.74835054569,42862.56905275453,56151.68534212232
27.04295162457665,109314.26450226405,2091.4968677068027,3362.1999420618317,0.2720719121332095,0.20683052304578986,11.37756423719304,146.65728518580283,223047.3278863494,29023.228668555792,121483.47203629663,18600.675318183086,13973.076909083564,69874.62757284606
35.137528936440695,67816.30041267196,4776.680998693596,4126.846237455262,0.28924863148128516,0.017544190009251153,17.992941989715842,86.22342877498961,325266.86956227326,31787.308940234998,527489.8707912934,11956.75413223428,110181.64084543448,34669.62616004062
15.115743508802518,50292.97685645352,4394.478175505028,2123.925092673609,0.09954567856434879,0.0134309049071617,17.69183723244318,578.0280947003362,99381.71631882607,15779.465132570785,650304.4775442621,3871.872116362287,26032.754948076108,40395.813696552585
20.68475318625789,75671.51572759193,5116.770660426255,2368.233597239507,0.41090732768191646,0.06599610477898445,12.381562785532656,47.32879172475222,157363.9155743751,17656.21548540965,26440.63210841772,981.0359363519906,16753.432736406714,168036.23386588995
14.285234316738814,34867.7939437554,2657.2742724287677,4465.3021992830245,0.1434861130037181,0.08585123388454403,90.01935614593474,38.667846616198645,182822.17282504827,6955.925046667106,81597.2639381993,1872.1609508274914,1425.3802702351907,127240.84663722268
12.224672238983496,92946.62155497276,2508.5778053214935,3810.2498499565595,0.07621071617216826,0.12158615145953927,68.01709447659107,76.29194377693018,216006.13174291013,11149.889359148076,103565.11453465054,1568.322555957475,69953.07604330077,58832.934847943085
35.49670061841619,36070.94647662496,3304.6978292666126,2779.997253800247,0.05038959461937859,0.037779712117894444,88.27158666745078,349.3521298354859,227541.63633224837,18717.41060806159,67006.03004023015,3796.9781286690063,15667.250207696765,34190.06144032189
9.302348690492057,116171.96401398761,1882.0613980832127,5518.822634857875,0.22839508163223307,0.03824506974647146,12.961664415715017,100.46411896118028,105889.05235279753,1484.155933514287,9141.121106027866,1780.169232002731,34888.691431620275,13755.710289412462
33.01037846278131,43125.12095061076,2405.2958053494503,3181.106877443107,0.06998005835141344,0.022088755803877487,19.9429166183304,173.15515767750443,112615.58545593478,13878.195372898599,601371.9408882101,2542.9059587950032,3063.315530532511,86732.32382791169
25.2791396692742,54700.5943683951,3935.717114241473,1900.6004076369923,0.06815055690962675,0.02320495751447336,27.25109361063979,238.1408438905126,212394.7261406977,33809.29686880061,32783.79447470893,16908.307283149737,7934.436664519211,12572.991611059962
26.862285287105532,62578.71345771219,7284.017327679483,2602.105331133649,0.1817404572191544,0.057561429200146154,19.032946462160634,60.23801984536323,232311.01227411532,35411.55781381271,496999.08355489466,1945.163892552515,46689.109486690024,12158.383165139963
5.692963423795143,147728.45084846584,3217.628160689918,2236.0494865447577,0.05052369548495554,0.09880130391179306,13.305816038466343,60.52901943714514,79052.17967498698,19067.733419998556,70485.77410986106,3957.0098921107415,44932.23071092516,89640.3661421792
7.302188359184179,41128.15283583921,3850.826839445256,3478.117921035243,0.07234959642411418,0.056322310608586466,30.066655559995176,67.629005749133,133144.71601598404,22084.611178342926,134312.02483417443,9483.503780066296,59684.078890719524,42303.42466250791
31.823648505476903,43130.39995336669,4918.655357276016,2699.212074817114,0.06026559407978593,0.010859001862417018,23.538968954888613,172.3259400632325,338916.7927735115,42179.21066343418,139007.49011676598,2944.660232280344,183727.8407629939,142966.54883138227
14.50766372658554,88184.79369123881,2200.431064346972,4874.70192046417,0.19069091374687502,0.1549046690728818,14.034206442917258,103.66994654189558,71150.0135246198,9093.405760659112,237465.7897967131,5569.66539950431,67021.5251905416,6718.059249905467
45.443287868464786,23728.52999558944,3694.5754960973636,2808.4234022168594,0.024415065123167157,0.036779402814520794,18.35328910236484,129.64380041497046,93024.68059860899,46945.8343389213,223003.2125067835,1443.606027288048,9003.449149167203,34479.58533278214
39.224813540158124,96553.02014620799,2617.0009776608167,4090.606396123532,0.1411176119108427,0.01968178122366689,14.363553578421685,282.98228543461613,33524.31177358337,11090.516766433942,1039173.1274794006,4285.787864970288,3581.1497133942344,91206.2323705359
23.007447516726923,105608.1286522061,4709.145791655283,3572.9288664635064,0.06491090660933371,0.24662211674688397,44.04037422707283,101.59479398682431,120253.60138861708,19212.78603878631,102954.90879721277,2594.335135394419,32693.09508157959,69913.63302612015
2.5220672163373705,210883.01638697335,6579.456262186658,2777.2414849318225,0.1309031608922868,0.06158937476515637,12.877172086820325,181.36996917849953,786309.315197777,41238.72264811039,266000.1144922052,5629.692412701301,6446.1154641174235,58578.16803713858
64.07932826126324,29563.541139889763,5255.537447756761,3053.0069444891233,0.0680104804765357,0.20561708861323919,24.903430127984542,349.9420027830669,82359.06159371792,2653.887302231816,1030358.9633117969,2371.0298499296496,5532.345102708122,24408.036662064842
23.38250419805239,80651.9003160934,2829.8752688403156,4233.313104304605,0.027670478349975682,0.07615840848223811,8.663371995833373,159.5207944541531,56166.89306801825,120757.68066114481,76289.04746197551,2508.2135475761597,12280.527865211874,120989.0985812168
65.63679879630003,73452.5318526289,4803.243943257189,3666.5611966321662,0.011980506075428157,0.12170678265357669,44.708559377432366,102.09753730558222,375619.5845809079,27600.550577012775,22894.540052766257,2054.1764616413475,20073.86207463092,23287.306800602255
14.897309938318195,112758.2919434956,2287.1362313920613,2453.8253699210686,0.03560712844499305,0.10481909831153106,17.80412209561366,60.4507366815466,366739.73049299116,35792.074254920044,68241.08115704602,1455.0997524664665,15348.04586250334,110955.78327141266
5.643145911615659,41244.51321439044,4599.143696538013,3739.919834783567,0.09820367048221879,0.04074915451703227,22.535771210167333,78.81478299602938,34620.57203420005,34112.75513409362,49740.569115692444,7710.344001730458,101894.70588899306,20039.084522808065
20.465905586877767,141534.79427402056,2583.8828112811034,2548.1508888013614,0.009502903111475699,0.21453167337115717,17.052702594263014,133.54376035813044,434654.5931535087,49801.26829335508,570267.8525667455,1142.2896929412204,24160.804733405053,28813.869863682026
10.60947364324446,61776.71140801093,6408.1280655843475,2894.5580715132664,0.04973336419168566,0.12143263078777523,48.52722948708569,75.86428407544096,48387.27112455686,11334.808728019492,597859.6168101835,1309.4936086836956,182318.57610983556,60480.19738339122
17.90806038965585,59342.07268806037,3900.1273644963494,2854.266795898306,0.028093261794429378,0.06689373531505834,44.08084167527116,51.13689877498098,29589.79720641915,33419.43131053747,1112406.7994708847,7255.392251858647,7509.639879872367,147730.61537375476
25.69629717461335,82198.29695709725,5437.56501778532,5614.312955427898,0.27529886877792414,0.16147155050652331,24.39648858435901,57.13515407250016,100621.86181139895,38839.75953461793,33850.05637343377,1080.1946919266427,13387.090751097347,88971.46056453811
27.733325926861166,245494.72162338413,6707.991611868288,1991.1541802691374,0.1174052443035525,0.13550241178121525,3.9752440432024487,62.87430176039044,514609.7478984778,9167.501401839894,9817.406744005128,4696.022001949497,43018.747957305495,11724.3090087822
19.18093572567904,97817.44085784825,5277.41447500404,2708.5471629265385,0.01933241256674991,0.06531337255167294,21.432247272886116,230.32019710334177,179602.60372876763,2613.9124400443307,219928.05843746304,6771.193968204395,8208.78465914244,63222.21445707243
10.087287407757586,95038.51799239176,2249.5953767524707,2219.5515531655037,0.11551710467263447,0.08014150819996842,12.323742036189843,61.44540789819849,120006.0080137398,28802.714453507608,367221.2939404378,9826.872683413056,1237.8105193354775,98587.05446577103
13.092870797193237,29366.332835958186,3113.0395568309837,3241.6885292072698,0.23287098827650207,0.06066183993732164,35.17676118379506,100.9614539765293,94677.21047350952,48271.396254425,207920.84131958746,1005.0849862191253,8832.051222032715,287741.67607357603
15.087695319117653,41752.20631088166,3485.0152076748745,1613.0225978992223,0.059994213148025485,0.2930511286245104,11.600963335946423,138.90444322802603,635501.484918019,10712.603051951364,13318.155329855681,3806.3251016450217,262263.25898392126,64421.64741488153
32.47797709059757,47771.662966891585,3126.9060437497237,2020.6415518130136,0.032576610973895644,0.19226965941367913,31.974532691839325,248.473439177544,69511.70630944482,53784.45086541985,268449.74454877636,923.9370929507364,415968.1018389644,107285.87588450596
11.304107315566874,77568.2580844141,1347.785821691347,4220.830933873592,0.1014803821472408,0.19497240510451722,22.04081840529068,99.37110940436645,158204.1806204347,17368.807913438486,119824.17607940221,7726.530139303615,9397.420209443108,62272.13977973878
33.52268559455005,70902.83140073632,5449.378298357308,1954.849409011147,0.3507950878829896,0.11038658551778882,15.565542715917923,459.13462853514994,229525.80095486625,10919.76038985905,424207.69429735333,1620.7674567872236,24444.930199262173,49707.529970649404
23.6846583219087,65419.502534056155,4774.305941307464,3332.7117068010557,0.0665529753333611,0.11314143169245373,38.81141927888894,75.02307878840774,333500.13321693515,6960.879949202224,269714.4395008764,7275.844624833763,167427.83176695355,49575.98738368155
14.510616864888014,44836.972380875784,3117.307371819224,3284.805287941222,0.008420150750261847,0.1550681180074115,17.37805244139325,51.00186524474376,147891.02912711015,6055.180252441419,75368.84218370514,1998.7990505560108,25586.92624378919,12268.216210222474
18.777644825846803,85448.1058332074,2829.571933972169,2813.2713026739007,0.07788389486203702,0.10598737426170651,22.46367643682375,68.79282554105576,449250.88101341075,7308.748807642689,1122404.3994869762,1510.917667172199,68090.02301739158,38327.86594189635
15.418585084550203,117574.94414201428,3551.897249548165,2655.243053951478,0.1957270175720959,0.11128224402321868,11.962777167293897,94.17679942467936,347150.99725343456,31139.160468585847,102878.23494549435,12051.807992882728,6797.275122314372,42337.791245214496
58.77057955124756,40607.89898104948,5055.825588187135,3761.382291739898,0.04885628173799324,0.08956207588135863,13.740807649257063,253.63650528368206,361009.2328522352,53348.31615098549,11126.534018199753,1483.7683375535335,8389.550076110127,12934.198681918271
77.65296061134043,137271.91067144484,2819.6993237266333,4050.591028413342,0.10076550970022707,0.17699212906765513,19.556983201795326,62.869476729966614,403588.24305821134,18670.229570001895,459094.1282444513,9232.027401890831,2046.1499531736838,70742.58402127949
21.79751999275547,60273.28793552198,5266.090428655056,3118.0754297967023,0.06429332245303858,0.1744603479494257,40.99143965391689,123.60246290609251,260329.69766910566,18378.045024102023,2403642.023485254,3801.46958064798,9388.875582460496,92852.86022026712
16.942113437583753,54936.06216783311,2227.933965070125,4945.415733813927,0.0890879150273707,0.13619630299590246,27.763076496107374,172.2359409153492,347831.9100485834,3211.380758015496,596536.1351629505,5796.249150720637,17618.316147370053,172134.55032198247
21.303336365386627,33146.20233309735,2761.406286169536,2025.157344872926,0.063434681165653,0.2306704854472399,16.25112905458335,82.29170055716078,38442.24316013016,9880.299300395087,20002.163538346555,5619.669469788941,21091.004128380737,24956.78382000089
3.9792426289027563,85844.91778637665,4629.859838407905,3511.408569330461,0.06795864138260432,0.03566953941708975,24.69333834115194,65.0628725777946,372831.28875175456,189151.57463503897,86803.94919046431,5937.226383023325,5464.930608857186,79768.52639258376
85.09473291570187,76265.8023527069,1968.8193558460425,4393.783671476145,0.07196991107040407,0.06981657349869148,5.690574023215626,258.55480631841203,113776.69203741805,9899.178477607584,79338.14775359382,6288.543022526511,132477.70894359387,33404.5220973207
44.47393933034023,80769.71311994553,3712.3127776381375,4134.26673919707,0.09439471934169842,0.052389666849946954,16.321077957034024,47.25110939538912,166200.1817498548,8151.237323436252,260601.45950828778,5651.256966080632,98449.1530069976,137242.32000142534
22.06208046754968,57887.99802599236,2435.1155616358733,3077.610423215327,0.05659017593769715,0.012849174289508426,8.986610129113606,78.4630974294331,175383.67341254748,16102.424418648305,87676.22737532406,2013.2314052704955,22048.266062837247,3572.15571822493
13.183946706456245,189163.50911245254,2213.06866745227,2584.496491605789,0.06305246786567995,0.24300732496937408,30.186406638348295,42.17151423908946,98801.79756547551,35030.33276191125,42402.35908379087,12383.198820770633,7565.744464615921,4653.325816506003
50.28481081981668,55003.31453107768,3584.762209728729,3788.1447196838944,0.25739155067333847,0.13420831119590468,6.167361964306185,65.04962398566062,133643.41745057196,49138.22680839616,33679.994873392454,8963.454861093864,18059.45982049372,92678.72562504176
34.89637334405677,129129.42550286395,2278.1408739787757,4190.226560656427,0.08485413842705307,0.011737459331883544,18.33279675511857,33.53302150717174,159417.35758092097,158578.75850901185,809456.8728483904,1522.7847342764676,139210.71663960442,53769.88880493045
17.91884321564796,22164.65416116814,4638.431022049452,2439.4428600065726,0.19305489298164394,0.10471417370860961,39.18311254798035,214.88594764972703,361073.24710955843,86200.84776310556,192980.40153574484,4788.623306199635,28088.10869795144,92629.28214091482
11.149568412383868,71303.20301865859,9074.565827360218,2356.879462901475,0.2819105544228659,0.07325807665202744,43.4410312429194,92.54754146057469,101298.5349428606,8263.83214630487,124751.94455003564,2989.564292237911,15471.146115646248,114484.22204128122
12.43447312840221,150009.58219467825,2993.4449028965637,2409.791249285741,0.32580747435401264,0.052171491198713144,8.451591018170534,192.80461366367817,490466.53218020604,33519.331924008184,157582.1815679614,6555.074022541967,38057.28047612986,20529.68671204731
11.915405070645173,80083.7891477291,2439.803226682156,3675.7843014457458,0.044987097926139245,0.1127160570226748,49.38506693576547,76.61733029855839,40109.42110861872,44382.37257541966,37082.20322941161,3398.478494154186,122420.01027244407,54745.621921289574
24.518702792210235,49784.62677481424,4016.056246563226,3487.406328776484,0.004673762897551103,0.032780654246093395,22.032351882628156,163.99004228136306,168376.34155101632,15317.230028973281,80517.7015601232,7613.503497801586,3883.488005697936,68036.74562291687
7.0156481580001255,40332.13559604323,3656.3076816873045,4176.341098516024,0.06569545799494791,0.12904509549697457,19.087331930462184,51.91012601808167,54881.89878441156,46384.784055970034,19719.829721701753,19010.02895321528,12156.039785386682,58932.30567946799
6.41160941909536,66678.22366480225,2067.436907770856,3334.3062414895603,0.026786942963148826,0.05252715520356718,6.777991473670011,105.06774010469051,179742.3857705137,4155.715868619917,242234.58083570542,887.9794015189324,42183.584297773814,17466.666630918015
22.255357066307337,122098.66495056225,1568.6199516547695,3775.2735823253074,0.0269258982104711,0.13445629122529934,10.49416030261834,59.74337181020183,387078.4929303438,121497.11091494819,19555.376722517263,2845.2984230381776,17600.267501678343,89370.22926197221
10.290390642070692,53922.99489960091,2837.615436886444,2277.7569009262747,0.027475003576439536,0.06698670917184778,32.499291024094525,50.28337492825254,131474.06563060617,26104.407118628613,11843.051822043857,4001.7402323795413,10348.41746852615,129824.55560374787
27.89573043401664,45891.26394466003,2634.088397096029,3869.5731296121394,0.24718239865144598,0.02698169866559822,21.022969679915228,48.754812917150645,39808.08298918475,50412.30680765013,136447.39132784627,9115.334632339176,9338.085011899382,90291.38359670759
12.81050519072391,44740.665651075054,3323.658105248332,2606.36820660811,0.21650393348116287,0.03875311612966124,11.41358773190097,314.3693399006441,40136.992115721914,68860.83480229978,14330.218041929322,2541.616905970699,23748.33640821351,167996.4049012562
59.503965388182145,50092.49362502646,2994.118608554766,3392.2580025074685,0.023122955483963217,0.07516990986133916,23.986219334200065,65.3533753766395,33809.34426724528,37881.108562321904,556042.0360155347,5477.506465041429,96516.52600044613,65573.28670457403
6.901504179528654,675615.4468805352,4364.842468352332,5576.9042533633365,0.17322091875083187,0.0171687478020606,29.135919501609546,48.53371783992746,45132.42913061306,24275.807175443788,321566.2821006241,4288.597827760886,8255.314178300918,108460.02486368822
23.7739884738002,44973.92009521583,1888.4050453171483,1576.5028043245336,0.22706626482852887,0.09427718265948422,19.084245181401457,79.56535396461707,90545.66459562164,24424.85483134974,93020.97236416994,1110.1939322804537,41304.228843675046,9929.153294476288
30.022289923140523,62439.79619044513,3995.476504322623,2928.8029923577337,0.030187668140390995,0.21042246454404134,30.490546701493244,294.66341348107824,512415.6915482014,147082.77605288965,274859.96110015514,2138.4774835335406,15851.334663572023,27659.67902758883
23.58509648854194,50075.304007846935,2407.578326543623,2262.67172683352,0.3802239944583293,0.3659299576884859,27.389350082941437,92.37448499745878,70017.7343122731,111513.3719762025,8933.40952332857,2213.0258907413495,28243.979496623302,84152.06169116507
15.510736170632208,110665.72204984707,4632.380703528058,3759.177689765887,0.034355781752758024,0.061885080759279544,14.71596684644093,77.25739708750775,74477.60039512247,15445.373648678518,308028.17742836685,4098.612477324187,19683.49769312292,88715.29350223466
8.897341998168676,129185.9014570081,10837.29351472995,1961.1286571305498,0.046827489154648516,0.1310005035417174,13.279584189519253,112.3979672915137,144326.61771281523,3494.3766484398684,542612.6694152127,6492.428164801744,2902.153424951377,46102.301910901035
9.307615671341908,58915.66669646196,5317.405300715468,3670.9063922025584,0.052926216684030615,0.040515739908218155,13.584809252409165,275.4351472709687,59600.60617582201,10013.698002769115,778817.0661587111,2744.1727360596037,15231.48342758258,80273.42615396286
41.66511139272764,97647.0693302711,5267.484262827636,3281.2886576673664,0.2724142551123115,0.5257459953476126,3.4822909793091803,196.97404557330384,389018.4204887915,25003.79635390776,161837.16595480865,5347.622504039855,38017.34577904674,51842.74938419744
22.66995928381394,57209.29735918714,2529.8723684594224,2868.2207141100066,0.08353951996408698,0.07466207515755706,5.329279518702056,43.96377002010185,33034.024917174655,14040.863016123374,143320.58599527323,3328.1353402564228,326423.13875040074,236774.5212729471
3.5842392050294856,38551.11030193692,2635.3342464095476,3087.8152534454284,0.08111978433202317,0.006923508902372816,18.05723467609181,50.72084665603642,183116.15503575635,141497.03733985056,27112.342784257722,13775.09037387162,8905.581593077428,92391.65353578991
13.290788390087375,92459.96168598888,4930.682821215922,3860.2928794297086,0.03149783076695899,0.11513418047937975,32.65003423274859,37.643389790158665,31127.85879943612,28586.913964167008,32234.825467716622,3748.1055192292624,1418.0485192595888,30089.338839676035
7.127839304755313,71144.5586731857,1827.5577572563363,5025.166640629587,0.03610709339839765,0.019427276414327326,24.29275127137152,81.57964987081402,195863.86519856483,16557.38393048298,54970.04664835385,7878.36549412752,16038.334580220035,22496.807591037763
44.71791546304467,56187.22124392161,3578.876380054998,2371.2333044680604,0.1899554917150317,0.10170981537105471,37.70907099866397,61.286209663296496,145041.2114158327,33434.71260787451,51084.50875113274,2192.6782036675368,7046.471241562548,79792.29961382307
20.988561694715997,26074.942823695408,1908.8324635659503,3169.5381502505775,0.06286728737868677,0.07662838976654526,16.477003081525375,112.21406510111646,54482.705496493516,70779.86141793411,89211.1292232087,7123.580062826787,24655.123696702587,100029.58190718375
22.191382655863535,37254.38160200946,4685.439172169302,2943.71218099205,0.016730190581438074,0.15712681975588574,36.76723379404147,63.54632268729272,125982.7735878771,23646.985706424875,58133.88287392659,4569.912297466816,1446.4017079598082,13273.523049540394
42.154516066683314,91775.78456564176,3142.568720010658,4225.326808314069,0.1442354445785464,0.16757023153259668,30.002845002894958,107.51394735875878,86619.654460479,43679.27796967289,15222.556951828643,5345.288389812049,10404.803436825829,70667.13700230747
33.40887565191262,20775.31727496619,3449.852812209332,4513.868571279128,0.554227601918574,0.06523151817961897,19.985201315789624,58.04026282574759,216528.94275152293,10663.136012032537,441804.00442320935,38622.745574672415,341802.79558055487,99732.09602697147
13.432755249084135,191704.19785180027,2009.559210037144,3351.1319767818495,0.15117039280179206,0.11629297069927005,26.586416662268935,92.64045946761827,61733.246030451184,26839.510020109,37341.92556240411,8238.66128585363,51860.101153928175,70001.65087848235
10.483197777339665,187030.65928411722,3157.825551641342,3511.7688688286803,0.606148721969257,0.018530386193356625,14.606124402612254,128.6859268375353,369822.8192409669,19339.21557177297,340925.53244046035,3791.2803562184995,73776.76568769744,43115.02116589714
40.57475192531334,73609.40812943887,1867.8877887904116,3633.85039144014,0.2066521182297364,0.020360337854118258,16.355546085190742,75.51385013292914,97375.46002960502,46394.90745380426,156933.00850968575,14701.863746386447,5428.579066156255,25882.356752782383
74.78837731433254,60188.679521147715,3244.609165208152,4516.358431242139,0.009212253724109297,0.1362514813882377,11.771431535162101,75.72480137883728,112766.37485180295,5931.59621821194,7723.5510596564945,6406.743742209017,2434.092125821409,70375.4155394561
4.59528110630318,33840.43114470177,3299.550392755136,5277.524906201165,0.241819783597038,0.04923156956210137,21.511090155931623,89.6382376054759,79298.85894563756,6698.482580266389,78730.59791084508,2776.8312662914177,2574.533669417723,32946.3258134408
25.748435219891533,92120.46056974783,3521.1825142791104,4052.7240181433162,0.11479947232832416,0.11995793912082497,11.035646204266246,65.72310110056313,37719.80161126592,9677.826695233323,86074.64222299412,1934.1734232139988,68741.19244403485,26039.307315497514
21.232063513489834,45599.05912898672,2280.3659067027356,2178.8521902587395,0.10651279902158683,0.047065913953455045,34.06577045526774,93.19228521806335,122444.02848834715,2540.850557552078,675715.3543403542,4166.1904187195705,9839.699213043114,212370.2706578048
27.365085092043536,83227.5935453243,4086.459947683879,3363.019401224156,0.017264204730427828,0.12277360750481502,15.274519493884195,110.33068719165323,82157.31985260447,49845.41541752059,14737.455044185463,1838.8608292747404,19178.749117426443,33978.576517189205
10.972207718771717,77229.97954508576,2435.276060694495,2885.3822511938097,0.0394265067859315,0.010235353712353972,22.428648486452346,42.968430551826955,410662.7354661202,28715.258657768627,137839.4971299713,2366.0094557074026,34763.23241316623,42085.60625174221
11.090290797241714,33333.02390533561,1792.3308968019228,3370.6664283198893,0.05908359713738203,0.027619772471048878,10.847631619272928,47.24636286466572,833805.698498842,8514.684738112745,278437.0014637569,4548.1183189452895,10914.698371123495,9623.861513170195
21.64758531524914,66473.06222692152,7037.613735187808,2464.1160601729953,0.015978863064822973,0.04918510844432367,35.09140288802144,94.27477065771733,10419.967073916405,4602.49557213434,71370.74252258183,17881.016086902884,3221.088304330193,28503.57069940209
11.012647574618871,77698.27973766843,2508.8834182244036,3415.747491309295,0.27450208780202506,0.1792947003613704,29.37705128651579,201.64886222387102,61492.06200401755,14296.079835941182,9171.671419878654,1847.4441588517357,65588.57574880308,27537.890974990438
8.359803503547802,25367.31962224325,6778.56621183806,2059.6690558767486,0.050462361959379386,0.04734150047020787,21.09863941265343,54.44437159693233,85551.66256172778,9974.159474580269,395101.9288570692,8013.455520217628,1913.407406377108,51284.46400567573
11.349900780769744,77197.33991977485,4661.901495460924,2634.579596347988,0.09899373639692097,0.042582768442021385,37.065293019161636,79.4863227761291,88230.47961492848,9985.116800161924,70409.36109470924,3852.7327334585148,5813.5499545048515,82687.48696002986
17.119093209408586,32227.337348955865,2040.1970646450939,2320.752369681857,0.13853511257136283,0.004665956397657872,17.95119153532803,193.73725560210505,190240.65009467266,9502.137982544156,60731.31497018454,25465.2855155106,41785.247743185646,8014.856164533899
13.344175017617882,40659.1462852599,5445.650648541233,3162.940617605597,0.03302573897903352,0.00399889787004838,27.339171393019754,208.14831868665976,62345.569664476716,64058.16711076524,250301.05532902246,2017.923892930993,5009.29369173577,11804.303513632922
6.137130116558059,119213.09088107047,5829.26904892809,3918.0138463036233,0.06148015306078689,0.10250259811299475,20.76901778265774,69.78996703608513,189233.80979950915,9713.728743762742,126586.8214429826,109191.44375462766,53295.828115371594,81477.69739561208
26.522825292558476,66539.99063369128,4154.259686474609,2606.9350730564584,0.13191468912204724,0.07916959177645767,5.8994938637023235,106.85918787429287,553948.3764068845,23630.09858586794,32949.03758077671,5838.013938483438,38159.79517030083,170504.1227786807
9.458637711672049,86576.11593888505,4901.158698865251,5474.181839728304,0.1325016785457094,0.42987766323755,18.91418868487841,143.08268036125392,616625.44445843,18476.96899567428,16331.196837535266,17593.47505244074,72719.85562368041,42568.804740824016
36.1975066835653,244021.66190012582,5025.422625164851,3363.1189374827054,0.32841289965048004,0.25014689296954296,36.70329185921189,28.242457708131084,56459.86178928627,25188.975624010123,12271.511211723551,6078.417884203244,34926.61613127961,18405.863902569174
17.589968877212012,37539.635145059896,7330.500129893241,2831.6762584509333,0.014049038861810208,0.05956601922989255,33.857570619389016,78.3061935399963,309327.3058973956,4157.207994686746,462529.1555019648,7953.20212997681,34654.7945710873,13714.206811797183
41.68844978260312,168548.12103776942,4092.3150017809144,2772.2548943476777,0.14788927014676362,0.026320714061387123,39.65392480852096,111.83150582139332,20988.00802615975,44713.8170348537,189300.03867085374,1966.2663656451466,17698.53383756817,62907.00379997113
7.247014800838111,103128.9442012586,3654.467744188719,3607.3494407274106,0.03958960044777707,0.009790568398728685,32.625553519383104,177.45576201060857,90001.42850874322,3686.504197931823,177959.32501050172,11319.04941864162,13532.225879677251,39422.91096643598
10.007878389012856,102043.51200278707,2767.3118838863043,1771.025681502214,0.027332969241502796,0.03280274509761863,31.251836288120785,112.32216781508284,223955.5002077096,30585.709091815264,29210.55495758653,5666.253992704259,47758.062960007635,95871.85090478919
12.346810621686151,92480.64595338545,8760.854443091988,2953.4586801969485,0.02188469081640618,0.07729257729783205,27.127677930882335,65.2267436231195,48446.19574095102,23527.82235095246,697965.8277311535,3741.1259510174245,27538.426578616476,195934.60948221403
5.95279235247499,53527.864659139166,7243.0545213469695,1920.5986924761255,0.04119825012352241,0.11478886410503654,15.412635525841756,105.12695535245955,327644.08224604133,22606.185835631764,115732.36052198768,3546.2959368386882,11443.285422353789,35483.840510702306
13.229386402170833,75592.5028032069,3629.9399618114544,3771.6418631581423,0.1217785740866041,0.24941506605991426,37.9598374652937,25.862068614492106,89527.5123973624,43849.10269687389,64074.3584622513,41938.34909054823,115792.30721093797,91093.37549814781
18.02863199985683,55195.709476089185,3576.1650900450613,3077.0162997368357,0.012638102262037794,0.027426214410380324,58.529091478020526,161.88964729548633,167452.6720305671,11614.670301545862,95854.13822280042,6586.044602144047,4092.165874651931,106804.74662771075
5.811821043624396,49962.28691178799,2489.5002134076713,3197.5406804147237,0.7929849593160531,0.0809000968335369,12.674727675622865,151.962682208601,160848.29576181166,96646.1170928195,42469.35588600395,4559.013076825841,120320.5573508296,91949.77756377455
11.445151483077796,22752.56370297853,2940.422320861702,2092.1075563821983,0.23687092631234993,0.1597990698966673,68.8443043456154,150.6325786393405,295051.2691732658,39763.49438933882,946806.8786799858,1255.119168107036,3619.2496920617205,69583.13407266489
24.553894665771974,68486.20318101482,2070.5819896043513,4102.965981496204,0.22236780997056194,0.08253344736894454,39.98996828141997,48.022985904796734,68230.8586998015,27739.89917847039,425697.6331371928,4073.4522095616458,21942.980015823083,211169.48688714733
39.745873950203666,110535.23362352863,3149.0476198445854,2479.193112102532,0.04913343050418883,0.17048049560503403,29.482228640573815,56.56165823767175,167177.47273033354,4559.225491052206,773281.6383987372,1398.2010944245076,6231.837548570913,118519.98738741875
34.73938774312598,118878.70333596299,4504.303584733282,2239.8077072931374,0.02058214047564879,0.005966330414068013,30.3747553094021,141.96307801514433,228511.76341518192,7214.214253157136,142329.05677635007,8349.192230089831,3208.091841047468,12478.894480123678
8.89238422012849,86039.45281082905,2599.2291027382435,3339.3926068109395,0.08718959807828103,0.18865701830084897,9.005864553239569,139.09816584099633,40536.16967190611,21218.1007136334,466942.81387718394,3132.3881172906163,13716.239574980507,82980.38276990398
14.02258975330722,73019.66232332768,8309.8723643683,5431.074370119358,0.017964931677286727,0.15997682355313825,12.375082990988261,77.10387530703044,176568.98689630657,12453.292940625928,71247.90490288215,3448.16250287212,122394.4207437488,38191.23734908184
16.622111814265054,98452.00599221798,4732.529392276314,3653.406805384285,0.0700420008994608,0.09783576900206883,9.593626355674052,50.391298913526704,49451.082678528735,14600.668405067545,23547.16994338765,1233.1157735189847,69214.58648456295,146073.33261380144
26.84651421495635,37726.14444704338,5173.736928906214,4369.365339744784,0.2048835418948282,0.04209370114320716,11.707098601756021,71.47096476736876,96113.91685264285,26656.64688089232,167138.42989108918,835.1765514760569,6909.920875048497,11550.044221500328
12.637596283787973,62981.5170924947,5847.0304365271495,2419.650069494483,0.03966661101124061,0.11481467733303058,48.82720035498578,40.53944335728384,203937.01489396786,117480.90807214809,32384.048561409574,2234.4475039900112,52032.4581056209,108442.62455347582
14.805621797043695,98632.00180932622,6268.8605967660515,1922.7308890168465,0.07519160431491667,0.044984471675094215,11.403429067498724,295.4910941949774,189286.75415324213,16600.353115250226,120731.85964046107,1237.4418839897617,31563.857647664736,248954.60658945524
6.254666166952648,52546.62424750957,2779.733578383298,2823.9261744004107,0.044049725931030695,0.09005489544377586,20.240397483210877,57.96127884940946,291648.27989105595,86687.54391752265,34652.703027272255,5333.628405879731,96649.2052136012,110781.39479667389
32.841750650345766,146451.3768628057,6135.297512334463,3133.8642298886475,0.04838326294577722,0.08318773021176738,13.627454329209353,300.83384213784524,225668.6522580511,9202.031266509404,42124.945252602,4590.249597913117,2868.3429959857226,22776.194699407086
14.310400684563032,50901.71236341881,4029.3372014999704,5025.677785621752,0.005929732480671814,0.04202884969864405,12.618316445745965,89.94134961003579,46600.402175039,19152.12464747593,40367.02604187016,3227.1177297905033,11821.52885925379,41495.55066603117
31.001908586368984,85851.13066610515,4729.762081320683,2991.904135551493,0.0852327509087057,0.06253540001112055,11.761727836416718,44.37347657105178,61325.17983788354,5592.51300541789,19940.387303142743,1641.8241649636059,244912.7819676011,87408.24612600243
11.224576055875717,107901.69717044034,2346.734564834025,3802.0258180120177,0.09006817387547277,0.06567650897951356,81.28861625707626,163.18468400614864,105624.08793726552,5822.0745376557825,52449.21635802102,3327.542719116756,80464.12974425299,185600.6167536419
15.8792555535935,51192.65582690572,3148.1917135948042,4216.004066910303,0.16292095652675279,0.021603817808320838,44.56128455065432,90.50759322749,279131.19287132105,14536.952699448131,549162.2366160374,7729.358963241755,55853.01960953788,118624.82234248656
9.194601478586435,37992.223840142804,4091.380705262783,3367.0503209206545,0.075751298541922,0.06643797110837299,7.984888654818648,303.5966971186372,277013.4381617428,13682.89291115264,19479.724074481357,7343.3001137089805,7309.776956590419,148057.7881579536
23.140738470814412,110713.07901782003,4223.302283677312,3377.0990262491036,0.11014389635096998,0.22090348112334354,25.894148661394308,45.44209066074797,248329.468761491,14761.21139831499,190289.989619736,3327.404904058556,26553.38845922359,28875.15764768896
60.82637108964313,135362.33660294232,2939.7172872398305,3919.8430858479587,0.03309407418912711,0.04999672816073045,49.18552251424308,73.19718156551528,35629.711261343204,3668.6511314812074,208552.30281034234,2263.787853654899,10838.30152354605,33940.05426438911
33.64534631396013,55772.530607049,2203.3993084335957,2376.8076419862155,0.0988369736559786,0.11010297111386486,22.949853663732757,221.65827978520838,51461.49231641334,21743.22865218458,12863.485434998662,3207.5324995377296,8802.797499373575,94651.61698541557
31.566952298718153,70140.16248052064,3717.6189167670655,3394.755589174387,0.19726992090236578,0.17750921234853242,17.58715869071936,63.00842035726492,176780.28803560478,10227.878130552475,380078.7842072597,500.12940250344593,71238.70680419386,102812.81467005597
21.478708151324124,34423.825854702474,3092.375564688438,2695.379155637902,0.010898545816070715,0.15121200105499708,33.31056399574609,131.53007241271152,43582.60670873366,7388.41637425557,60957.575942092095,5861.95151671557,28692.42931213292,186713.28625954015
78.54917866434437,38031.95744890021,2495.064050034516,2407.47405283203,0.16176259027369938,0.02277265032156112,31.553973919410897,106.06753031002174,375661.7991083766,13250.694534142376,9805.68248807369,4339.4024211474125,48057.16890979088,68588.43013262116
4.497994719304642,169022.00066341186,3605.917183336429,3434.9928957898733,0.03240800522219395,0.0162849731770305,36.32364986470927,95.29331206040781,80100.99910637876,42324.85184604786,32749.295958673476,509.65688569626633,11751.490681244331,178093.17332390515
27.149131665230147,83183.11798788163,5595.488148683547,4352.879899767266,0.03303934465962213,0.0273448617619341,15.967427452721276,41.769692610983796,156265.25496516438,45928.796722390965,41035.32105840208,8613.077264046236,7889.736579279781,171939.1342319716
20.560750190463953,87156.43952885534,5158.670442296024,4449.801229256852,0.4739137777908856,0.38669205813848173,21.36169501851282,117.26152328921825,44499.81639114508,27906.897891088523,1719469.677776217,1459.4540798824696,5294.414712386384,21897.71490226575
7.48577065020085,166910.18160790647,2030.0198943249125,2670.568829815387,0.045327380765664914,0.16467959488928802,10.656973079446555,29.25072200552418,124018.4231399549,8220.171370515696,159301.56800348815,6936.067084502068,21783.693689935757,32189.04830820419
16.292046582205952,182265.45112338703,4502.150453775988,2726.9618512324937,0.10049347542939262,0.2255308697567471,9.488222571298971,38.04810935536098,66832.06507097169,16645.080995231296,44521.94530309741,1778.5608298249508,9559.601131974121,78029.97616778057
11.551832319523207,40000.66907736285,2989.3394791436103,3227.027922370135,0.17780917086284415,0.18062869701421852,31.045438063127918,100.80321321563434,372875.3308331064,16774.0105978125,42417.57114223514,4842.446158432615,13668.364521437106,195541.24772704105
14.308308825216638,48904.61235792572,5414.551508968157,2256.663866831712,0.1436405149459417,0.4121022513863851,23.808992297648235,155.9239913059345,416699.3344022021,51846.44252134162,26171.583306490713,16998.130442436945,11815.626739328714,46015.89617229487
47.400213789435206,83270.67875224017,3084.3321652501654,2386.5260264629997,0.09657110534141251,0.5061888840177786,15.975304218704148,312.6236880180908,376531.22274917806,22807.542276820775,19885.155810994314,29640.74146381447,8743.060039952892,41658.06011958782
4.455457050262646,154059.020230464,4178.356704923155,3285.466427904585,0.08956810024853754,0.04742857740035729,38.13800976883269,168.04811401901563,25461.309202642875,13930.788966588789,120412.260244365,2400.7602996322285,2601.0978020408634,40302.68099244275
74.40764959920863,58181.812858948564,5131.760801909448,2723.561499671876,0.1282584353816135,0.036778706922015535,17.541666546334447,56.927546421216014,65146.48378995874,32671.568740563867,194486.55377573226,1143.6479702505173,15972.82236337867,30880.857431183736
45.02583724794983,100642.08777633369,3185.041149920836,5458.202078196025,0.03981354002330913,0.058916309378943994,5.463364362798782,33.605636203069885,311847.1880881743,3798.5737917273877,81606.45780162406,785.3025944675763,34986.55184343197,144621.60570750802
35.09056541659625,57258.0284288343,3731.146128384952,4613.165742602528,0.017326781839057406,0.05107116414172806,18.296954856785774,87.6025590000037,74947.6554375647,14634.263327004164,474407.2493779268,2268.9829444098373,98099.2510148125,22545.418711856637
25.129158323423127,197007.8411742765,3469.437789524073,2745.9686795538555,0.493936955438102,0.008925060676626384,7.804017266465156,93.2789377172179,169435.30138576587,5707.44519494948,147931.4036122735,10626.918068246709,29829.277828215712,10657.434834820293
23.106121619141057,146221.52404255173,4323.302798247436,2813.5112883527645,0.05007081347710233,0.06569764202989543,21.077299995815327,172.66619579266268,152105.0181733661,33737.12019091382,24006.45502446818,8328.992601152424,148481.45434417832,40552.78950083252
49.34441535412545,29294.038180436957,3484.3145344250092,3207.1882996651248,0.05719446819087972,0.057526230785698795,26.25973260563485,164.09889671688157,200092.81071200958,3060.742180229243,59811.077562907594,3877.653773000502,18188.48513636362,22830.1958473818
13.169253132380737,70689.73389289723,1641.6799594990814,2198.668648691392,0.07391446715720403,0.05933328531833976,47.609948232922456,67.31932916216505,131944.51019634292,18184.711497719563,90923.9398329328,705.5447183676104,20729.12616899887,15127.25940663573
29.368992685781926,52200.73199661122,1733.4785102320445,3718.517504901018,0.0068745391520440916,0.07874517660982389,23.021448599525627,308.99647579222614,142485.18113046396,41976.86023312727,36604.67388187034,1303.9273648828073,23767.427211801907,18461.387324407442
13.130686626825113,130311.18954521652,7251.856795853625,3148.604998168426,0.027037537349984143,0.21830346160602082,27.437387408110137,201.72458078974694,265102.3995756142,16650.332954739977,110786.74395705687,808.3863585221484,102803.43329628694,20019.647211056843
7.869965172604707,63753.49102268863,2741.2445080613097,2288.8289723238236,0.19253037921543595,0.09455337072894937,22.052725974539193,137.9413564676407,13377.08694534084,79529.86416647618,308458.97279108514,4059.2840624671016,3006.8051086605606,89132.63318565855
89.80462815947614,114897.57986919365,4555.860155100987,2869.9663294725647,0.04317550734050422,0.045345811618621945,42.73849992875173,220.10613024486454,253931.30631645327,29043.116074254463,29972.038911230073,1929.4206865118003,25415.21335466197,61619.92927189602
64.40458307051634,76444.0125011332,2261.12394295589,2487.06671331751,0.16056035421975456,0.1720182911751331,18.22719784835931,189.74502491952362,320004.385909096,67099.09309034832,117452.32507117903,4658.265709901097,39944.34700769053,106886.96887142047
16.561423560667173,66328.80863408695,2449.4031670397208,2967.512539877059,0.022684719179867537,0.5101454321908403,5.022447147804419,102.38906477841982,291241.5703607763,8802.242507286799,112374.28976553926,1890.978065399149,6985.531513561016,232192.8284216213
57.330518613445825,128674.51871865655,4004.4212160697803,4249.6084001104455,0.5855416418231808,0.08842115645258743,31.115508994277995,174.2107235541265,490618.2898209285,10829.226189158928,25026.855006539918,4679.839060263426,133093.83444326115,44228.26504443964
11.122813813586049,28920.459058723063,7730.545523182875,2661.1574339951053,0.14798750475447825,0.05813396963669442,23.42271985817845,87.33883450092743,261314.76752932524,16113.277006373572,509766.0242518717,4776.815194316941,3120.9402373391886,55890.6452820824
54.58831296586427,85288.53756686696,2808.413851632183,2158.4935304039786,0.04918496839580631,0.17841437937449298,59.406126439100774,54.85580607788664,170641.1937978,40102.43632208203,106929.09121272873,1404.1807976169735,17793.646569002733,144751.55256812612
32.80290168037324,114677.2593130669,3272.4176204837954,2223.9022326926297,0.05193908923644344,0.03862996590969101,5.226221737143437,155.30132507750193,165447.2331195267,10827.771794724928,21769.662935264743,2798.6939736023805,45126.62381198022,41272.96827884073
6.55500546750152,77041.88834472031,4529.831224535289,3139.6820849934857,0.16257006292651147,0.11421909286280162,35.18115855649283,62.31891333133679,77576.26593572453,29742.776727812914,156782.0297377647,9868.394454565881,31048.041645489604,118122.6248637957
3.7520862713426926,103728.94721281288,1326.089016480437,3964.2363833198247,0.05596685643421451,0.03171896821924621,28.926838774188802,456.6393464548586,114034.53378167887,17251.848086063233,26679.175157590125,4180.502102413867,59104.02015883703,65459.161694411414
17.361600675057325,44959.40636260868,4919.303679454241,3423.349181937898,0.006622049180101193,0.09069399383477834,8.625620805250906,110.86306162131339,569804.8005688512,29593.845425856325,819823.6757126354,17348.025856793218,90248.12678672935,131957.82250827068
27.77600704960459,66766.76821072705,3183.3794357788584,2480.8455170738484,0.08224850610805733,0.017815316464378363,49.105035573039295,78.42947232951205,170692.79850677316,624467.1888217,67874.29040944821,1409.6938569143915,24157.34421046582,24704.734734577563
27.710623532350162,29628.23870815988,4522.968049606834,3889.086880416226,0.09966949588040093,0.2728986476762381,16.794695439681156,52.74648941586045,225642.2180808717,11731.44787514757,233008.2434063945,3621.2687864119016,29734.211585290508,86687.19330194789
15.097667015742958,110611.96875344856,1481.1692338814273,3079.9019844165896,0.06555580348708569,0.2669782466652017,16.22429935013047,38.656445291799,146030.76868709244,73016.23838047653,22439.833706834354,4494.061480547769,41801.707739694415,69931.2250214557
36.28874169444182,50618.98358609546,2355.6419403917653,2138.270237782875,0.14286918497519946,0.03829564937336157,20.232103720880037,102.4301049123575,56857.01934721165,28847.45645512056,26394.382303951814,1131.2650703569136,52948.8299343272,12311.393581584061
9.677822729520452,73306.89110776002,7391.311205148879,3034.800627612801,0.2306945748252377,0.11030425274504171,31.890255619170038,73.61005872105312,626936.3916317889,20881.118020308637,27322.06763409685,5408.203010531949,21022.168448356068,30599.85199715913
63.9394423848321,39888.525336349616,4256.166436635145,1865.4200933556285,0.15248906594723782,0.1647588366594176,17.154515350427715,174.8596609164251,130290.28009524073,3723.4422564978204,967113.7542032194,15699.666008322887,24538.781890284517,157803.68714933182
12.290454928214452,38752.77237846709,3385.496003200882,2296.8616790303063,0.05877133267114886,0.3661531566120181,24.476200709573074,133.45588214667345,47800.37710320825,260609.5473704328,1440185.4554782321,7050.213656327298,533946.5896506992,41861.54173253379
23.540755897337355,127714.25550694457,2328.999666372372,2291.471759211438,0.06453068706851721,0.13713487735718277,7.902532366307168,120.27490387464933,140267.60359993603,20755.610516628632,796521.4821679237,6911.102555565937,14152.808980475382,91259.40402058217
10.724920138526167,89204.70180784202,2890.951158364197,1350.2177370232782,0.13612352978558848,0.08616063128293618,27.797703051685687,116.33569864012536,131259.1565204418,23185.240011151072,164154.61523663782,2436.9476336518924,32464.665150559445,54153.12168159387
48.35845694318614,57690.20927153453,3694.256237789211,2607.9928829278183,0.028241298774801648,0.12843742794337853,59.62730749440638,162.40732231098548,476567.42087727087,142572.44035795165,239306.16608966238,5238.707457711515,7018.841507513508,59509.35526112741
3.904815492286343,64915.88753389306,2970.0176787985365,1936.9717532231582,0.04233160422210058,0.06539706429392189,21.55560539670517,130.47540664359448,631774.584022558,40774.71637052709,80050.37552859468,2483.7109233446104,14112.545279796886,15300.615060281623
15.658844126066981,53000.489684232554,4047.8845566029945,1630.0884231062764,0.02907327844521426,0.0253095790043057,39.04795488647625,44.99981194391924,525886.775663716,8381.266957446673,2932606.6958369263,12071.68766566054,5806.465414792792,55313.683786947884
35.98942423947311,55400.806888112056,2586.2460564614767,2937.695100500767,0.10069708559979948,0.2897287872284757,94.24472406198636,240.13640615494958,164537.29121074357,12749.596533943213,183912.30277120686,1369.2867905489736,16446.398718937937,98621.04748984227
24.415798205019765,93790.6182649441,3752.5137957178536,4016.0920680547115,0.04310443798477801,0.07056711963762562,22.537876636587587,102.23585715744328,345782.6543054932,10662.565431665813,37718.19645119402,1465.6137050973553,6985.203221663042,16238.581552861311
39.06988469292952,64211.79510139054,4450.697336504234,4427.015060214686,0.0809779709906431,0.040328370769609434,89.30435234300663,122.70313635739996,107735.61666101974,4894.074280056215,19663.58838569476,6685.712551443638,15334.289607749994,78335.99305016614
25.511512229078733,38330.90383335452,11875.656208957946,1701.5339779743254,0.04301535971331294,0.006300585578798263,20.230315538963506,274.1867662942144,185416.94358419298,12145.717212102814,1057601.6059106374,1058.454160220978,4279.952066182716,152727.49327278847
5.732809918786893,37551.43635019066,3620.791153357035,3212.3488107893468,0.025906336306328725,0.005042275368803251,18.166674257780947,69.37378856759511,191321.8777202723,34860.64531726791,10067174.95486411,903.3034182552775,409.0042042021879,48104.12241682869
48.17594351899198,287108.6305418925,2756.564930757267,3810.1319323403773,0.052094447942681116,0.15117266901402088,18.980366967832357,100.34289840153482,104067.25855970285,403526.1599789145,15746.733911115633,4524.852080920265,59656.712965536826,114846.15834485175
14.452153084488977,40689.98846940121,5947.492385306121,2624.037991135428,0.17954499921213515,0.07726333313924774,22.8013079699308,278.8655981344177,107627.1718897526,32902.52693096525,307142.2653297773,2929.2316922716404,13753.06864939184,15798.253732476089
34.86335934055184,74743.86357950003,1865.600981959539,3264.0523708558403,0.10933704474513609,0.07749241072666886,7.088372567174222,119.82868102447873,377032.90543389483,7485.7628768568275,225630.39292087284,5076.811109695707,22542.780677159957,27582.602511121913
14.506243209283715,65554.13948482252,3146.7266838273435,2532.6077134514094,0.13609667420454996,0.1165871865893069,18.249973912437323,134.5505285616299,118850.88855736227,248862.63820453695,125981.54191564924,2497.255434315868,10594.8531328618,38026.664844922234
10.404444307786877,156594.74868484557,3062.4193529827858,3489.6112730790464,0.030674368709659002,0.03154178606663409,13.379191718276319,122.55448850833186,20156.05737958285,74558.67762682079,297489.9632047248,11990.048988084762,12901.328361455495,35155.73887663878
17.67200832014957,134220.895606621,6133.3787030906315,1633.012865820612,0.038110669691751864,0.0944297499740445,57.82242562220643,223.24436955673167,367578.98716016626,5982.94406207951,202227.5103540316,9491.695505180223,53060.28141661476,5352.596771305251
13.98975112488159,169482.22662485432,6022.189670724752,2878.518307760657,0.02319486231145168,0.06333178592344021,28.104479284035804,25.63046943402193,454372.6955445477,14455.484853474749,133912.86513796364,571.2905321826173,96694.98533983273,16401.191254100355
8.224678916259675,28264.74172881691,6194.5288691925625,2303.5756439374263,0.39715111261756136,0.01975597413249335,10.421526328718821,87.2123948281411,214461.445631457,42561.14265760897,229155.66119847065,17933.54188016317,169306.10702095006,102310.61934306347
8.669017260722477,60480.6788670857,2721.333417614575,4334.5775126674735,0.20663315604530166,0.07473884729570578,47.04545591454897,40.11931850334698,126026.69545450153,61539.029303123825,305039.13173245353,4979.526349586327,17224.268047571386,41142.94341794533
37.920322944912215,34154.304336161425,4841.035606574846,2824.2320308996273,0.00853491950473105,0.04210200204765111,7.199642846925469,22.59993057102994,260668.12002797995,65394.65362786827,142411.0489996027,22595.23121884346,67126.52451667181,39956.09359019631
14.605098235494602,136898.2171864488,4816.946539172133,2142.9490413936237,0.2888308370454373,0.02034903360966355,48.73755639092047,87.2325197316584,439999.16561367526,82218.81985043739,667591.595546613,1940.1170994933923,196299.30259852405,65286.85095448508
15.360520112723973,48466.11064663444,2286.872795092112,3162.9921124987704,0.046569770388085484,0.0867862954510832,26.91813228197554,168.31470218585872,26470.350696253627,17519.26763175681,136569.24897967328,1392.7591410391872,10024.160878844612,54188.88707380436
4.584370428347313,52485.119458885885,2648.389024306348,2817.2164653375335,0.027951305342526087,0.15514282552483702,25.85512713458558,157.1912712495171,239673.26894159633,4543.02670918526,310770.2164912901,49421.12962502327,61401.01878449084,61525.11549725866
14.74757806551454,69054.49732416241,4167.226762121279,2644.247972812804,0.015990509545334323,0.04819391189160055,11.550442135413437,191.01760474415016,77830.92602987494,18997.357179931565,12206.516466282483,2988.4793918742726,81650.51019590998,39842.070584707195
30.398602339242434,64238.314499240725,4383.748398748063,3536.5818967107894,0.01790062577965813,0.09787678128414436,19.654757419379095,119.63027391577914,417976.1472534713,10464.32642680717,78197.18496526449,995.004952684165,2403.909060351519,20305.46786116658
59.526003215548876,42466.77060145837,5727.308568514176,3368.953784594247,0.03474574794320124,0.10007827820809487,25.31547830962799,130.29909392759015,294622.1393855785,7891.086792136942,280414.47315342416,20673.991410314615,9929.155508496875,106937.0378242016
22.499916352720604,165054.00406469934,2653.7593826566026,2706.2003824493036,0.3565580064923991,0.14050712835754584,23.56433721772237,126.64317950234327,29262.651847237885,3407.1993201198397,617819.470447692,11885.090918590893,6961.189425022596,24521.702254506163
18.829852377450187,75164.21239932821,4405.732501887378,2295.925866860775,0.10162667720358555,0.08350982029316056,23.925752576260575,126.33987823545188,211502.6059428856,11657.34709765186,42788.68975985517,1978.7905793551845,14313.18468972691,40288.72110713596
13.05122291542639,55726.43811297304,3756.1489934795604,3001.446927781311,0.21907860272322444,0.020814782744239074,44.797963894719146,94.30840171443474,148270.67636908375,19146.344729229408,336162.79102916806,5763.932078809104,78323.21008803486,27241.367439837773
44.773913244193466,55297.875406358595,3465.437182505944,2776.4632667173278,0.12154738626613365,0.049323503308437336,13.466883443008662,173.1495290718405,298523.7173120715,9756.130521987197,634341.3426683906,938.7908320591681,39952.18911031789,88045.86763455397
22.035802739854947,116072.56886163118,2193.064045088104,3635.255668779442,0.15313677288664987,0.09844397300089865,37.71493912403517,153.0223033545905,497274.8348780662,26597.914476223676,50116.01680898078,11968.256465896526,9757.040076671476,95743.64927582617
14.604419262963683,68219.11650271788,5132.781784921589,1749.7169456849663,0.04624728445653858,0.03903328460990015,13.450515834051764,117.15981247713924,115502.47204730776,16694.735801043167,234786.91567754067,4563.400319569369,22572.958838089602,225235.73453458765
34.94811339952064,59799.14105807439,2180.673877259738,3958.702650745975,0.056551695656002945,0.08405911707057781,9.183066188687219,80.4563957789386,372478.8926464671,15646.827042470843,63359.1633513637,2055.101893392047,16672.43775378772,44973.97058761083
21.679522080806162,131163.8957081517,2684.8670620844437,4568.342175011319,0.187287901465739,0.08873135489321775,20.86293337398084,53.20272784761841,161295.60592961844,6080.695821450439,38416.98604358506,3546.2111800716266,15995.17843237579,104747.07669814274
2.951942848807945,117362.69655325613,4028.1429779716486,3024.0683514462103,0.7740026791137194,0.023289091765592376,10.147040501911386,139.20133959624837,379040.60628097807,69699.83897338978,137677.4155491643,1703.3866516226485,17344.959071862355,235635.36824562604
29.96351368810918,81563.81662325264,4889.550682333684,4904.67024194971,0.0094127638986082,0.20641934532783696,39.83220234579841,51.89869748081253,123271.34759549287,35607.555161495955,208121.13233259832,3193.0382648156187,28433.55662553391,15748.155470384138
18.65225685648676,78206.32315629142,7537.191089135802,4545.243420498176,0.13143172755499663,0.5741543768731157,14.988567847570888,34.65755087736335,42754.45266252993,51433.302175017496,26993.27877999072,3983.550220533166,69216.94761160959,180998.77989825263
71.6243266650963,40382.65508712013,3360.515249955381,3801.095608862415,0.025618218474267616,0.0446302364536867,11.335436549166898,62.56655365048975,226503.4813020364,2776.5216503594215,81559.64577418326,9924.825315388953,3059.22300732641,8199.768680652964
20.118384088877452,76858.6180988126,2828.384698416928,2315.149890290651,0.12267858717555583,0.02207921153703563,15.468607994565359,53.86158498010499,288979.4784895423,55638.168737572996,34123.05104615606,13883.723653497438,6524.036607124839,39467.884128187754
29.30502969006483,102475.40614867849,3429.797096557111,2948.352220064111,0.6041495836791929,0.18367057065633902,20.839198302004323,289.7224401174042,27496.057237433623,33742.597444590974,15229.424159036766,11687.540839041487,26371.606317971557,155328.25042936014
6.414277441877082,210477.908165964,3488.598140281489,3205.4191227720607,0.03145630842501689,0.042754741954075186,24.439792195507884,106.29435141208315,205016.29503027376,6480.84500418487,55414.06720552283,5472.567415217547,75396.6462918658,102237.32217411208
31.624524134125746,42526.12425407843,4880.730979129227,3478.7793002613566,0.08247707779528593,0.09584057984280038,155.7777166066382,129.97243362022343,71840.19824514489,10767.079347382425,510736.12745895586,770.4375166898334,40017.33042558039,144853.15880755102
39.475384641633795,105615.98799092307,4351.987112227175,2486.619766779688,0.15075147620707946,0.04152809383466087,25.906921720841904,80.61773745697948,75459.63521274886,13758.80722458426,12979.820737769985,1255.0896000901591,3427.7461347076405,137861.08398401176
27.597107439119355,33216.141375822684,3515.4284709767585,2812.3804662625926,0.05617227065413063,0.07028928017112203,3.667040014430195,58.63215828321707,83187.52330560207,10735.875985536482,142381.62996315974,3397.8132020450557,13281.484262998754,48290.84550091912
19.866536715943575,272292.97309960483,2620.900793134688,2786.123414160277,0.2884854942618007,0.040873601271249706,26.418836762358232,216.66165068813322,55980.60173078878,52931.44371200404,29725.094856833373,1811.1548367913936,25894.95482286046,69192.49819952986
28.05180249688573,51641.42460596718,3820.202980636374,2373.2020305611595,0.05821833114553654,0.008808531513443478,26.33100883671606,135.70650045751393,22931.478826176844,37147.69693167067,21664.280584766242,17536.608857072024,44205.97502012312,17289.152933985708
9.698432081042945,30518.069685389128,3320.9463272456883,3074.9652164318095,0.058004979755081114,0.07685728976193726,18.795182406247033,148.41224588596305,67225.46192286018,6842.658718418803,41680.05963995851,2558.4655830730453,4897.697154091752,36657.45763220938
4.736620718289001,59680.012561816395,6593.907680008202,2359.2669120109695,0.009321658128391586,0.0373222286755043,20.75908701944635,97.86039958746818,294625.0192305975,17003.559522882646,120668.75698955696,14873.148308751186,7645.683825163254,45353.64146386578
16.41211310487163,114942.86306311701,3494.648149975126,3193.728313369098,0.09927148642144214,0.07635087596619317,6.13290597055824,82.79483194009639,90331.69193390009,18624.146798142847,3611568.5372304698,1608.0210337635472,16146.15809765283,70595.70265133133
12.911474683914943,28149.601053592134,4667.754390070944,3952.400238128534,0.19973259986197872,0.023900949710972706,66.70385742046119,129.93129414327765,97123.48332119343,36774.04475044932,903630.1279941149,2150.2949469375567,2734.705964420616,10852.177365102165
27.358580634422783,68571.81040289224,4654.862483015449,2646.0682552551243,0.1399235011247267,0.16435987413273528,19.098939824675846,110.75576373730117,116123.07377758043,2791.0873444306176,149379.44650401597,2275.6766784433885,53827.50991406186,65369.045357087525
9.55811636428876,72169.70290241865,2177.984492289851,2778.964169130976,0.2378619391514746,0.13366350300502727,20.270891486836007,39.227109787187885,28623.77642691797,4794.315423273558,7298.733774414399,6585.762523324994,62471.36428892091,23347.67379884092
17.072002470495356,184850.99527196976,3760.9457443970427,3822.6328201423344,0.03419689237699337,0.2182245394623804,18.615663424999948,280.7596627543054,119049.7571648212,9741.258791184853,62933.65211840745,29263.36626156582,4034.8591234228697,81139.09379983263
10.329911055754271,39105.905014015,2671.0194944774807,3070.535721811969,0.2922692754576773,0.06595958478931789,25.102196744277364,111.76373635093628,74387.81903512498,4454.047585864176,26344.482230216403,3309.407975263294,22134.75880759431,182402.7083272472
27.08989855404393,56699.088199342266,3554.6272248158357,4624.940015817305,0.03454784296341603,0.05338288608246434,43.88732910487753,166.88797805260012,311384.1046630032,32876.95343793178,25044.642953743547,1200.831677408799,21352.173201845504,196185.37482270764
11.839205079190567,40400.129858057335,5168.47014829723,2341.268969070099,0.14433681045682387,0.04609008965194066,22.258874742167865,233.6681460360421,97035.54364381214,10779.89728009464,224262.60515040057,2426.579549911106,3424.981285181886,42791.784623685286
24.469418998779396,87822.05450071237,1796.3672976798834,2583.083262521973,0.017508687704288765,0.3426180951347218,13.51130333889567,98.40528949969813,323491.6569759435,1144.8017368536189,162994.13127809044,6534.112277767458,17945.64438057214,30799.84059197945
13.593033255488859,65215.7014943145,2718.6951739711185,3228.631237603668,0.022068596755189178,0.07901411825725145,11.403686794625608,155.76346279573227,51051.145672029146,25039.11042307659,123004.12260137845,1929.8548662501164,10574.564905134866,44526.53781917159
25.997436585776114,77092.2347038761,5655.263653912851,2641.353027107892,0.08035585228569307,0.13506496628203368,40.3418099408212,89.36806944555865,202927.9652502389,16397.237901167144,16937.284361421174,14667.823280719538,65561.96834731489,32013.03923733796
34.745675633972404,69499.84589780623,4178.160413019588,1958.7589810753002,0.10828450839524559,0.036464815892989624,18.371346389415766,37.8633203587939,96972.8255975915,39292.574538737696,109742.95141208443,2951.422134001193,7549.435372342073,63914.59340278004
33.47686257349822,66136.85290316516,4181.1819049188725,3135.8973237457053,0.12156900540063921,0.07794971652914183,12.709181824611548,473.40172714187736,333510.16694307054,9839.93873105861,299497.1100391696,4034.882730966503,29826.059390199352,54307.90485368
11.671175684265773,46086.164048719096,6197.603523434139,3824.6221960937396,0.09573814525949777,0.23940970105054662,31.095763082789166,135.73389731540485,82494.85893279026,3495.9755174501693,33204.62950850473,14854.78548291275,22267.371251150795,13577.06011503475
16.93746944212691,35882.829850916794,3972.976358053232,3654.489881551615,0.06221250743529972,0.02810815259980425,48.27254286212804,118.95715548421917,190867.67703097322,23831.777186634932,232412.37560955607,1797.0638927930079,47210.01089932557,34651.417361357344
11.737823932031155,52626.86395572541,2570.440553221607,4820.365302662614,0.17956136461188665,0.2754906377856098,12.481064056063992,98.01988255612589,184975.15322564053,47406.237413125535,216212.9478198169,995.9877879324085,2136.6462169223923,11744.738152971802
12.578906720923003,221779.83781617376,1935.0128902862211,4195.486501599145,0.39474462494288465,0.2908371488678178,8.072133578674421,88.75928728650855,142627.85161136457,34709.893557395895,61635.151255610515,9040.693296464287,14076.186406942206,110885.72253240785
12.996276641904103,43250.44479198819,3439.8160884799136,3790.818752904985,0.11166597875958235,0.4252758974657688,22.4786069610991,56.282335613966,63962.66199729097,8819.669170738727,252615.22308711318,1909.6334866619195,69278.82048568588,34280.362792241205
7.645996903469899,234907.38383028095,3787.7321139787687,3417.0089678406002,0.014705146767573493,0.01924845757103636,24.203273146939555,116.05871888432257,62942.48343463081,3506.196763179919,398698.0158833974,2695.245064706534,22712.5431040667,33937.673077890395
32.06674358409189,264091.9636739421,2451.106593335017,4823.901093410332,0.01061059735056711,0.11732118864161287,49.91446108650366,72.85786614665994,45926.27804682975,6068.239622904779,1291399.35051116,407.69960044042205,6153.566230219587,73868.53044274703
19.679607137325263,45166.77421436601,3456.106252467804,2183.075673431465,0.30307530211974293,0.036141935155121784,19.51703743847012,106.09579051604963,515840.6449998973,14910.541481777323,1131667.2661313834,2394.1212126218666,25158.418041910867,75648.38584239464
20.694101489059413,66900.54017716774,1767.1951147024286,3200.191848750973,0.04380572378301089,0.043689207017918064,31.22650846785905,47.694319252330594,134138.30950334668,6724.046932967486,115240.23381577888,44625.56642463993,23800.598047022733,134437.94504141028
31.494433036191023,118771.01505336496,2550.4212543232898,3832.7042455132732,0.030906813559639156,0.05905902534732686,162.87163899599264,148.90545738946105,298163.15676076105,44849.02480639689,41706.35424946406,23536.93526311909,24371.00114488758,50559.108436585775
14.390078449525218,104579.96891592914,2981.2911445786385,2118.656478138823,0.03312938415254115,0.024284515430285147,52.37404385188,38.907234469414,120622.60870265483,41134.83417315177,379994.6799725087,4704.43811411981,1320.6324078858393,198105.79465476001
22.837767251419567,31986.30350636507,3593.217363204982,3205.9566795074393,0.15049108423511073,0.15423943877564555,25.50470051896126,74.31663797411805,47427.8263966106,12947.68951436751,115378.12362083561,1930.827226562582,6047.0791870558705,73804.94216125774
11.073501028985655,59413.35455089746,1918.0048095880766,5270.8134515079255,0.14460383964461726,0.026037911822026822,20.195362140890275,62.37751428694182,239350.10482551926,15937.805664767722,512927.6387708232,4062.8094995211404,6722.75527560352,42302.09310829316
12.259389899522391,31951.773034660233,3414.8901856387047,2541.16100169544,0.01564591095954168,0.2814856260870206,17.228304682300937,59.990680526058206,83090.5223097428,50294.57235357965,51292.16021290542,3378.923259243373,98697.32950200808,51221.30385801736
11.542677464290852,74924.77148340351,2431.2525902197867,2940.5495136534314,0.05132277166432545,0.056107467280507986,14.07819617921389,197.5249416516021,590421.2217821719,72667.94253011025,64297.60216522283,6034.476955745432,21884.24308617571,41461.83866353368
47.44539746710251,50516.84355615136,3295.4622428052485,3587.1240870928727,0.07026315371268022,0.021728401685155198,10.920683011451523,125.07992327962154,69957.42330090383,17720.296888405675,184453.80968916483,41549.94217069541,10232.03106037949,65022.69782109763
13.72522398631669,90556.97414042383,3837.007197858371,4326.263535240678,0.2005399656854235,0.16957051277717822,27.255984337989783,30.62462256560109,446673.27488846617,6811.99443538258,415120.46472939546,1121.086596049509,3053.2190142919385,73634.91612229242
21.618091675863102,44081.99788583953,4991.4022139393655,3178.268534405188,0.2774107905166982,0.2429493246725288,15.649354244715823,37.7148150548413,190607.43230306113,14107.79785605165,12152.603177548419,18937.828347459537,5400.555279087179,175843.06391489418
26.480678882995782,104753.33518088736,3470.3233836403906,1163.0318454385017,0.08737495325169083,0.07473284109817899,32.35576181195063,148.60209261761852,227326.23703204928,15740.24350488364,152868.92196386028,10555.635512552633,60162.85662404155,98537.8410525167
4.217062348137953,107742.2065704196,4278.529448821775,3564.1885219748383,0.24225814816584215,0.06166793217978181,14.653804849927315,151.0730454396866,264664.6907894363,122185.62945853753,2198210.5527299237,395.74840330193126,8620.114897192923,80083.66101008348
31.75378341183858,79180.0149824304,3101.9892377167935,5177.746474538474,0.07501527027103261,0.12469428028985477,11.457809659018846,171.95473340399826,43989.04199038811,26809.438246934063,63835.70063103239,11830.668996702781,3741.1885972328882,154847.10593154718
30.058065002255404,155836.46948821176,3162.200622751447,2405.4048449384522,0.19234914968837635,0.021622676969483393,7.545493711249188,169.13547683370973,497185.7021309632,9791.242163199984,9209.329959418432,3115.4357267688947,124889.99277025794,80818.00122957086
32.0532954081748,124065.97449976431,4674.485949225518,3523.86361607676,0.023960609353696698,0.06417532919829701,23.626161093621977,80.97661461884185,351300.71317534405,65127.01490061276,112352.96940355065,7654.532642516204,3371.2029733587033,217856.8948843134
17.605840924214235,77377.85635500481,3782.6772595264824,3847.17062699544,0.04130650047853526,0.017262959249724256,4.52060476852494,68.3766533670327,107483.97848865639,26981.926996954768,5927828.182194483,14754.706695958927,19470.29508416952,31192.64804060803
23.510537273452975,54994.79566893043,4509.399217901947,2475.7420351196115,0.08444213458549986,0.02354451656175386,9.788236342458012,105.49338247841109,541935.8045450512,39136.73741645264,133323.37589283305,3991.858188255502,12887.769114455552,24415.85476761555
18.14031661174215,53951.63606095303,3774.873260369609,2972.585499218163,0.06310535959417735,0.18660058471413288,5.886041650144807,156.01822792411068,357637.88223005383,14097.628882268664,423889.0956234733,3605.7012242156798,13281.057784366563,35996.0080318946
23.752014919528627,136298.84158434396,5994.500775615534,1584.3658617302922,0.0975739774647433,0.12877826379471283,25.71546127407889,34.84108726613014,300050.9324338792,9856.460978234843,307493.9961937628,4108.459602199372,18391.298756956014,72186.63279973212
32.487088657681724,57274.316794650855,1795.4598540769082,4207.888368604479,0.019181440159631736,0.04992557610243678,39.53914041003867,91.58081482804646,205001.84773242444,24729.443582229727,263817.40435479314,1322.7151389253086,22309.152477869615,63340.20436592535
19.0632607559626,51792.70748146072,2944.9843790693017,2764.9211792336955,0.06718459030245949,0.01955616829971534,52.9405790223096,64.21093711705144,267498.6962333095,9242.718830412106,110324.38624345051,5627.074028879228,3424.89641135217,119211.57602514511
50.29962621440058,95728.56191339478,2103.0083110123724,3120.5132271488237,0.1433089233403007,0.09439170923389575,4.258694335281266,25.48084951837125,12536.522317725763,54719.85311495871,73416.96595377836,5350.419557519569,133283.05801143698,48014.82768479638
20.358540645578007,114694.55231391486,7285.158024211784,2877.5134945595905,0.12207055844234396,0.10155893758955759,22.89639886846685,96.58143011497026,104638.1318039435,13539.480653589171,1964032.372998783,4116.1846963738235,29711.263503106977,147610.97777767963
70.73897246129495,56414.01616624924,3143.1081720131106,2583.0317230506175,0.04443352042149966,0.11455589367025769,12.060040940784589,154.3112186555122,132859.2549259102,51956.71288780926,32623.345903325673,2327.831141084939,5161.926288890685,110877.3765830715
17.7289942895636,42351.1046746846,5368.560748375413,2974.963760587219,0.1945811857818469,0.03891331240245495,10.074914812307307,134.97821384261306,104196.54516966046,1683.016206071881,576077.829522279,5583.949110950472,716847.5793817601,128579.35880699218
59.34187833806576,89302.00869622966,3839.320417310257,2402.445982127196,0.09741783823693584,0.09253576249306336,9.124956433084341,179.74687320082404,146870.46994035557,29330.8779532109,25849.646170732824,3609.586202620361,74029.24048982067,43428.1078746444
13.241530769532526,53767.92516380032,4280.40306670707,4568.064616200213,0.06622649263737024,0.13678094933785925,17.98365594879779,70.61963125146669,9021.482508782632,76937.00382814927,12658.086999626496,2552.2352033756947,11226.141212607448,60708.51512831523
11.1946366621258,78713.67556206854,3927.4514274494272,2742.319535208781,0.08136296497602565,0.012930434872149107,15.417935087544375,79.49832394123057,111973.26634732555,55200.41798293838,26310.636001526324,8359.733658911464,18724.547958160965,230244.89481612388
16.06170446821538,96229.81752000732,3310.5072585898206,3632.8863881486427,0.05126224289150703,0.29837030372794476,25.62714502959567,140.19875071144855,307868.6928260561,19126.578764654474,11725.682972616502,5614.997556668871,55639.60277172048,61916.47903150519
19.20412417438035,61890.85781246622,1280.2817966073328,3497.493517291394,0.5980494116407092,0.0867970367001969,18.23278301564592,167.1931924552743,412468.6005896053,7575.692170028881,553368.2890770436,3688.3011537640446,36054.51814734687,42419.72582842788
43.06557992217386,32513.092834512136,2489.004581000368,1951.1905180995361,0.037753566797427314,0.6304615879305335,13.443416734329624,88.58213674675241,113199.13653218582,33051.83162323478,111100.94735473538,5271.503858913951,14284.110038777655,24090.361622536882
31.149246381155212,88406.62742656958,2429.7713446438306,3494.5539279548852,0.026783277824898182,0.04054039002017016,17.884711574640804,418.554501196244,22919.192960330856,53104.81621346198,11628.433777005652,6641.012580569731,9436.391155139727,69988.92490734028
54.13388750283683,138790.47880829917,4286.006390548286,3462.9043561503395,0.14251570633448649,0.07792899568451608,28.232925546841027,265.7992797546445,460279.7941408764,29424.958605102143,137040.55593409503,2383.150538397833,19407.39567191251,25007.06018111985
31.811172991413944,82388.39217677977,3657.353887516549,1903.1275370574892,0.03776350713624745,0.11810264770761186,24.154159145394917,156.53639495758983,116899.97676042821,48531.31013229735,304984.6986154661,6969.869315060881,10013.655009217666,53496.21440884458
67.3518846389001,39570.27706601619,2374.8699835064835,2495.1863730003292,0.2390345120426888,0.01444904141199932,39.92519835343432,38.433468484459915,283750.78829569794,4014.0919245121454,310365.8026863674,5803.9672721988045,97171.1329718362,96279.41258837005
9.985933293569481,197663.07791714213,2330.108450411153,2341.1015921674575,0.07768942333741304,0.013472406323253474,10.59283967816683,79.84929894256238,118084.07280345983,11314.811657126991,179010.94864822627,5935.1992444265525,4025.3391557405134,36531.15057941138
25.782430993128923,19955.367428887006,2684.9147949661797,3004.93973528728,0.024745124830717263,0.022754385222380755,10.807085376794252,82.1191590510349,312525.8360630793,33276.81371991659,11352.691224004448,1752.3111426334283,78600.23403482829,63927.91223656585
36.64430964894919,112120.81682907688,3017.829192194475,2850.2103120631873,0.07229102819385558,0.05974219102614278,7.099008827461211,140.9370850106317,255543.0938413031,56264.81481696814,80232.11025972954,1827.0752676357927,13897.362934455105,45523.510144935455
9.032691103662167,62496.9307350683,5352.135998818235,2498.1856831238906,0.024586202733146222,0.03237697876398752,19.16818620022241,49.29828996340324,598659.1987192656,9566.182268344442,225884.38024234693,4974.5536536025875,16943.39094581378,84044.24925713988
8.350744766937174,33078.49785896306,5019.419805198312,1456.913359277676,0.042339288852512515,0.07206400367704237,28.162077679351945,79.27387330530884,90646.15802209011,14102.80374756181,37177.8193581409,8647.009114908302,40240.75399147977,145886.9128034019
12.577315257293971,37809.08698993341,1621.753317940538,2589.56499282326,0.0423479727916713,0.01482714554067734,43.03089197124713,276.4323598839572,97125.6252966452,5932.281335623509,388336.1725774979,7223.698748604762,66975.64707521522,88778.66186169561
13.432852718934521,57947.40790477986,1822.5596232361531,2689.061582573639,0.052371330099789434,0.1878666973024773,13.036481182201625,139.52206816495627,340105.5905754248,20095.517234872725,41818.40895299691,2553.9941598380133,67731.71012151388,127166.82675922643
24.00623647380073,133141.00697624634,2526.902829256541,2756.0466790492032,0.14414141759233562,0.015318192635408604,14.361879735531302,181.2609551903422,280968.98654939426,35276.47918752027,18505.35816280468,2007.684515896198,9077.376255614485,22487.441489197743
7.942546225679553,38061.12723980786,4410.278499434371,2819.5943117801776,0.04300582510537722,0.17058242532509557,34.73286115919672,22.191922352204667,66999.8660861976,14785.98866273175,159849.39988827705,651.8215827522396,4764.360465162326,198879.12514701305
29.20076850881222,151511.36997741932,9263.986721360745,3302.468615008012,0.034756170939652886,0.4601315350303798,19.48320980576994,87.46996700821083,44634.55120748155,22359.965423734397,196774.12813552446,3991.6078103707455,12500.323067452044,8020.791646582327
49.0719628907274,112335.69853502295,3800.7823129079684,1645.8944842504009,0.034361261675502026,0.023820669837037855,13.847945374409104,58.43552142981334,159994.65879294803,23505.522949272396,77279.52355471397,3159.3803647586774,40027.32779097779,38829.33523902136
21.87717832741014,203990.8224720287,3526.68454735664,3273.6113195513008,0.05165957235775704,0.041862292971975565,12.197583022922881,60.25252422792067,166669.2682186077,6942.030063357058,6976.752465164416,3848.1886239266314,31384.019400756657,24371.119234932947
9.132472620978419,97625.3814333932,2482.0318909762636,2582.855823432699,0.15940764181112327,0.3053672700301413,24.711537893913896,99.68340731241891,118779.84573752426,3167.278291749326,11523.731493471238,1532.8936425647005,198425.49486775373,102157.70093674755
35.16572669698866,81637.79407734438,5761.504845065573,5851.209104397882,0.4162612738916563,0.08658209399663569,12.188563746523942,67.47383628753401,187908.0332235366,34923.21080567656,599118.2025471986,2346.407697799999,41998.10677019233,68050.39783579433
82.66545217931404,93424.64822899645,4667.520560607546,3089.243850811364,0.2096840415917774,0.005227670713364846,11.84281891980027,123.5238084093443,121576.60246827922,13511.265384660672,65746.11390378972,7228.85912108801,47773.97389933919,62716.439541774795
15.309802169550055,131830.87944138458,2501.704542489888,2547.0514895030906,0.014722350479079898,0.06242339206957268,11.666250486291348,131.78920713470723,84479.99752422773,29132.657479257585,36037.09309893221,4511.6751262700645,5733.586484393299,9649.575443617572
21.77539572859377,89869.23395508954,4065.601609244231,2910.3484965521534,0.05371595421919043,0.08409416922011394,20.61175415480282,164.9568531220894,269204.00399812683,15135.980101821482,114547.45716007487,7407.002421850617,76583.85656028437,25558.576547449797
25.87900332668308,38533.9520050178,8206.167949991996,2117.3888452545125,0.06099002892653669,0.026233351515925193,50.716309125942885,296.8617991463041,108136.06600746019,11321.266147104594,65330.42199685702,769.6155202821737,84214.3712367833,82177.93047684028
19.78229989494274,67348.29113165697,4461.850523106584,3985.8993142087515,0.006590102171105955,0.01962046715881227,17.491574260445496,77.14811381483688,181894.22377022755,9003.93287985618,40316.1313145432,3960.718033399852,9479.750139816402,114261.85997949533
26.994822124685378,56935.03747727746,2896.388812278149,2306.4191492225186,0.046435940677166505,0.024602628069347834,22.432241865122254,97.62991904951119,12464.880342204446,3518.301029330788,161095.98726158385,5206.728596138672,87325.7781080603,29243.277552231924
8.427624169041243,119273.66164961756,5513.541773009147,2517.2400539316936,0.12927480615435646,0.21138211983142252,50.519906140865764,47.26528602121082,102849.62409926645,89512.12497253821,76200.82948930384,10640.732026746691,128969.69652145571,224137.43924471908
10.395560425608496,37319.25798793658,2279.9248144238213,3191.8740224559024,0.1671360425105964,0.04071788155149072,131.421237505894,103.40320960955695,43840.13885207419,69751.50520662032,86218.98920156251,6011.134296832542,288813.2433510518,26757.55573677146
18.063897361094053,109170.54653764176,3468.112350294581,2495.716481400953,0.10096466093968286,0.03238819669505682,4.240766385412343,190.6444031043669,81500.34244118964,241715.4329029099,21550.725296912577,6143.3502205810355,23392.48763460686,195136.85707859555
46.23641945252245,41232.50311998291,3987.9756690245545,3564.818470598784,0.05825929939708798,0.04467453548431596,11.012389472078748,66.09716459637397,252558.79696472784,20928.104273150053,417615.3547228319,1960.0786060852852,21022.594606394206,20827.115592433332
62.786290222314946,117520.51589083925,5015.237218554855,3595.3379404828697,0.05448597132683371,0.013950877480093618,56.61553457411682,141.90438627563125,493953.68978662306,4282.38594094079,141832.02887526865,14170.156041167493,27254.77199317925,55495.34335563247
39.0988916316527,83030.29229167236,4067.4644492345474,2062.7521643416326,0.05287676084958184,0.034760702492195705,35.94705726368477,189.92627260176454,92291.7685420969,3459.410655248907,267924.52871128015,6673.037747294419,36004.520110641126,14808.429374370804
16.780655752890674,258484.58578577952,4146.590087774811,4489.655518444286,0.06299206517101166,0.04719278854082633,57.198221057188626,109.2966933554313,131058.73076567112,11618.488685367085,97009.4387843968,11534.894897958413,323850.60033831914,187722.09609860615
25.532312732874757,77621.09115730158,3004.0054548848475,4267.16881165787,0.03520168314258841,0.14885940338559192,28.985565110941256,375.8385864510683,76711.44572728328,7833.126983832145,391514.7156979404,2331.057157373379,16269.98756310446,27771.443559623072
22.005361293268717,41471.94488501154,2508.0438730431506,4123.962553571984,0.018110290417265276,0.021219040046512098,32.32561801420984,127.93171754910328,35732.031402803506,9130.683828696976,269512.4151789038,4553.811259782723,3211.530977138572,124806.62426350861
17.393414282120947,131810.44611115401,7549.183975606792,1585.571883492589,0.03914979898704797,0.19578361817581436,5.6419101087642565,143.9851181385557,72827.90120868063,12778.486226887091,29157.09248641944,16152.130553723555,11239.432796432382,21412.35530591942
16.128024988453276,69874.08044596062,9603.077997333161,2225.0256233326236,0.028337596887628724,0.0783683982952731,31.608559827010936,100.02529568959615,198439.90701777046,54436.9675188331,113201.09104502354,81251.28969976539,5730.492073051323,11655.33485033932
19.98293307436521,28157.95076610875,2800.883958116892,2888.4418959575974,0.055227268084410246,0.1732749204370229,27.30381364755823,52.130407010387756,50480.54559957797,16710.907389499564,68790.40346044778,39325.801940517194,79604.98177163444,85554.70720511946
30.882419718347126,112016.23400185704,3576.265293767312,2952.4157757316093,0.03139896089229192,0.019822744187833044,8.510248387938006,57.0889599961191,100036.10555047411,8671.617925824612,1236031.649816667,3619.4916463483487,38148.35495932034,21972.780267109316
42.0810544032278,45043.36039319507,3792.7198178662525,2952.7416702935334,0.0665425344712266,0.1459947390439881,17.777223253573304,125.10882866863923,571931.6688798983,22316.3698629305,15691.563909425171,2670.1682397228337,72920.14760817058,66416.84153800929
15.451264744623506,88124.8763778655,5729.1168440664915,4674.294228709385,0.0792563478826005,0.2578900630356805,32.61187449263992,129.42729742278217,423032.186812456,54250.431755394246,33063.99870572773,10101.147898995636,28838.574040923355,44196.238297513984
14.866572798428383,32248.201090997423,1927.6239780469116,3393.9814071346414,0.631730530913427,0.19601232681013528,15.496719379173216,114.28004073157736,130356.351372678,5472.1988383764665,804927.4455481732,7756.837655769132,2084.482159155416,46242.071882808465
7.023993384583432,74441.8378416592,5075.849491537056,4172.367352166144,0.03212940797241965,0.043096122709105567,24.336360611337895,59.76350138717079,123139.36842292915,14619.488117253604,10359.621435282303,862.8359206582859,24032.647220645482,25832.330480792127
12.956460065520067,60508.15020523137,1708.040710993841,2438.6697608572645,0.08044577644249258,0.09146073646211399,18.339986006142478,152.7560995143952,639236.877341167,11498.096105162875,16365.007492739585,2865.7683063038166,15728.720957357324,155167.4820390198
22.369607161235837,61388.62354666416,4140.081355044642,3234.9749302440982,0.18162204852351202,0.06101359655093109,22.13603876813145,97.4347780775058,33659.203026689145,50923.55249315908,193147.8757615628,11689.184395902264,2594.8693354368934,13424.467345564659
23.890393866629957,60859.28236340102,1921.6509614481977,2855.119393526673,0.1696827169235277,0.007941467644341069,24.16922091401292,61.18092627965063,82370.41131183905,28542.346369427283,6045.919756091442,654.5204034949429,9512.525421259466,109825.84968469154
18.331235716165683,56655.02946502494,4802.6454890472305,3323.9092812186414,0.01589943957672397,0.07042430962311946,3.1695081951992177,88.25653183419068,89863.55753878498,8809.441634369534,8745912.794126611,5447.646745530325,24563.25081877264,53187.75982987122
15.163486575545239,47849.96561050324,8043.674749881573,1792.218583075457,0.03092495615613982,0.07377646621005463,13.018707091242863,237.30589007501206,83636.88089894665,14949.380007776846,91756.41427455122,1115.9734986312628,4369.673397198077,35232.11140027833
96.30999833249386,38518.919686655965,4215.900772759843,3127.4921926892234,0.036244140076494645,0.0307083762717085,64.40224056133982,47.171299218007626,196906.80315711972,68342.31227965004,35135.18465469561,3002.379273201809,12001.350716884885,195771.08575833897
31.61100584749796,196734.92673878904,2838.1278195120035,3837.8059663942954,0.025337731869452634,0.04897538287564925,18.585967873534567,111.63752392919008,109274.21364984963,162922.07705144494,78549.18225626515,9223.03917145415,2790.1142168181923,86553.38775909202
22.2747137087929,123751.20118334035,3288.107205164386,4616.395045433754,0.030729606720864333,0.3706621168172967,45.48210715073014,404.1576544116084,21773.33116028372,37258.09723591161,30474.70395330024,5766.350170271027,34894.84670770908,40120.9416409474
30.73006611149925,48632.950254473384,6456.517803436581,2727.3120875612,0.11630334032393946,0.027780205487364363,19.337144615936953,509.68083155424847,118908.47329493884,133529.1801630085,407519.802043021,21842.68727047912,16907.56558516075,16018.807995017198
18.891731780121237,40821.40660760323,3054.1784826155845,4267.428580445677,0.058008451191323473,0.04566490229772787,19.54063218774055,251.18003669255887,621241.8184518547,34433.458362581434,103279.92634700134,16701.3665942425,7258.222892023123,75949.00347158557
9.0688868989641,126097.58019069803,4456.258342498202,4080.3783484155488,0.07391236007195189,0.05383575661971671,32.81005223316512,80.80073795694311,112427.87399554862,38208.918227738715,26258.28536424605,7008.219946456857,24282.632024139464,74558.03895297376
8.981589484936368,127285.28984111457,3847.0050796203313,2356.8227050289174,0.03064275511843143,0.009396178354488511,29.116262253998162,46.64517950337974,21268.315045164494,26514.658103702106,73111.04172460426,11740.343331838976,14142.17357756422,213929.60827670604
52.72420470952521,47328.19916050254,2906.2319494524604,4760.834500836413,0.04660495074163058,0.13804780407298092,18.673029978956354,174.39333364124892,377317.96250863705,7788.9740944577115,81245.54318649882,1498.059482373994,2244.8286496588803,44498.05528524867
26.52530369387332,42751.66236911885,3659.046953511843,3049.7181069582957,0.013151457130617633,0.1345265549600907,22.96082366721805,51.20204610442577,258141.49563873178,21390.45098392092,375912.8631394165,21455.59332964976,27437.792157113057,174887.40127414803
25.3594177004911,266953.6457276342,4932.024414449735,3176.065759776906,0.07931877160880976,0.10909132924454537,17.25197967534067,112.03615931767,360763.62117178756,4791.935448338813,561965.3072245374,11884.541580660993,27149.662305004964,88112.1696071575
16.660770212516777,270871.5905783612,6615.058385951605,3445.6800397543207,0.09956066515973826,0.013192229759622942,14.00114137962425,254.27566763277727,485755.72176215774,20019.41373504793,7572.055553034218,6923.644878224578,12565.841162941986,47528.92229207774
11.766611500297595,37112.064259648265,2530.768619321835,1957.8808845748051,0.0499212695677506,0.06459163993207113,60.44955074094944,124.25755951671779,170625.84499487316,65306.067158704864,248318.40757328767,7280.697214115683,18616.401461085192,46193.447177902424
6.042932514909224,32799.5991685817,2995.0722115233157,2383.345741470491,0.058833138999907005,0.021494130906676186,11.537611044299005,168.818830613944,364962.5121972322,21212.269125928808,33003.45956470842,905.5797236732801,29290.95872298785,31188.634372412496
17.766154634902733,258734.17117512255,5989.479706915106,1882.1053982510784,0.02853732948912509,0.6125975422994969,17.960730700353814,94.14147618536649,156340.21558926057,12115.273834921358,70630.0570878385,3470.0780529225926,24939.18116066791,52423.88618467531
11.524904410948944,41598.31351559359,3409.4912320067037,2209.21702195801,0.06649672575207057,0.369865677971695,17.76051348723894,211.8085382118201,106000.54370906464,164601.62789436048,60053.24335800977,6831.731016790561,65636.43937595226,31380.83139213561
27.712605022962066,106688.9945330934,2867.7706838406425,1625.4563691716542,0.10462956956852475,0.13572579889916495,6.865584955634793,227.46044541567682,74994.20191973339,17777.41495417308,335652.29612486606,19179.559527637837,13600.826421993344,32671.232902543823
23.171686492574818,78936.8639723806,5244.237292762626,3040.5829752432064,0.2992470232499068,0.017356361285645067,6.526526896097944,123.32740769595051,69170.9095477064,4302.210553512644,225422.70952421782,440.07005068878095,48019.14230114762,9886.40380820943
5.183684726418693,53260.36017470836,5550.578501469427,2645.615082664865,0.19774910988224706,0.010614628637066267,3.9234877296297506,230.9526999145946,55544.297694322755,43791.32906733093,74596.71032423351,4097.545114518223,29459.3160806344,108700.99778188654
45.76650736932974,45243.004242021154,3857.0836134281885,2993.33120306089,0.02570926811613667,0.03845870810189611,15.630289279016237,34.98811063481402,143141.52339323002,20635.684316705378,152091.73035880507,957.331641745267,1076.5007394716822,21697.796638903827
9.338221609747126,129777.34185761218,6650.523452519841,2614.9330984411986,0.08148177402833595,0.07591540215454808,18.621539605871522,128.91421642674274,574802.6166693453,23515.293953229007,169118.31249264113,14786.59149772404,13979.80293100526,12530.42067226851
10.81743010380958,237773.10294875383,4415.654765733021,2643.7906305527094,0.037326971801086926,0.06477683379937275,20.07535962817467,97.25601562733212,270202.5778325233,9609.445855350375,41350.85145210408,2306.717196139511,62963.13657656767,9587.106682336816
75.46460538732698,34590.07828204766,3580.7933071849257,3811.6145653983867,0.2719567305222224,0.16405989137751095,4.495541869522174,92.6948191505224,157634.19786987323,23089.651684164175,118820.95519156392,3885.98383678833,2453.3862014133847,98980.0331950355
33.918729428018246,57806.05983604377,2168.2025386922405,1659.8722340487245,0.03331334965472456,0.008916782804744781,9.820193923323654,114.1600074668548,93250.31638084067,37466.470999524645,1464047.8657822076,601.6207359382084,9520.463630417918,25861.2918488971
29.56317690677671,35270.255067463586,1812.9149701193764,3982.6234389159404,0.030204016223310728,0.12047357382610133,14.41600186216675,136.3831125126467,131631.10833178659,10520.300660698622,44776.65680811109,9308.764115990403,12280.555202004674,116627.78137609246
41.89599582362878,47914.03113655291,3240.0595336172464,2999.8968786433443,0.14177927663835646,0.08661982396647412,14.644861192330003,119.18229584906463,230523.27321031163,12361.999937842214,121922.83154805323,1507.322846409243,16200.401952546657,122252.74822506885
23.958224520639458,48233.42359226258,2481.5504785340113,4230.719106155621,0.07641595847759951,0.02734240844019047,32.44178350763923,190.55307900552725,78436.45845329539,24194.05669885607,23269.789477637587,8556.88392119894,33016.10573380021,16880.092681128226
31.915669410049063,128146.90631911151,4049.5776016259038,2851.594834770136,0.17062609798923573,0.07546296583121699,6.553035141346277,127.23480405388263,175083.3975550391,4073.289244395609,104377.65833731735,6196.400662403932,58867.61752601521,86910.30435777084
44.98628305884682,312330.1298753615,3549.428328962386,3310.3803441016717,0.013512339045085036,0.3220100861111128,25.148643545040485,91.43301700333114,86969.95860247704,2334.312164637523,377533.29181445844,3801.8081413132504,7402.357770558905,11012.435150434158
6.7324353146641345,71405.04180439869,3888.4883878900678,3121.6492562577114,0.017896575540579072,0.11355451547135868,6.481125373726744,94.1299815357537,82138.30928702872,8826.249801281961,329594.9192569206,9181.96002364672,64349.10424388419,43840.439204276896
64.51122118994009,54984.667420507576,6856.2514953911505,2194.5841818924473,0.1584799160590995,0.040332395565832,52.8029031729289,114.30128868183083,409381.63179837016,36645.60766502166,190943.82152310808,2958.2161163502337,22446.428261733043,24486.874681644098
17.82863566425772,92337.51569592585,5392.169444884123,2792.196138076073,0.028078403942339642,0.05500448805134725,43.28733171266592,170.74245351399614,106768.79444729238,7873.682373247555,108630.21069807053,2209.7549418926205,23165.155904680898,32587.605196333414
17.875115612174657,81625.92033646627,2441.8760454102558,3102.6143395598783,0.2963673706552869,0.027752384308895286,23.87597371609795,108.94630732785005,202473.09850777948,30856.82967987958,75429.51055588793,30056.083252547578,16297.219207612201,26952.188668058247
13.428722469444853,60300.02883192536,6581.256541317602,2185.3805247695364,0.10983554053834493,0.27064287994836506,28.192060545824926,128.63659124114594,141441.01470365637,11870.79463479538,19059.251485012905,3378.138169566691,8254.547173259205,28129.933745262824
34.8518153433586,37289.39555013062,5661.602029975848,2011.1105504739346,0.3210172257701691,0.009071260504267457,14.874178210168203,216.29927029979385,112450.42932074974,9644.324126107202,987329.4058908949,2601.348303826664,51330.876571968925,65878.02748951946
7.848361341823292,47077.06745779426,1688.135327496654,2116.612464646517,0.012662604048153869,0.07413928743959189,21.37399274705929,276.2216585954997,65334.80097360459,5958.8217324595,288530.2767215035,5590.506716198925,53856.7830097071,221968.04374289807
23.31218550746441,165939.10900765742,1783.4345897058677,3289.796301934529,0.011021702630983874,0.05616566373866991,30.52720412816006,100.02936551524559,156917.38575521606,10739.40369579571,286571.56123084365,3000.650763430157,51348.4944798324,105323.08405493651
67.5108501028289,37814.672137498346,3541.6962876917346,3010.009675712778,0.28044919184629563,0.2340127589485213,3.247925931344724,252.10934753382176,116378.52248619492,6093.280751260482,26593.54360246947,1521.0020672054393,4227.935778851072,65049.8324720814
30.742274930531938,19815.86775200195,2864.3589652308424,3696.7799074488644,0.2783189450404924,0.25599413985003594,7.962959098744947,125.19856182038684,114472.90364905672,11420.602202465616,43275.669262349475,19645.59723467299,24643.73507330275,42716.90343642417
39.42147062184397,40111.51416361579,2830.8477876137686,1925.2800654285768,0.15852221064567884,0.04781908632381192,33.224386750660514,106.9463882003134,275465.8767500299,3842.848321159157,225316.6092145793,6263.610020724388,8175.153042495762,36737.142050538954
10.577466106991332,35091.69431142738,6850.90631459035,4111.040500216305,0.06094527180605265,0.1209229941574155,32.45504001686323,74.631389945693,140838.2125605348,75051.08130854614,186927.8568984425,343.91935209169066,55130.81927425441,23549.503968042995
31.37780555771627,87924.99181467775,5268.253497550481,2823.6941337334365,0.1004259993280109,0.05715231639801315,5.878152998884453,46.258987822778415,519226.6876640748,39063.85390660728,12681.018582228684,2064.8262695346843,31539.867712449468,16420.346604455317
13.901634225588364,77515.95365928505,4938.366089179054,1881.7928128410986,0.20201381458036635,0.037070864300330963,36.0247803878186,123.06862498184066,323077.54523879825,50941.34222328626,277488.215963752,17971.14497272794,13054.38659827438,53802.226041925496
9.098075476638757,62504.216158918345,2216.703810996837,4909.105047944356,0.02402874286077051,0.02286024276581016,54.45191175123627,239.22151095468408,25515.95421417646,22756.566337916458,125491.57350735078,2830.1007551351313,22393.32641072546,58423.14076403327
23.865420783450134,46784.36144906424,2849.547413422769,9516.50928220628,0.22415335217584967,0.07136083896548563,15.580407290164997,128.14468342186285,121173.75295390886,40882.898053689445,16884.64866126352,9077.291651223548,120352.82126237203,68736.2187286725
37.50625367528249,78872.74800637086,2977.3137397307128,5194.461158694057,0.0693313841498007,0.030141552337352353,8.692141982995862,70.78453040667537,349703.4892368702,5811.51692800641,23310.868410648854,14415.200969775105,50048.21143178342,55097.82754505839
30.343064646354662,76321.44669064127,3942.812997490224,3293.6450849820094,0.09858704189653789,0.21359589944170682,34.86874526440302,89.66303004232395,39076.70431124382,47161.34565988119,35159.49541576242,381.382668047484,21209.47791355162,24916.995016427445
29.07586993478015,112680.52209406608,6603.481014934936,2761.758287909532,0.31406341463074317,0.016187786488211498,48.18400154513012,79.59953384351397,63943.88354442597,3877.1214747435993,582058.3147968334,3014.456571887385,29408.285812042446,80607.66542457661
16.95586275973458,54220.919404606066,2672.096821204897,1689.471426767972,0.024418890874341216,0.05018923873426027,7.411279893127233,196.54933814752815,305966.13896628737,86268.14931308669,721899.0284674651,9346.249876682208,10618.620258646508,109021.9646053237
14.427078698133926,54371.01523738354,4821.1528781211555,3679.2183135142677,0.18636753111993898,0.09584050603251432,16.2095546159227,52.08095667624922,178071.4084005987,8125.083938155656,2989590.593551398,3161.725942934443,336087.00913965143,23846.667125172295
21.908885300940483,48386.848706071985,5078.0062240644875,2520.4084535383254,0.019711718408400428,0.02241320559060807,10.666736326342859,176.6491066012452,203105.29136793176,6276.26177042883,12825.932910388086,3454.468238071009,19949.22207726009,31783.031307662917
10.59078003402793,83697.80746182302,7311.112508655107,3803.848441594834,0.11772317559758956,0.2684647623313774,20.934483602216453,106.60969765442428,176758.17838530042,26979.884771814926,78289.29578576096,6709.78951435164,245757.4167261666,210940.4957086747
19.766774487641428,28295.745461114155,6310.699654880316,3310.8319414424454,0.07311434389734846,0.03518780863117124,24.010530978044194,82.88447958480249,515597.18645703344,59520.19646680918,22842.97184566653,2381.457356944775,44011.22188394796,63382.52729411137
17.72403676954741,66718.15294835457,2867.9109089538642,1720.5677421064772,0.12592908857304422,0.38442918627321604,44.11120598562316,49.36011345916674,251602.0403168635,35989.86328121847,23268.93290379788,2316.093250716561,26092.942517761825,32231.276361389282
23.799386865790503,33215.0415695658,2742.073576445468,3754.1247647513424,0.01728359165148262,0.11421349527356457,48.23982787162612,148.9785912907189,121553.9556845857,13664.421493906793,30555.713030963627,3884.3395633301634,22629.827174450755,6705.287957278633
15.667511709298648,77945.26235759094,2195.288755677056,3009.928528211459,0.007341134547753475,0.041887156311681197,9.98046949494296,75.99626055467753,359029.178088989,24887.192438096634,137016.71495529104,6191.600902458205,126058.07152519285,53262.68325618922
14.022639987011805,67833.83371197846,6109.038908637248,3096.84963328829,0.03094261018667864,0.055176066271249734,12.378820199565892,48.09402819904954,188900.94677393386,55296.256916576946,84173.40037615546,1670.4934813950206,3726.931938832894,40729.04253587113
38.23699597239642,35362.437635549206,8495.655320624524,2823.324075645172,0.03542342491848564,0.15945272500978022,38.83819383206969,106.82083408580363,21435.356718565767,8926.352450708484,22823.45199016819,4470.003347773466,27032.4473943753,11377.604561543849
25.636056985978897,88712.01146927281,4074.918246248407,2845.89899306004,0.1459005281464235,0.022903164557470383,58.4713699902135,96.92501162875928,237912.9647225704,26910.55170024533,390073.40025797475,132.20259600628597,91303.0343677097,51287.82270667948
9.044575852656683,215862.99205756217,2811.1388916810715,2389.8130028984224,0.07030278378712981,0.046386146647596924,35.67085210620235,76.58093734862665,664743.528232865,11212.846713256304,97697.67983555574,5736.419117141662,5840.629847947949,46738.009786779316
20.19937429350562,59190.48146505886,3712.521658436895,3327.8491565739305,0.06477531363160988,0.027875948843433133,16.422192134720582,87.82773291261744,299319.94448360393,10867.116718684689,17016.306427202886,6883.454323906087,19514.138665907096,28126.443990580392
11.554269684101355,48176.7794497173,6269.047925199736,3419.1486740799896,0.02642241308689435,0.05342374282539953,31.168468807991278,37.000342364596875,48789.28441611437,6321.475858967836,54483.0109690483,12974.659650746207,11028.598628742438,16601.72620374635
25.33449834771193,89322.76030555602,10653.250796409056,3209.3478072921853,0.01039897260234016,0.23685203873340516,22.876874436206613,62.48680417326168,39405.90134198567,36775.414606683684,39874.46492225879,7243.787986479026,22175.581836166115,70934.04486753733
59.48827903429151,98261.24660264095,4255.221428327771,4282.495936859158,0.2262176521894647,0.083102172271451,30.510496344641297,49.49736570502458,49656.69541459263,10613.659671255231,9325.400230836298,1013.5948227000356,16830.15452645995,57630.045788332296
8.967077946714092,52018.92197786776,3649.621547555067,3177.4888915161023,0.17509331935583478,0.026267065986275706,24.9275440202407,273.12057460971755,145774.06708406447,20162.483097272812,8114463.72176856,2347.4200349896996,122582.39592980545,9018.781152099422
50.2477164620877,30086.244475679985,2989.146691009012,3738.429791096986,0.0249523178498658,0.04796207738132145,6.822738884488552,152.19157853282385,31552.36437953874,12634.667184286523,102259.52631047479,6665.597174581723,45117.40871173367,16195.780095613034
15.780668006307883,158495.1804983706,2467.8856104012,3843.84956492918,0.10301315280981926,0.0856626338028784,14.71760169714449,110.958149864681,455872.63602390635,2375.028016451045,12020.031245405768,7359.622597413252,8998.483782019694,78642.69924890775
21.939245145637315,21681.829572796043,2479.261895019667,4411.051351968317,0.018629957068063238,0.10744168033696148,29.540903937787714,37.300972762129874,52194.88055891571,9570.513173630521,362408.64593287656,22194.05696317575,396009.8524162439,25685.891085836938
22.854191022977833,54370.58997246538,4681.788947821725,1424.2322349858212,0.10273035750871273,0.3012957147852225,21.439370102296266,50.32204605616275,128489.66831369766,98943.15946074364,1154260.7662646512,13306.268561982939,144008.8079321502,6032.088265684202
16.537175264258575,58978.518631201296,2685.319443067005,2547.40265638275,0.3371466105028814,0.3249189442965708,28.44323039242781,171.20124859072777,537695.6345243467,49507.66260633939,627789.5796560891,10501.034660008116,17020.22863297242,18461.412148551568
10.444703561752847,54883.229994030364,3189.7756788769275,2348.4841519825236,0.03143246945767757,0.04446917888228186,83.36210862532683,271.3941696477676,111967.21689340558,65119.08414257614,66689.26769268632,7054.008108029996,42936.757366436905,51273.81847487268
36.11407267373482,162221.53464140918,3489.5034478286457,2836.0883965650773,0.0339625612310989,0.08062610751826109,24.188571783374393,83.48997344419912,212206.81266224664,18417.135582040777,27919.53460118304,1021.5598775008436,37535.493310939884,20056.816265019104
64.31647819956596,69043.61407966001,5095.68195171036,3309.074483812646,0.04439249380338463,0.1626382818565933,21.562898362558613,138.07054627548857,294581.51592739095,26448.025811808566,27563.83709609885,12445.416998874814,59170.00669998308,75365.48734679692
36.989768422924364,120006.46911405619,2627.0270758039765,3021.589660133557,0.010738700190359309,0.04052648433398729,60.730659274620024,143.24029910865136,55388.94179353079,15942.523126169297,698672.5191334964,685.4100451251574,20556.64876629769,18828.68712576841
17.048679580893122,27594.555697557174,4717.773490616961,2336.105446916814,0.009880820142881826,0.053888249277800816,16.423272640648747,147.69311183932436,135260.88223555818,47711.43342156118,65952.75919924202,1973.5275095937177,53470.603708028044,20943.620098942818
59.72488795791568,76174.75763656826,4200.6988487241115,2138.1645454942395,0.09497210513154647,0.49992210942734644,10.345260839689413,89.47773105279585,267562.1943941307,7088.231378086767,28769.045887553082,332.2258347634674,84968.72968294758,250864.9139651155
27.3927448170858,47509.034143935874,3211.370206930929,2955.0016975363365,0.06250875356902325,0.035221923263086,34.45641999649869,54.88561395382149,124472.68134952965,22012.57317554801,649952.1725700035,7998.821847825517,26184.171094712136,7206.141879535295
7.265721258581986,69290.41039400092,8705.365727647048,3048.673698091654,0.05682066986337589,0.14188013890121368,23.362147306308547,94.54928423738795,57046.86806089575,7213.277891825122,111239.67879278875,1340.865513565933,3013.1122539972694,72041.92580952827
38.78815885020872,58293.66942042888,14948.084819607806,3900.7175060053833,0.3055965582966019,0.015830893846251828,33.543284649600615,101.77296885083051,66717.79018905996,24742.683470355863,16405.30131138894,5495.040199286754,18648.91611069543,55877.03007431212
32.77232097187704,80099.99822904784,8324.05116814448,4069.4467549417777,0.1714382225306986,0.090577160678389,12.799684299463497,91.61810990734661,107985.22349228199,2955.2929258300305,78948.97609651733,6267.588955345149,64316.048388379626,62741.97746963852
50.01198848855018,34439.04291739581,2599.564437731405,2344.09882964076,0.007637381854641626,0.302849065527389,11.556783636975966,104.26005688913219,345923.8227926203,36552.23279707328,134605.80579086643,4311.774958629283,1691.7015792971567,70110.63535853683
22.584899825967284,55264.76901928141,6088.778036061818,2747.749875035504,0.10508163135059953,0.06094100629141059,20.45419231347808,141.29168586109202,331255.62380169245,17605.15114478328,176404.48357930587,4875.830708092882,13039.311091532087,12075.040380480019
32.98489848656646,61046.44739085365,3296.1934734510287,2259.827968815192,0.10075236010746141,0.0758589281195392,28.774324723029473,86.257701833719,141637.79144698405,15435.829541381385,16665.425688640018,2278.5285845321155,55836.601378606174,70085.19276297228
7.7906721659859395,132105.68190698256,5288.805890560011,3808.2977968378773,0.13012562255963997,0.2523272132730849,44.58229388614469,60.057111416612116,70118.23147191924,5158.417461429653,83021.21131862327,3470.6003548684416,20260.419736106694,18794.343033911377
32.22009206558089,149677.49081220344,3478.9620103050183,2679.3806691742434,0.13494020177859314,0.007435596009840909,53.55074446083371,39.828273909174364,465486.0779887207,80564.9338250399,127365.91442462061,6591.790917040789,18424.79602496344,141027.63250610046
35.27553876345408,215902.2495744351,3418.2950937509277,4512.1918368022925,0.32454534164599746,0.0231472739817087,13.473503940519631,205.3773224992186,108000.46419028714,24905.337941991656,127466.10328531564,1162.4361075984125,4452.119196221816,231775.00922623705
60.639948654654525,229467.83862798594,2938.5636799030294,2473.4135705215676,0.03374001443358225,0.024281327896570275,17.935202780824667,114.70729319882705,36868.947290950826,96238.991291062,49502.82190408349,11457.428144840518,41951.74616968974,241418.1413261808
23.181018848094997,57259.24186896517,2475.661656763983,4267.94655730926,0.08968986962310173,0.016145301823188477,33.07692337077764,87.86585657387896,12779.183108259118,5255.473566259638,77201.33082801751,1131.8723138479152,6100.939152033246,114119.8770101138
36.38950376058873,67405.24320419905,2238.3218730548306,3442.458534296477,0.19854708947422545,0.03375078456951711,12.158090881022389,68.13242059829054,268248.81698269496,9602.926425094181,793522.2171298774,2020.6775928377497,35944.23867472027,130134.01758110149
42.60586228083774,64949.9157153361,3381.576743136315,4373.679978875211,0.8139035374391101,0.060515371580627426,9.966096850232828,93.05372637438316,84106.86467076714,11295.560330357575,28992.080313853963,9140.075050414176,6157.616121446471,49175.33424872871
9.958553744212267,86814.80656871219,7870.901054370449,2953.079347314775,0.029283083317166062,0.0387558996260699,22.880032313246133,181.9478181610662,196463.90314777367,241641.05599775843,69240.68902216316,22397.466646075198,5166.194077190926,27240.828787602313
13.720571906063597,52579.80440917597,4926.04301311572,2241.4978143759813,0.14710949715223168,0.007491428805778154,20.3446643216045,249.76092847231445,24752.2469858219,41360.56188848312,120881.24724712831,14127.875779784881,33803.224867546676,137512.59575456218
15.593344776304084,81954.12957102744,7999.281584045566,4131.425961427375,0.21365630209589392,0.23154210428249195,29.692011132800065,75.60701454244195,93842.11709414695,15293.963777736872,6872.947638394864,19684.297071812594,42698.40143819516,5846.4797807651485
9.950030197146036,54170.61640484848,2791.9494788565844,2623.771989829391,0.01108939423299458,0.06502126929026379,15.631466329487854,74.48778038172411,364583.29524794465,21395.996295101933,248206.78798808472,2146.9164836841196,36799.68819309576,116845.92380751751
26.217667623339743,123935.9041109908,3900.6794234289614,2952.627135168118,0.023858578707105855,0.08436506398143004,75.90992794553243,106.84329780880756,55019.29796149582,14183.708214815191,313691.1798292503,9397.638805880353,4248.0309835514445,21200.240051323304
15.324194952602594,43533.63063031077,2735.3111134039773,3115.231723144014,0.020182229474453063,0.14242087452307373,94.1261414141765,264.8850038956977,416781.0058908646,16709.07164952536,609745.2295862514,50750.73012006344,43615.11748075305,39712.63472752226
15.52316253798873,64469.3688379918,2042.9538427510777,2435.55281618825,0.07702111326937329,0.13093175875086985,31.477676545310395,88.00605351997933,397073.3704111013,13272.829959483783,319642.738624571,4191.347706222986,70931.58744078643,210119.198714984
26.99260531125297,75489.98711592602,3359.2765043773975,3672.4345214818204,0.01379963195044982,0.10923436242929925,31.86352988661966,119.48746742096526,80742.83903353233,33502.457884312855,29183.230453841763,964.7456078905412,11328.190953006211,41154.462369578876
12.791959083664096,46844.28709897307,2900.2937314691617,4562.947300298183,0.4671349739742546,0.05079942279111298,22.70331498521285,220.60940117216634,478257.32481419283,30000.065062730253,73699.91649998362,5166.530758237538,174305.46930707368,70520.02292644954
28.072442762915582,138373.85280399022,3485.086358194425,2692.9685800845486,0.03445519203692135,0.03509602848669473,12.927489622480735,65.44807384451686,91795.50753140214,13790.678852164903,143925.43462191752,6320.767506746059,14594.730189646716,53993.1766611885
15.205069911533394,180136.9119784009,6987.40835230189,3249.512925628202,0.15950430433888665,0.30884794846420976,22.924114061949222,165.4345010763711,142777.9618626236,12162.071640628054,92784.03876467257,6182.174544037394,10663.597216500182,145430.85303300474
31.510259027525283,29818.357423656034,5665.253978335835,2731.2284264803966,0.29351895627561697,0.14610515222090792,12.221083274621183,165.41510559944527,261364.73707721508,13206.592214454562,134786.7841651754,6181.308992819923,19109.28174546825,62967.486879371405
11.800239066737019,319224.74877639906,1892.712801423287,3292.132263576293,0.9106419285149826,0.027575812004057322,21.666935069945993,143.79248267764197,194880.05794222403,16170.785425257587,79888.4962292824,2225.379661585013,6993.289182641168,61580.37072728011
3.131279869672583,90044.34013072224,9175.78317799262,3993.093396121111,0.06463430359960275,0.09619593749015388,12.96776037819973,87.6154828827545,190280.81239040493,42984.385795661394,6077.45782515302,2814.597700727518,41653.98408053556,27414.806473272434
33.99583413579559,98039.67643081945,2734.0718098605826,3560.8082684366577,0.3593830211234356,0.24216557156309657,35.84199970766728,147.3281677186727,34662.448576965224,10655.014975916023,1554871.5479421476,12067.836059381214,119352.5041412605,16744.236080396167
15.537841187451171,170803.72211177324,1851.7406389747819,3076.2970210551794,0.041106110068462175,0.21686409231862308,24.554311742506965,296.95999213165163,146611.20334876174,16139.218500119852,98382.08533695248,1792.5478488098988,25762.959249456486,150228.83789587903
24.147831759577482,95737.12078700532,5058.959657776563,2128.165137390099,0.02284417938573447,0.22746242135667485,8.96954245631915,59.414165707983244,225955.59601403875,37372.299247664305,257738.79789083073,3865.634922727629,190885.15274669768,36497.958394827816
15.739366986406202,59645.80574984169,3451.517374941283,2012.1432404772343,0.08474828426481544,0.13712167213971183,37.515587111995295,156.8074862696917,30699.058942766318,48595.05973412061,603763.8757471165,2411.9632054961244,8687.239111078805,18706.763262967117
23.84704947586074,95254.32546057223,2104.7918928544705,2625.025953081359,0.08274468151886213,0.019221040446723164,11.32231661308783,94.75449750251903,236145.2541743159,6280.388631565139,32986.09840827182,4615.119593777477,54951.528543907545,117072.19134232984
15.88713852033782,87974.77610591294,3359.2889905852057,3231.0877643565336,0.20946336745769045,0.03695058916934874,23.795753853407728,123.83006853518907,107736.50164376899,16546.332689541818,13528.127624941557,21044.39021639426,22254.861257415134,52663.69928715946
15.081057375362905,30984.291997594853,4265.817136628717,3055.941382053743,0.31048069682202145,0.023586974753599974,13.214318204381064,88.11026563873929,313448.158649184,14947.20220739058,80621.86553516473,4391.843931188946,24911.912360389666,161602.8132495619
82.58012326739899,42920.51112910764,1831.5516335535424,2146.775034173808,0.1883017923711186,0.4202563242267958,13.885882818275473,33.282388781889225,63747.47909681849,37555.94085302839,99991.02918217587,1283.5983028472792,34166.545972535045,29525.394979918325
7.348497524000689,41041.98358965582,2787.1912388608253,3642.9772945055397,0.4401574414601285,0.03191891218338725,27.589485108091424,135.8390302340156,161999.0783114036,2543.247768209991,965319.9176326337,8417.871731860108,32980.97430583893,166985.5642849739
2.339073063498934,38540.88992907945,3141.1222628938617,2962.4248172498483,0.07376536776165049,0.13407824862284198,22.538328576753383,92.81791601826663,87780.09108310417,82415.4676557089,41766.64936845409,8411.001588939327,304106.35573614255,27269.04762217575
13.97421765309715,327487.25675604143,2803.061702719195,3251.0700736914036,0.2191651678714355,0.028975227434122713,10.261096804724104,73.03995882752908,402457.0771593186,19244.674607721707,100327.70961191032,24765.232398154083,25655.279317605688,9853.444085538216
10.200569241851179,28123.34756097891,5332.442682750561,3107.840398515122,0.13130842565561374,0.10244035330472978,25.418003497001514,120.56886816532759,60887.25204890762,5566.361314731646,62377.488582477345,12281.510704947095,61031.29770306211,205466.72069934808
11.106511423566682,62620.20831484022,2320.850400423961,2677.6163863217193,0.12195560296784311,0.03829809178628147,20.246342952062857,132.70430267823207,197233.70223697383,32261.88429297941,27697.00831274392,4104.140533849463,11201.568044365318,22448.49174060057
71.51464546824153,61526.5413459738,3290.2506684506225,3426.1454302333955,0.369451138215144,0.14904433913340462,4.978707155815213,68.39367275715128,375829.39630165993,61664.6644462735,121087.75708007514,2796.7716681932507,16815.251532654773,77395.75524721207
19.20406602498753,53486.0699977106,4741.103465258732,1969.5757037111837,0.0406205560510413,0.01473194319102628,24.724509542348574,80.10299017011386,33852.574786432386,14623.888596135306,228146.44841724678,813.3602920092685,9176.453508607596,88471.22448714421
18.011664656387936,196963.3126105537,6802.861796073008,2672.22542128329,0.03578153192667853,0.0808988704308255,30.453838152125517,328.87997798111843,42743.20623389939,27364.10155843998,462290.2823962492,23173.518461624364,70228.19349665946,54551.424062334445
18.075915945350385,22059.74291955308,2820.3982804390807,4597.421257142625,0.09104115451230814,0.08516339012357328,25.414330745732855,87.78912927235213,27841.852058179407,9703.19625446742,25885.771576622505,3081.785500390916,21449.323428058236,64234.47096307961
26.48890919355123,81747.21611432389,6248.979682886696,3406.3591827280557,0.1618449238864386,0.028912211453437312,18.994990173459314,45.37712609321714,197542.33617045108,41605.13666671526,106221.70283783351,4727.674682416975,16816.603906426793,27007.59327549406
72.00984493797702,104778.95446931623,4863.785405529417,2378.502207107112,0.16212946895971447,0.13352943080294474,20.33261551159326,258.5587949331171,109075.26802996593,8481.994596695411,31169.204122596646,2549.509201800399,11159.713600705572,184284.04861656204
19.007384015295923,42597.67520641626,1657.464344763555,4749.591521370417,0.21188165764154399,0.0629452058843307,7.1995222235317025,99.56768673284536,124426.61951568465,30573.647112706425,444045.7704676269,7437.786140440741,42496.548611249054,81758.786802138
18.37405159170563,137001.9289479066,6335.607487734987,2841.238228106401,0.09164976530993212,0.05317397545100695,13.219179465959023,136.38833165183243,128007.17548343289,26003.13129305758,16906.584087085543,2664.691411832812,26869.732283907048,102114.36663048272
19.051959758135187,50891.99418212736,4562.217650983348,4970.128990937272,0.008080935084854794,0.01703558741100724,16.275951277247255,60.280672567317374,274939.0616778106,27904.471374468845,227941.5967298385,5158.011056489114,1729.7577555103321,20441.715490296807
21.646633274473665,79332.07374450311,1733.1983599797932,2644.39995296861,0.13465049663308448,0.0396731844356999,19.445959170041213,115.57586780403801,101775.5815979939,5673.93480934687,89070.63181220468,1405.665527462479,136386.51835266958,11336.582258188993
26.875609074184375,64501.05490083479,3916.8197535500813,3743.632875678126,0.44275089131509476,0.1394745498692579,27.59506710125344,140.59320595197252,333190.57250046765,26504.072340801205,144242.8521443284,947.4950868464404,818.636238501755,64803.86851546481
9.754392457426738,154585.6828028621,2317.9061150784023,3547.9712233950972,0.041096872391719816,0.2653001879060164,17.682851432303504,79.22510322723161,206515.81280904994,116506.44397549471,234239.1082135756,3652.424135920313,45131.74870615189,15957.781763692985
20.07790837487234,73988.06744183756,4136.480114603135,3323.938422887152,0.07199959897894438,0.01976408426449592,29.75530887123384,37.333747996964085,531975.0537576886,183154.92565363695,291011.94422795647,2503.9778818985938,7140.165037101333,106667.1857517727
63.49749946516774,60389.843694537776,3644.9879362754614,1583.7102001303974,0.7875761336026909,0.0727025084802145,9.313451661755426,165.1193161701841,158808.71331422662,25018.558380831724,206555.39738585704,8009.1081292054205,17037.997390938912,12027.348873498026
15.866971964013368,108898.43001261243,4312.824411683621,1880.0387369899822,0.003322597045088616,0.059839939643536205,5.938080129306836,112.0501507888199,282970.8139151534,30629.020642456762,16720.297826446724,11626.51107453973,1361.0235952828057,43247.17325963285
44.91246907055659,55044.540559869434,1661.6143427000547,4053.72177202362,0.09550047912359408,0.1354322065935391,35.05396888655695,64.13753222660446,23034.67012572625,131462.08155870318,218297.54421831807,5310.845679528681,8863.061431276947,36164.93662463544
7.2603425774159485,42491.84787515183,4538.14869967834,2357.660674879732,0.09301148187909203,0.08882914030920092,16.65794188188828,57.276136613425955,33192.97498019394,25070.343497739046,332619.40706206724,3457.222710972465,69311.840084349,74108.84872542965
2.6781085085997782,26427.289138622527,2968.2980189282225,3558.6529917576663,0.05621356141912459,0.19261840712364223,11.549959882518603,99.43239245547628,281306.1267716303,18132.617807337607,750326.4807667705,10689.790605799384,3727.6497958998507,165523.02870359982
27.18335795505584,73472.16883074914,3005.599589923624,2403.2083275262767,0.047659269282146734,0.013437090349825351,24.916448105630803,184.885476900733,63503.1156556301,2783.226949367803,212867.91062895578,1569.091279492546,20866.245754280942,156395.32470694737
31.362185726728992,54554.52726754065,7357.429180835644,3664.4146970851903,0.03908968936454888,0.08981594934099313,16.530515275152464,199.11308490817342,91641.36235940171,16864.395057988288,24847.809714277377,2804.1509012047945,48029.16264175227,70990.34482685917
39.60807778349966,33823.71385698236,5776.207733097445,2982.15662193478,0.18854296505662355,0.01915550080610904,13.066012529554929,70.0548100688175,126722.63442152603,35789.8064061191,138798.45739143886,18292.41533306893,7062.842373944346,42991.938396253565
13.743528442437945,122255.45069608817,6324.637090254108,3765.411024300006,0.011803306673526415,0.11056628664602323,14.979509157060463,70.96258334526992,345819.2843468949,2385.8420811089927,68136.43032835597,1582.2520508413938,21840.26167173295,81808.88068762854
27.348977434710086,76527.35163051148,4155.054007456967,3160.8567895576775,0.07590008967368052,0.06656063621109715,11.970382677027239,330.9778077851809,52226.05418213915,21208.04351651812,299173.1164855307,10914.754362017431,26091.655539760708,31267.395312045534
15.503590002323158,41754.791669747756,2286.899449592223,2717.714982588884,0.05346044387255623,0.08246872853598318,40.20146476583974,89.8244620375399,111709.77838801942,28365.417632620753,212068.93694206938,14473.146563153516,13326.453115385619,33403.72103783889
16.419121778999077,26917.0443748399,3676.491499312334,1247.8449892173378,0.11259824638938605,0.03279103367756861,56.05297629951209,53.57483799492532,221548.0064581028,12726.449504410673,92514.61937550016,8785.819089057644,31828.579563981908,33149.86520059423
31.531484522750365,65399.150733466464,5238.130789993538,2636.574615114809,0.5547581467760124,0.0963295559964791,30.504171433004018,22.64929805273841,584963.572817353,19636.910019625986,32446.622678901134,1486.1530400029305,12175.884257520293,201892.47045772965
14.55866269213713,39470.07549044715,2483.4794056382534,3200.2809075763607,0.08368315846470503,0.16916559222289798,11.889943930198234,141.5564148082899,395238.2335714279,7570.427670769783,107971.46030867878,3430.375604624304,3080.0518563707146,77529.82170911251
10.066535186405321,74195.77108504722,6118.583808669858,3059.9317787480177,0.22963590927787458,0.025928875196107027,11.51673437038036,480.86046298923463,66887.23319430175,28723.18606300932,41244.59616753004,12775.799458119296,1027.7752288656748,107701.9921658196
50.288703831539785,62493.18284678725,3090.4716902640216,2198.623961034623,0.05056921939635096,0.6617002592842444,15.214784632917842,151.06118077651658,29930.906096134815,7225.932184876541,45215.81383259886,3672.3211066430235,70377.79472548445,31644.589584607562
19.964792512688888,54929.59739514483,3090.13974879385,2796.3709105930225,0.02235015209081307,0.0028095411138518646,11.963851896071153,132.00850664345649,511196.64279317425,27316.000843514586,62815.91090987398,3676.6791835688246,1641.3484373045487,127921.31653592839
7.763618004404093,50471.43445129227,4108.488901970044,3412.0848261294677,0.019486080405020034,0.15719731876917972,17.624795849473312,59.9976381448699,90972.6519032005,62495.54519746023,187741.21209776693,34278.0808586422,34188.377067362904,44878.741728300876
10.93112185586029,44898.58952541048,3829.7100584974933,4734.460232323365,0.020212318713689725,0.04713668169305003,21.447636404924268,164.47156902480612,361273.3164022135,21279.54024440484,106007.7452513605,5380.519587674424,10868.091316999036,62871.96867248928
42.67930529971664,85412.15442580203,3153.9392016842035,2156.8680872541527,0.10328159331658665,0.028362193875457405,5.613230376311515,123.2044761524125,262718.32015639724,24534.77543902413,236215.51173942888,13136.835425885394,40802.42225133243,26333.848373415432
9.78905403312088,47895.76120475839,3860.4458485118967,2604.771658931336,0.08288121739101224,0.07324510817566669,17.840684167141884,176.89337701827387,137663.28484016765,152492.23304583933,26851.69626376857,3301.6053984961172,15473.573490117848,118067.17065467143
15.241044619146743,149365.05111366799,2428.9776456140735,2407.1936884610627,0.2899217232388469,0.11882404512684816,13.970811293867582,104.75376378016432,210832.28135308708,56782.18654597072,264113.17629492306,1976.8989720217255,10746.123517824932,175523.0126975004
12.805341256047129,181112.8324562035,7806.31480558642,2878.135764848618,0.0776728411026464,0.21211670158048299,18.30174284194366,53.2943104102633,102434.60154816508,25758.454589486733,21969.32837770408,8449.348368569816,12426.351263084707,127993.75759658657
14.270762213431055,64264.42547831523,2693.950000935087,3346.940289997827,0.17166067944325633,0.10900655436823405,9.149446496123343,57.77858793583398,137659.57532779034,15069.505935694853,44665.03036131353,4938.322935952078,78877.14937750896,251254.21492176602
61.92616576291213,239284.0934610123,1394.2539718529379,3007.12614888856,0.01474157260797339,0.03857911908056897,61.00891835387932,49.77787348491609,261343.78611945984,7290.4870873457985,213304.83187290793,2597.2734692275085,103803.36310220715,68037.07948080968
22.720547243405044,42245.85003316171,2379.4945706968792,2639.110041874379,0.13935102159082363,0.030508068990073474,35.19190046199421,60.8863183734747,171415.20709146868,13189.126996964813,64951.66161026385,3136.2263029776823,40766.977490842,34790.74539146828
9.09101704337039,61128.84915752555,2630.0906541619693,3292.834004008874,0.05095950918679961,0.05234823800148891,18.41283107301186,236.71156887354897,238518.47801866286,35997.78020504305,73194.64914376379,3030.534067726523,58540.77349394255,45679.785821515754
38.03222422544726,75406.07032058883,4462.786850934934,5674.9234158853815,0.05166833174322408,0.0914160683560425,23.818964295606015,63.719271539578195,60909.45743372583,17733.413129231078,32365.403709023612,5162.807123582598,58854.333086183506,6718.687054886303
19.96153114381063,70833.92312897005,5071.121409675842,3384.6688542558886,0.03443254571044085,0.02076628883732951,15.941450535174035,79.74946092779389,424212.3626735911,5055.582251833147,20608.49903852892,4268.246707465961,10550.612088270558,72404.34550956385
31.840244001431554,92643.42196516709,12792.664816521567,2315.268893487315,0.062416312448846566,0.22956012959404065,13.92551782430323,143.2694627347885,255256.41556377022,3834.556458275755,1274805.188316282,9082.706098043633,19919.561773130077,8579.797748142078
5.224835326690015,48234.69411655441,2795.702407960512,2315.258358867303,0.03092197742974977,0.10039871443898993,13.396247860913416,39.3647539867867,141127.0593754525,110850.1837224249,1722816.8450717926,3867.163305372186,156487.52977921857,28034.163221592
20.471041634128213,60111.256983828884,2046.87479735652,3018.4204608245614,0.05993749177282453,0.3751048702901023,8.177835854147647,377.33435817602555,74044.97158301811,25452.86413016382,32427.172901949158,4735.580478704667,6387.292382713702,19980.69644768327
57.87320068018652,83814.414209787,4609.981549217035,3063.949312741106,0.07305647824993589,0.06287889826434145,45.690742115269074,236.7129043599871,883076.5414459249,42195.04856413707,149353.1867023662,9163.701741380764,5476.992554475223,55017.253866366635
8.298440009145915,122548.76897204039,4344.6671116195575,3197.1825701832404,0.058556607668677055,0.022385768760512376,7.078122863242226,69.35242085047692,211728.33776154378,18137.181767855476,509597.0301411607,1322.9175460107185,2423.7743277264663,80320.61334288666
14.362033635253816,133632.00101790662,5393.380004435906,4738.435794173712,0.014460675976743586,0.03938227552462117,29.638175484629706,132.21019835211746,8045.747166065531,14403.9928525792,8301.344594333113,24438.61778959762,21500.787471705145,154946.63985956786
15.434820869555637,35637.6069462267,2957.3066891327753,2029.3337398606784,0.13474626964130768,0.020592671445246857,22.62733801151624,27.975415557788814,107961.44021302248,19118.79874607962,6451.464706952274,3732.9227590933015,13446.919273699838,228963.1366030669
24.9633452770153,173828.98149528564,1357.3041676034632,3793.823962674745,0.06651077952907389,0.06567982769815801,24.686086932786925,113.8000933945206,67239.59956785761,20439.946100616366,14985.013442874684,1463.7468383905389,47126.389951996745,287390.0425527174
26.045925758509714,32695.413417741103,3271.525959351089,5729.831844980815,0.06291529599769914,0.2072806664061903,21.910069664033177,63.714821375277175,102575.92286416172,94550.5143539463,15349.180385189118,1120.2436999371193,51749.38989693906,74860.45538303428
11.963003187147478,64901.1553386027,3822.7932094862776,2930.839885774582,0.008230317412841035,0.1757482658251054,8.798473245206766,362.7731801878425,171801.45140174672,32020.783951152072,910992.9379508132,1148.1141653120176,5388.187006536243,242691.6992919545
6.361421805494487,182707.89436371584,3739.068247740693,4053.080365132424,0.12817040683995976,0.06832440693473127,17.58662142641433,265.9238701861229,69275.96476112543,35678.43863089548,642697.2958289189,7627.047193889035,7443.403101501183,19768.1704838326
2.9958614928699907,239727.2529822398,3247.182852149461,3423.619755458625,0.030789704554634544,0.03032874296515499,42.00461153754687,88.23889032377194,188241.26625531405,9306.74725290448,579588.5527071854,5040.31197867456,20115.77212247306,57075.27203418071
33.475341436228824,288697.7847316368,1506.8020399314787,2180.611461736185,0.08007065955178953,0.044930976976164,20.320083472853625,51.12664728946727,144336.62284271442,18830.71927371523,277737.15126928943,23202.81717486862,18191.7134613032,123403.34645290824
20.309349308795948,87972.06517890778,2434.3629678095576,1713.0567319961115,0.16544093874060029,0.1260410195511514,30.954449854721066,44.13736496227666,42090.16724054361,17232.94962064077,13149.43030410953,11356.66113756916,30931.623384894756,29400.13556789867
29.917037138708643,54325.141606460056,1750.9970425622028,3521.200654372075,0.22687603319149802,0.005259983729673521,13.827806290570757,154.8110108299042,78522.3364426938,35420.19734162372,48780.61757920001,13603.297893246672,83877.3220846542,80078.16663256133
4.017812908209733,53400.54952467028,2988.0817249321176,4684.323602750575,0.04048335532499737,0.20793863988912847,16.699466476755823,155.2302448939498,480299.31845660513,58345.33601149388,60116.694059334426,692.5610094702965,38049.45363908374,222267.09673670842
14.231076093082228,19335.666265388736,6492.494629532554,3368.5965518255734,0.11396969617519584,0.013384700921275295,14.659763063651916,76.0007293472124,311999.631694807,188593.55135555577,69539.5556007232,2557.523856062428,7419.516146462737,142212.07869576616
20.121262768652013,25440.56340645614,2596.957612121771,1791.746132279431,0.02587880092848436,0.09509000567946586,19.170569144487345,86.180158029438,201612.4429398084,51597.19423658655,59276.251008056686,6275.377666932738,42095.031822344405,81243.51322545263
13.70215041283348,32755.467633523658,4308.301339956829,2689.3104518394607,0.0755421500643504,0.17576458668793474,36.32997137887301,355.22957032710724,186846.7533674274,68106.25039676217,239603.49669087605,3401.458093442592,7940.36203639954,11086.806847757649
9.243774949778338,29753.3513762887,4064.312879706835,2682.135969898777,0.019730261412479022,0.09381320712263855,43.18433958432513,55.95821942549294,93701.60606953959,4456.0939873354255,70989.23387762644,15436.355804779434,17482.86981448721,12920.246860076719
24.781286448628098,57007.44364711933,5958.889475068789,2935.2412241968696,0.08365244045990067,0.0438320187600246,21.094753210751026,135.3004107123716,119758.1447506226,5010.307610399316,14219.87783087111,11228.52310790392,7183.967122246177,121042.81945874747
20.424342654745484,109575.01034904523,2499.8726996420023,1732.1499541532996,0.047290840393764876,0.03780925928132261,5.226442155408838,203.44517337192974,50508.071622024196,12992.902675611012,280869.67286013515,18976.581909821354,52832.164544633546,19271.428064151223
8.42997724258255,102316.99098425158,4972.59411141386,4943.461398861375,0.5751243186179866,0.027153235151383633,23.71703959879025,114.67231818306212,377024.1502235983,17455.40685800424,36538.311106632165,2970.555760385438,6763.682956545821,24360.430893145323
49.12723131131503,44312.27867564735,4071.878462074367,2735.0174899327444,0.02319156041464699,0.040234008743345644,27.993730830575874,156.19595913969886,66846.1933111284,18375.78536948904,363570.61084991426,1106.1094043498563,165946.47639211317,58986.79372399012
49.68209298543142,176936.02997479218,10243.289616466147,3813.8329473482613,0.30517627781779866,0.24738517371113933,6.024653674316538,63.776582052778586,118119.5570891219,5313.715985873566,7303.989333854799,2076.0660516749676,66306.86909438286,27649.424117576473
20.930548495173586,105397.93793308901,2706.198193156108,1968.9159386431922,0.050777325725316,0.1634556723565401,36.31191872414163,113.28145600627609,189190.4572933238,5162.2230423077945,503553.1384150315,1844.0607035327273,103414.19011414221,140308.50045348084
6.155030449833181,84595.2911224596,3992.692152253303,3289.2498907643267,0.07922524344877391,0.06821965081028841,28.287504264463255,110.68743694873184,373420.89921977854,23293.04643182576,73601.91240226832,28757.021562593167,29902.07415640993,30729.461500807975
5.2700641441423475,84946.47414592536,4952.303804750032,3389.0443496294015,0.1697757099131698,0.07013640568810857,46.34034131920114,46.911196512705125,195018.44758300358,71160.36561852123,2512745.8141267393,1740.7342456532404,42361.121644459876,35751.805085352535
9.72235859275563,44828.64276507063,4093.4417112767433,2955.4791112835755,0.05658903284009344,0.09298676361571319,9.09343655715738,123.29776060303192,442719.02854522405,7703.001456474603,114023.76183881836,1936.5035167942287,4948.497117634201,39312.369150254606
34.041074245630924,75345.68763685692,3018.490056024829,3527.191135974075,0.011823543150181783,0.10024986276118115,7.474729450117639,171.13984208556474,20108.1894851036,40526.11288769074,1127503.0537201602,822.9898582932982,1292.3437529963062,92629.44907202237
10.823302133671788,54920.56178147807,2573.919025404398,3232.77761674396,0.13919354513041596,0.08167949251413552,22.719357724634236,118.40095041652789,203464.69649759334,5198.448574850781,37561.9048463186,3511.6239976497354,15933.576053413954,89295.14171092944
23.430825847638204,31864.822177411897,2753.6924867078333,4297.766081132809,0.08519485482429247,0.12271261753045774,22.0325433047883,135.2792975809513,65198.347626151204,15553.8604600328,175753.4325546281,6332.721848023215,42591.082374630874,51676.687436657034
18.960275717140043,62475.50652291059,10579.721616010542,3508.38844935366,0.03421341741586904,0.07194066383140782,115.93007496292874,125.24868622302378,177933.27856392966,10479.264702324797,66979.49565492502,1243.2264074512623,7815.983848780011,49680.516623380594
22.417117105141084,21261.85878543061,4833.1745599115375,1298.0798065625395,0.015254532813337609,0.029296833384270454,9.327017171591532,61.598974870204074,143412.70737480247,2527.8293773424903,9521.305535296058,3345.4436945944226,31875.08133459231,76104.02887917234
14.183430867294428,27594.698843134112,2991.3862120469526,2117.5888506090255,0.04050063782582421,0.10705230864596235,36.67239262950103,368.08193560465924,224467.3764941175,10171.777295590973,9803.63533037057,7650.625624827312,55015.055392415605,48418.63857883236
15.940421750335485,39569.88620627676,4197.433334683968,1968.5243276694523,0.15403983697665818,0.09008863883529429,87.2031379766981,50.396508105873636,117839.5919258968,30532.072078277084,694382.3172031031,3699.8630024937725,13366.207439236974,208689.11689732314
11.971422041217599,67960.47367839035,2159.684689975663,2938.614951009761,0.3136974228314395,0.03682317195888261,33.1991294544147,145.6037399739882,33002.15837614193,30380.54201254569,58298.40360455271,434.44544189460964,27591.525494925314,19389.35648436301
6.523353433657816,55264.94008362262,4861.7972659192965,1459.9746201632888,0.16557935101040724,0.07549257983222385,55.818827652712805,119.86973758280274,130008.31398161041,7529.30656572852,63217.16697171682,2491.8722271504494,271773.50625083136,141412.59333207118
15.324153243684416,131621.35968828178,1881.1943072378297,2891.020922270027,0.23315262562803005,0.021802805643638363,14.174184677759023,141.53752987366266,153944.35944431624,69710.83694077897,43263.554144300346,2720.276979349438,5653.256188190357,96365.3298182577
42.33620993081828,55162.331152949046,3245.087180015476,2693.183168092957,0.01436724593534671,0.14135326446384866,9.76894194246453,178.4594768514088,335132.035177339,23198.69966051063,40393.17034970898,2800.0693896643425,1572.0345152678258,41720.84611764909
6.376630822743428,126695.51816683363,3058.8564848376886,2730.098447965911,0.10006389024820675,0.13098690481708658,26.886687129993852,76.28351047958444,36904.15016473268,66734.29929465275,50915.775051285484,5696.597383880797,27632.042888303396,76379.06683467438
8.617123767895663,97333.49498619979,2674.341215554898,4157.006550909655,0.6214009350472084,0.17159594869812356,10.616799723231733,133.62788105148698,189248.2636728677,51529.14418292798,110152.83744612201,2891.6320442901233,43431.07063812134,38544.355867961865
24.741537755496612,83872.24720431404,7239.819781204561,5402.097400560183,0.13898509412882518,0.5606796121262733,27.92256694452542,87.72938112125985,19304.73776673935,29616.864335522616,725695.940080088,10520.01941654343,16018.166760640745,8007.458799596681
84.28231634190755,64999.26074053034,3276.0103816528936,3091.8870920230006,0.042551577403950304,0.12438549618847378,10.728282409707608,226.60279283240192,260331.6695793036,13759.963032851763,193013.64518275816,6033.936208569533,73177.09224137312,175697.80376669258
12.25579453666952,50755.93715078774,2138.243966983875,6157.25112319352,0.11858321043523794,0.073940987354004,50.1520808205657,242.81776507084794,55976.90131362392,6072.567876882895,84903.51407528618,4495.150494050955,31454.460046056258,26107.922702486427
19.92749938198022,29936.16078592226,10499.915465264523,4136.457013072763,0.060907458950027554,0.12185631497725198,13.496217311002274,77.91093108404283,412552.5138206107,21046.89559018174,275656.7677525813,2509.092028020416,8817.23034819761,156428.92369893662
13.380716498185656,82515.94282910353,2194.708456331622,3148.9234543619195,0.013418915013496097,0.04739542143287275,31.329752753807888,70.64025156448236,85257.25991296573,13171.091253465876,3648091.190600409,1039.9320146423454,32203.506146430584,69858.10104907227
51.96272984268961,68997.41048400776,2811.3310337620055,5428.568926600193,0.04111012527883794,0.13551469298468555,50.96647924187313,92.18993602337694,885032.1249728936,11282.75646025462,102678.30773939531,603.3823029116812,16785.455165342093,46383.50795995983
29.277470671253248,97366.61568886026,4666.971632969155,3110.15049447169,0.05282171063693866,0.020675901234591215,81.55882381962954,144.65542302724305,258045.73199885697,21633.227640598918,124942.87279237383,4004.4290882381997,10120.062359303742,61463.640566533555
12.486932906472514,72977.98771533201,5985.179823904642,2190.0518022443275,0.07457488905227432,0.0248977071384662,42.60931797485351,191.59234681158844,156478.68770132575,15110.98870780226,143408.52996527948,7526.46948135135,84149.92414385398,101117.6052106453
28.707650141929793,119135.4094789749,2473.1558472829493,3052.6465384163334,0.025779600796188643,0.10667970218161704,20.237779086657532,105.55648148711256,224883.08659411038,18081.028827216698,373720.3264012903,4967.479605711034,11388.211241088482,40743.38343549634
23.005127623150447,84293.40983956668,3404.6627864285374,3118.567876312794,0.06889630037408732,0.31787176774864817,21.032602532299986,153.90302291954998,265270.80510020704,18977.055111546088,55018.48199029802,1235.3332449941004,67120.35920734971,123541.26060166741
16.28932171153347,130914.08352438782,4850.140070210453,2803.3967799417715,0.04936968488939037,0.06402431268422594,17.31947855916219,145.4915710660051,361882.61616806895,41130.38871535577,108459.42543440351,1218.5929020050155,4614.118163208363,39426.20251697401
15.36068784698429,24841.77494182762,4279.250309128651,4465.298642932707,0.021614922036839554,0.03998069081390605,11.388044303453404,96.02935364448622,57410.3386613054,48958.686575689186,327767.5145545721,2983.2161720461177,42015.617979015624,50515.02165745487
17.63703680554857,78702.63378850289,12672.574483170165,3612.474182877977,0.08369909236633381,0.11369683658611972,10.485097009225706,202.17742454473574,90661.61054008332,68408.05259681902,185599.53896991358,2395.3674154265636,11551.365217698112,38200.30439145518
31.4091493386864,64413.643902835924,4119.33893215789,2484.723958367674,0.03238721196052398,0.11004426926232609,15.892527076889824,43.106356723453544,218455.06096075076,35410.128174241414,714688.840347415,12314.777838778387,46422.62574600146,100946.00943075589
41.669687523236504,92781.79159600633,1804.5912765640132,2765.3165570627552,0.21119762486260416,0.06754829562380281,4.357127716569997,86.07068784916999,66928.18156837478,80026.51699145169,215335.44805328365,1804.5413583235775,2669.1921408919275,52975.375293324316
22.55621366132465,49158.976504250124,2184.1268886187963,3054.6026750719484,0.44821955702503874,0.07443916225368367,44.038408037042394,33.70125409420968,132186.21414385515,9542.675634575811,161824.4421121707,13886.101657383828,19681.51703338331,185189.02363432298
13.373340865496646,64773.82798867985,3728.52218913774,3192.3390988474143,0.04707884217579508,0.15182149730476283,8.149700234692535,82.33498448729247,102213.9184656045,8268.859738493626,269765.6727301793,3083.830481236003,11360.628079493667,127198.34650775227
20.702912543076554,250804.69549874077,1974.746045610333,2460.476791569443,0.06674371363717936,0.19894357277158806,22.564528853389966,62.09458531215218,216883.21656774604,37630.50523406124,7067.017716361141,12574.847503182762,26453.667556357286,31906.622569200015
28.629652325947553,38600.99004206358,5491.046612646482,3102.802909177863,0.0703481618679822,0.05472404028731667,24.368869403658227,213.35167697807336,81880.48095836102,29018.30137809701,10992.602297345917,4872.767061442186,16534.56716929456,16134.24373847293
18.64445718705606,50437.322481445546,4880.646098297912,4003.7222531589364,0.16318125988611895,0.03762768831628439,59.42477616955146,76.68426776217517,145638.29785616157,39231.27927791996,64060.77854274123,10240.282905258277,14036.565281765888,124561.96537057943
13.069297775472442,41109.385742902086,2788.104299031923,2268.98387816455,0.05237533638204806,0.023557010094796122,6.294504585692522,44.05235649442999,384788.86882098997,9654.077251286737,22330.095728840843,405.67457283982367,40614.63320258142,31706.62297695589
14.61958809466543,166133.63208979598,6551.683124791802,2687.1578223680203,0.16035467537796294,0.038280588408184844,52.13384101539037,103.47635270734104,99821.62486117758,8240.319127771329,38419.66385394792,3830.693198793186,6063.346220286161,41427.52278885617
12.440204479934017,209278.92170416992,8398.87211763213,2450.8730571597,0.10443479894096823,0.0816067187064762,9.439552249341476,70.6320039458824,221126.4716688825,9380.14809543005,41821.82803357567,1438.7498672959634,13657.261067307303,90423.17066189442
10.671562973301748,71516.47449194772,3228.9646059258316,1754.3748507178914,0.009407499033232309,0.03657399929622507,29.68921251874611,36.89952117729514,222285.04039949412,69025.3633541011,485455.5057513503,7048.813292751739,48423.3400820034,52197.18858321249
14.54748867252901,52803.786193363056,2286.705539652193,3349.905312399038,0.3201421023822849,0.481667308700645,12.739878481368283,117.48762587729944,235683.06127634144,72447.53443272418,1265390.9387070946,7352.28555321347,44842.29070652795,60131.41530681918
17.21244917331886,112847.16617984661,3233.4154638132154,2382.9339591329517,0.07884219091886073,0.9878125304054576,12.57162482699947,26.835379948162252,127686.40298889979,5805.828519507208,273128.4449771516,6680.022541831757,13080.249999443555,35257.867778874905
15.94911612321188,117820.69362061036,4648.325397114809,4440.779571140979,0.2762278412311446,0.09038826838105737,5.49090463258265,131.2910785408595,94173.69478075524,17410.765221841477,151740.22993498025,2436.5881250914745,5615.0360502659105,234563.85986900618
51.31991873676319,212006.73753117755,1785.6953898389668,3242.861761498311,0.030176163939455408,0.01943831120946109,8.972515264617988,96.78718299557282,141319.29240357448,12681.130881802243,35801.92079694406,3012.168423860004,997.3670921983944,76774.64825176986
21.363812972567796,106575.71836266489,1867.6888698015707,3942.600202664962,0.025468534504973654,0.09175222749542095,12.74742749623315,59.28102606994311,294203.86582864565,62699.91390728706,69447.37722907378,5548.676356287761,7513.4046004558795,16768.949353689983
24.947268912310456,147376.37286075216,2748.815043519965,4187.9421423014555,0.05847722211667124,0.11921290746577949,35.09090059887508,114.28375763002212,64620.604578609855,35667.30168559106,19754.871135390247,162.7014703080485,30776.09504716699,39726.238100489965
14.599890264218098,83188.35768221678,3963.1518720494396,2416.8089069668818,0.01374027151904729,0.052630808283543155,25.456667273618148,97.14061037678266,98636.37155625556,20252.527066434777,35255.50622666636,3127.655132101546,6276.5882533698295,30109.259755030358
45.9493543388587,75637.86464520651,1431.9718864032272,2418.9008656196465,0.10529559548266783,0.014862411205053147,151.92488504526648,332.2235408579134,93063.28725122054,9144.969752941357,118539.68999627784,2550.0433400478173,37681.79096238229,20024.027568174723
41.794122224737315,106696.18138647931,3357.483294369193,5132.285683400122,0.4039905566358359,0.06102617722178195,15.780706078756813,277.92877362358524,60189.859176087295,41714.4164732236,20912.07630883772,27884.50571154673,16007.810714586969,11179.904677512488
11.973366382396634,45468.71663253721,2804.7122348652347,1824.1075454861834,0.012362867809641022,0.05470657856446073,9.595957481794729,112.04125847355502,61190.970154691655,16623.808716501557,70641.47352564518,8373.030497735575,12594.185662616022,33802.672057013086
27.118342325190923,24728.79859331924,2092.870504359642,3252.4472996188447,0.2485062738549545,0.10749443770255132,47.06338432532007,143.15329213523594,178849.95561046997,6092.03610651725,43175.06875877183,2734.888593203776,373830.26802786114,93904.09803518213
50.387067405920625,263637.77871013124,13364.629915530566,2840.689557920503,0.09641163786963833,0.7642055155394689,22.80406256384022,192.7088171922261,52191.07285684526,32439.14985920086,503802.3989369686,4514.863573428408,90721.68891773166,166539.1612032341
9.835845982441713,34107.51241360926,5877.822917026054,2272.6900959236427,0.020384197077248898,0.11142467442507424,59.002334333433105,45.55052493703592,179927.41321101823,56062.62267798925,328081.08086260746,11555.114869855819,60109.5576984475,19431.328606644707
19.011530367051872,82146.70087495068,3409.386324817882,2063.825936656059,0.03015582490920789,0.12681256935390675,43.622079364510874,291.19659666694065,60023.04562725088,20550.789727815638,555218.0519533254,14085.313885100752,4821.665268936305,34715.79427944902
45.668205346722516,33849.59588429087,7349.196444617268,1786.7095379610334,0.018862643240094942,0.022699449116880342,23.477091064455184,136.3274286160116,201763.48624421103,42263.29437435339,799075.0215309719,2583.6128254020396,30662.567811372795,116022.31224464152
39.71759036288022,68250.32516766974,3910.7022890720673,2437.4769353462957,0.12033568048878332,0.16927632209662025,26.075501402825868,58.510049416997646,52057.73755922685,25141.947053981658,10204.127372756542,42712.3599787357,4116.5979442155785,130963.02544325229
28.332881204055205,60403.53798721727,3321.45689428597,3241.040453922042,0.13709904422888256,0.09444857715877328,23.356434325114176,49.23693507109136,31282.26301746347,9365.239466547015,44116.94676083412,2709.7048349699994,4865.499187633564,27903.581613329352
39.364037303278785,171291.41125387495,8617.622190400558,4733.188812705888,0.008590378370001192,0.04199004377050309,45.32453772083573,86.32020661370056,94068.99057905782,17938.19437122858,39796.40753130886,3031.813850330067,9863.976823225055,9440.822891444468
33.585029677795426,41412.9039691346,6993.749442636225,2892.4691098232583,0.026980301798161896,0.08874463870996017,7.859579402225381,117.68412009830442,28016.014720583782,15836.162327641798,1607204.8772892263,1190.282259687067,52692.883534199515,93759.9572121406
7.318173215086437,23516.860000251872,2367.680103975589,2574.9435327732126,0.04375332723413377,0.17357636751600702,6.83061165178057,129.8873548851715,89587.47141043779,23316.474718725178,115644.55820024226,6547.023601900037,2678.02876364695,11067.359673123448
23.018158643716312,125579.75670702894,3166.4930890671994,2563.818034844292,0.005119505485686172,0.07180627007257726,37.46425331620613,217.25248378734733,87233.21940969847,9424.005661786183,120812.23588248757,8144.926683245899,7181.761839067013,175659.8240538022
9.764586577975503,122360.86614331228,12849.657351712336,3448.6712253751457,0.013995412475571676,0.14348667966381812,9.39593906176611,153.94317418005986,120924.35556792842,22021.96790490276,1469206.8827238758,1917.3028447828015,3551.725675254955,83977.94701815779
43.78092281573551,55879.5818727441,7340.134483697246,2364.7191670500515,0.04899161536177447,0.03304597558760414,21.087278397620533,72.4595669486189,325134.2196126386,13380.987639890098,15764.974692836975,27988.537960317837,26724.26002742638,55644.81153882395
5.915877580632747,30734.328601481626,4120.742918257814,2833.9148271548524,0.0937670063994348,0.05471035796272597,6.233702294829201,40.424502018039625,100217.3306564895,29465.608147342915,104337.216260506,3629.7735516240964,3001.7285012378925,14649.450652907199
31.766408329707346,67954.15442777082,11458.056891530949,2996.315536133129,0.07270243516265609,0.07502165054368583,19.72440208311592,328.0175548605035,804149.0328907856,12332.875271473311,22621.453675690325,6241.610679031377,10806.395770279263,44736.34697689214
19.15365643958325,39498.59479358053,3157.876481365407,3236.4476544346417,0.13526967440382773,0.2619959747844697,25.484224040076686,81.94891193874217,116220.8838043541,19603.85678155502,78109.87301756664,4819.323546946489,4753.7581052899,4813.958239018615
45.90915383007386,38455.15419500494,5497.055077335572,2554.95844671581,0.08906126570591426,0.18757791927088946,15.258454473884491,242.22980837622305,153010.4037007463,18325.93817279741,61762.101984892375,11797.603584198934,4541.819728164863,25203.72108527283
13.648109967139252,72883.72029940615,3280.3263460183416,2256.9210630434177,0.08034729853040312,0.028810776658221838,25.11948301838237,113.68471626916366,52548.590767942675,32876.68173138509,43071.59789903902,3195.620262195727,9510.045714972533,39542.96623980042
17.97797087205899,28676.02274906582,3274.451332215365,2120.621849261854,0.10921597274761778,0.07459860624062314,12.472827844193642,85.85671806840068,875458.490876863,39138.245661745415,33507.47237335339,3867.2411357889373,20203.672514273498,46324.40881697513
36.084174492605825,51705.58228660591,5233.0340120290675,3067.3224235394323,0.13990355930237225,0.3531001231612886,20.1988551977807,188.67723152582806,101421.75900806743,14269.201214026565,176929.7151109891,9271.16821888067,15319.200726499412,108954.8861980844
7.329304544106925,84797.1246154326,4243.752160227409,3116.077450952948,0.15994256063754267,0.02546019122210731,33.60114411602167,38.98293832015746,68906.75075402221,33430.45040719512,311459.09862937033,2729.399051563527,6065.557419381791,63755.86243529773
9.947906281102766,93356.17878539523,3469.2335464938137,2979.8686029354694,0.04568815480719473,0.441612991746906,15.922040825934241,51.96553187048958,246165.74835654677,21195.61943200254,189158.8694062081,16775.054027029724,186082.19772784592,166883.93527536062
31.32293420308606,79601.09800705042,5674.846988794428,5461.361435426805,0.02707285887213809,0.2952361860734431,21.38812371417359,301.47323217801915,54708.26588048581,25668.111045160535,35598.03219760183,3510.2322063415927,5294.138786482769,92537.11560803607
28.64542976971649,76430.59420992908,6561.954284073132,2900.0169777127244,0.2336832128447,0.02145138646501088,21.722214202234333,140.52516269523787,313467.70629357034,34181.86733144546,68170.05716851531,1142.742572766328,35785.96919603848,169343.30972805317
29.774568445314554,65602.76080920416,2082.4031050543313,4222.831066282804,0.07364017513086327,0.05078850357256258,11.194516427409827,163.5335524951841,117465.74985911214,6027.460511676774,93806.32538983627,3186.908369115467,60201.451286126176,53616.5696609043
12.480904705105585,68539.9754392769,2261.1966996357314,1995.4558481658246,0.09543178548411309,0.28012126656716635,10.781661559186347,60.41365891331907,51803.56706298685,6297.417030144862,89809.79279211712,1441.2807283194443,26328.06177902749,284732.345944786
13.36939392386256,111477.23565343476,3181.365398389091,2781.55635456077,0.20499729979166634,0.009982903923832605,31.869542940385845,35.48871237855119,202430.48698798908,5365.094033775836,233361.3609127884,453.51495780012726,5094.225182109877,45748.62091878993
14.895301142837855,66907.23033288177,4370.503670758222,2120.70211273216,0.07201168882911617,0.1348516438944196,22.567922588017293,45.88645710062431,198472.3673104152,34255.64853795647,286997.8947123842,957.1178240009506,80902.27352215846,25342.828580137506
17.224088815126457,29675.64901114938,2181.715235353274,3138.373989842546,0.08235061081018616,0.10325690586076258,79.14394480458444,83.06647501943188,171753.86508579954,44740.12735832388,196534.6600182763,10444.882935904776,10497.940827291652,12416.545000908432
20.626394655430573,75231.04444741644,4908.625962782939,3400.4293992112957,0.0631225066817651,0.05657694745833509,18.89802492705056,125.98865142876379,692541.581692431,62036.90487342593,215577.92822851113,10744.181254433175,58314.39181321744,32801.61772108166
36.10477862548913,18864.83843758823,3945.6869622994955,2076.7579352356715,0.19881480784400732,0.3581032249990019,10.675204946303126,79.19751290111498,48075.541264390784,25714.653426791974,343699.1174311989,2086.963535735497,199430.51865882415,115231.1207869566
12.150384225344022,106270.51701635063,3758.7121368605094,3049.077594023861,0.1163802254942444,0.16364066236362265,18.897860336544476,35.29562215325347,105610.36534055356,41208.15940422105,29911.442531363078,2827.13963411367,61545.26196703698,31409.211197806362
26.894385533032008,45885.61238832185,6447.241365867869,4090.6561463395446,0.04648684827204423,0.0076680281062068666,10.511520538659967,199.06093738823253,69173.41757761901,21132.180871736553,1076375.0598930416,12141.078010239367,42069.003577254545,15139.132121580307
40.90168085936952,84075.96978341778,5456.2640157918195,2761.5987643222506,0.0079521934801969,0.1811436556944316,27.400053745358942,127.55412235784367,127323.47544752422,27652.771925780387,22263.92818587725,12309.594549551523,12925.147334449455,20063.136726020777
10.362208683430502,259778.58802239882,2722.270513338595,3664.1363633622923,0.11035205603080281,0.006621323335907358,44.462407310417966,76.76546872243011,132464.62350538844,10814.550890797404,100801.38268462305,3855.579321239385,30214.39639550531,42971.5305115121
20.097010821061556,105873.71450296721,2935.417079214252,2811.2763355216684,0.9158670220717942,0.04157258840517587,20.569434160782027,162.04947443436782,89196.24186077373,2649.719328150365,1705803.4170425613,3381.3183588786856,69882.52922686262,135603.09058608304
14.45471870432413,119223.37617653355,2401.075105452769,3571.61012334721,0.03644625000317601,0.11654165426713191,20.206670471296633,80.99694383359585,146507.16643858625,20653.2058204873,18502.68744981649,17972.202127405246,23574.690402932014,99875.40480891493
41.94717173765406,130933.87543648822,5058.250694334722,3036.153546422654,0.3796050353411067,0.013696417155909139,30.88475651796575,124.57544683141437,534387.4230607062,19604.48791561464,107204.03605516441,1376.9321162472124,15686.874181011624,23365.03410834053
23.508336887090543,99142.29996669372,2909.2555615553106,3763.336952771635,0.07091932883500729,0.5172833056242896,3.3061910149806426,89.13540644746692,105017.24570393139,40956.29732390945,47549.615386883284,4548.23053982548,7263.745338057413,28628.455912606565
81.74304738094575,115482.45831371748,3550.8948223698326,2417.6913296205307,0.16789468259848822,0.08618553361856263,13.834091362608707,97.5268958492685,88112.56337600475,52979.83250440835,21462.92105123784,5087.0001563950345,42254.59735949041,120220.56149366315
15.622103430038859,81176.0474459691,1961.633751218716,3189.9488758764296,0.04230772736170833,0.05085754719112845,4.798810286246978,250.92730435326246,95745.22980247278,40206.825989554745,1404808.1015462838,9812.257244964863,3190.1570954779263,32683.41810255655
6.103004181597633,29956.8985143302,4628.459463745255,2318.5353904095314,0.03908838083508708,0.26160668391366015,33.37104675418503,72.3567925888704,170639.23663965825,55854.0283725663,13061.642344278775,1287.6210513973626,1999.982435763745,44828.10219200121
77.41204664405076,42665.79944596764,10230.090066271701,2578.2002962171937,0.2180481944004558,0.2052256717775848,22.606062734143386,160.76412005265962,261498.0414173177,19832.2560951036,35668.072955903466,713.2652883186844,12668.011680294288,83639.89408514927
8.667222052434546,129225.53446287036,3610.956159008871,2962.174824197659,0.03016767915850024,0.03382462385528655,44.051537318935196,87.80862928639255,192238.50955354172,46913.047485546944,158311.40804398194,3260.6696162292515,1901.5274327619907,158456.19442697152
32.936610629004974,112646.06432321478,7933.96232858266,3626.3545967362843,0.11171134996146709,0.10636595933966718,23.46400406658366,70.86052539537448,106242.65090478054,7816.565219416203,91520.1377289007,10693.383954289286,9008.347942711114,118147.44485393184
24.64658612290304,74791.97194006364,4836.766004592227,4359.006229371495,0.1018515830263475,0.058643239997014124,52.65314462406573,38.21331404459237,686560.880029372,9257.008212839033,75544.69916558915,933.2858555143679,143819.07632882395,56088.79346119517
38.390197975499056,38062.09249730572,5925.820751547008,3451.3573566207906,0.24672901507724135,0.24519243689607978,2.733165069012014,58.19522321678321,55568.182226872086,7560.044258092481,295455.488693414,1987.1827228364555,13622.100471239411,30130.724999274433
48.40764835469355,109194.13560332394,3085.2337546086114,2351.732189309194,0.13682205178449441,0.19550045798356092,17.999501019298698,162.53366614409478,123134.62614192838,36640.39755154584,46011.11925075361,777.7477310977245,24625.19466596716,26481.185169575147
50.836600898916366,46435.313598772154,2530.7300913919416,2501.5473357919986,0.12130551209967122,0.16165174959620623,23.86251743216233,82.82319107777448,79524.31913813393,20949.045639235155,303101.38304838486,14408.483730353597,14739.131145548969,75665.63370975302
11.646375425614947,148130.61346938644,2841.6513244228668,2670.079947286852,0.05186894887376946,0.020951059196621696,29.9290000476884,85.38201365853207,138854.50057593122,24604.596154460683,47921.65298154673,15412.173643696882,19348.82487516889,58458.97813993578
19.54109035668529,244085.02425285787,3576.2717055365,2577.1089606202054,0.06963755187870564,0.10353448660445683,9.15448100140487,102.9349189123644,195441.32395386876,14462.590126798945,127779.25360802817,2888.424095879084,39342.44621135612,9508.29250825114
15.740435488198449,105911.48621116581,8975.57028210721,4284.745955528295,0.010334036268579525,0.3836449220504447,17.542446727910672,168.42943739165077,31477.73071126529,24805.260624570317,100717.84022020437,2324.0808365586063,97119.43727942675,111994.86293161688
5.7450757350722235,70646.35350451243,2886.030920422568,2847.317483688735,0.1582545181754436,0.07827743188577267,18.613257763022265,151.97197616061894,27393.005470007854,47257.82480285797,118388.79704158858,5194.069503694629,152382.9110706694,88468.43838379579
25.068762179885898,97606.35524894581,1863.3742846771474,3339.3525463968904,0.11643286773808101,0.01472105824476169,10.143010458265284,106.45406060066082,423294.6075366607,119958.75811160835,53089.508651943586,3586.7909875702494,26865.776755777424,111695.8356504866
30.45950622605901,41241.46095628901,2778.808388498904,2806.465745465498,0.05239980793533794,0.2203448001873174,9.200060284143765,220.3586908029512,156767.67229226377,14219.962364529782,79983.11679684943,5053.37541243504,42537.80292234022,100429.741733865
46.97500981433526,38219.936935560385,3364.0362914023617,1971.9873487166747,0.042027065867963405,0.22713196846902547,35.53633512544521,150.6871564360265,65929.10775502896,29188.40648117594,44320.65804580946,2129.696498209202,4846.990432098885,70730.68476567986
14.72726212191587,63586.193540185915,1617.4473127972892,3989.0951300089787,0.05374231467814655,0.053759869860435294,44.54482022945478,237.30172314215937,99241.52252850744,15015.57807611123,93086.81981554089,11256.411122994861,15876.83781901371,59969.690835957415
2.76878237847733,22241.89030740888,3233.487730275705,3708.147763445175,0.022153344078654734,0.09037349038010077,6.083783218964022,120.8612819131068,130275.70338746205,107863.37316119595,460478.7563010418,7373.785867586668,16115.803044878572,154543.2188995667
44.758677372286904,49132.11938007562,5309.927444860011,3790.7979454891474,0.011936935301986902,0.10737475199859133,54.59726851979506,47.93593354808573,156168.30793278577,4329.243102450995,84985.5135618441,1550.9865959847018,27935.554941042734,16682.696244936422
31.06816463360251,153636.5184836735,7563.723164495131,3047.493567099761,0.057117097253582404,0.16324703382696792,35.640639616990896,63.42674527510642,310687.0717192016,22809.492537972095,1413686.6762226454,2289.5606075791284,3093.824493566593,67765.15023076975
10.276848739107871,88241.93417699602,2603.209285115085,4149.720722225058,0.27149717811543045,0.1377933731041156,45.67381101689015,86.46695286732204,405065.08065029036,73237.43766012354,46981.32553096833,4244.178968902843,1434.1915757336008,53152.00211570359
17.216227702165863,33772.63732302011,4106.543486980045,3336.5857722032906,0.02025702642947036,0.04367298320655593,25.07835492196237,24.127113093806525,197016.25863032736,22039.347986292636,728560.7605284787,5419.343964476419,18395.168073440185,98913.76786543704
49.3900275181692,180923.7284309664,2877.432350533514,4502.28663750813,0.11993225748145105,0.5082949490361613,18.94299236064941,144.8008285337529,123901.83730209248,47345.6328037261,284186.65955990565,3619.1460025416177,51925.45691365459,29526.30595091094
11.165018256314937,120621.16439186782,5475.358959201983,4877.676781136776,0.035677356743783084,0.01960268837698666,17.69496845067425,95.77616657397121,170343.98147691792,2313.035148335438,47560.522734772996,3709.5270308734575,10271.839699240414,32932.06791429956
26.32115778932947,156354.88193506122,2726.332844068496,2835.4835506814475,0.0669650771899862,0.04259748849471567,55.36694868112377,32.87723284988963,127576.27617442278,4615.350359138594,69020.17309473199,5035.933355587766,221796.6301293594,59474.79438214552
17.642992176997335,74189.6474085371,3475.453671800599,2908.1280135761413,0.16762466057189224,0.05504936547115126,17.696468611111662,249.2752989488526,20951.811436537875,13691.455855054668,420892.27878051496,1902.7545870856363,20070.488356995134,18952.30376890966
69.6361438174096,36846.730510714915,1887.2480722369494,3277.4794159806156,0.029962290991861342,0.12385693591334121,23.330375702103986,70.13400420679476,112080.08619631831,24791.345987885757,33771.053093085815,15164.28991255441,32227.620664970807,89884.68484951017
12.878574236388504,271974.37987505994,1346.4672453128833,3050.7140553077547,0.25807761953619635,0.059272797762432335,6.668160591451151,41.967814747434595,48414.497811722795,42447.063829410945,180847.36780155715,3970.803677578137,2756.3985844151375,112658.89868031448
14.86159102213176,62444.67348592113,1888.9221408588064,2906.973278578863,0.011134687813643875,0.07975159323071838,23.162037356477803,79.08213812242867,100230.02838981932,27650.49776366607,29025.402177598913,3992.1725356763636,17006.431834583567,232570.96478716118
6.614507585456969,72948.7316803436,5475.851003154255,4327.536653236541,0.15813108241627913,0.319735283907429,4.779700459458703,32.70989987686845,508341.2888136673,6928.331926098813,271834.11803967546,5214.985173947633,6591.489070512741,32723.586881989613
16.360278728328666,133389.0313635051,5842.820673322244,2136.737918133711,0.10724594894353524,0.011821718560031481,30.672792416152628,117.07861501581336,78962.60996727808,12458.737846368696,369844.55408547394,2690.885057845601,214948.46139984825,18158.805041068623
14.22556689387024,62346.18233425367,3705.3492984330123,1922.4325743891338,0.08391449493687979,0.018218510518625147,7.572333941632352,65.57210746893402,186786.9846833471,22206.32073272249,98211.47500642829,3818.2253485807014,25353.14641031634,81659.22027586823
40.68581295599197,90052.51060567344,2081.651947146881,5658.060610240641,0.09392612406777498,0.4698149770668967,88.93490993845184,44.908927851865464,413933.74043960724,32141.898384069184,480129.3303668188,7221.100900546536,97547.9935510193,32047.014863687156
11.138893656394169,191213.14793156518,2588.0172492560023,3837.09189469825,0.0723083132182271,0.03206254811415697,23.511429760272115,477.8060128349166,547083.2855777147,11091.864877855649,37718.470284146395,610.7898139033894,22649.62013700001,16595.71724845411
6.246852088891343,168616.8127370223,7021.48028583507,3456.06051241022,0.06765544188069064,0.04160913820234567,15.717625283025642,120.22160026634742,17648.621406260554,18424.33194530151,116288.67780714862,2263.1600304815106,20310.903620040284,43891.294013662206
23.979511383541,41791.71038959832,2570.8299712869452,3407.72439454487,0.00975200193218226,0.05302261855106219,50.49012539683024,62.228549933433555,582322.8023153177,49732.33713535845,102398.43945959488,3798.889144638302,69383.93948708383,47185.60814592848
19.743276655901056,41123.04014650777,3280.8396037194857,3387.0013625033694,0.3453755455157583,0.12104784831886882,12.260779032026932,53.42833019009659,50314.67652839131,51695.58192161967,283914.82221073034,9208.262879006408,110630.91198052959,40143.75344421576
15.023130178158535,82286.7403860599,2093.1408122546927,3349.2544818714205,0.24972192918761685,0.10733978671021022,32.183171768212674,120.28069160338765,181665.9194351087,9848.406952367002,26003.58213612662,1676.8346248147514,4562.2333871424635,34057.36007614146
82.02793900306031,57806.94593414612,2453.6662464839383,3250.899877991567,0.15749047605591532,0.1419806492331803,8.423196285551626,233.99511737306383,104373.25651606807,22760.787403003727,299705.8510304818,36027.25457014276,29613.627739418313,177707.26102450484
12.47418122033569,75373.92874572528,4011.2620649072487,1383.6676046515724,0.12291695190979035,0.3238358405999849,40.14351983639437,90.08894594691958,69924.97615525634,5521.70901676587,218196.2540345823,5881.842519922613,17080.215777129106,57305.361019623255
21.185310751596056,37930.444624838026,4964.526480575142,1448.6342639096545,0.5355659066289739,0.3294548308924794,12.135155832595375,39.93974370386367,151355.80856690748,61580.26657194616,32875.938508699546,4974.055832949612,4976.413250769415,49055.9681268875
13.666305269697833,141333.18443308087,2508.612860786201,3338.2740832710283,0.15049622906130702,0.06792796410845107,12.131878256996801,109.19233844519101,93971.22794577865,11901.370844823818,103249.30407542296,19725.786360213824,16768.767539029683,27534.259543793833
5.711370692929029,112878.45865755845,2870.6130310137605,2963.13276927521,0.09025455661562383,0.0566770051866436,27.94114418108349,97.91794014362351,123733.51541908669,30209.04097215638,82329.68618759935,12805.107928831261,12988.413523914307,101227.45395808223
15.510030776813524,62696.22278239336,2450.5971681141928,2446.6697925106196,0.011659483188061379,0.05039915602773083,24.424369275206338,241.7793746096267,240924.91455194843,14425.57104117863,23129.049598856505,1103.3841373812745,38467.37390219857,137387.92124389063
39.58834853916433,67027.4038710816,9541.420950160538,2053.312922688758,0.02951081242890519,0.4336966368689217,17.708167630842624,301.74471650968894,114250.74968499188,28629.062929753247,81797.72230962322,3519.6376800768508,763665.3764276892,29286.33997489584
13.39522475726159,61784.62382135435,2832.3020788051363,1918.0773659542422,0.05016851158690449,0.1395203161434971,49.84531311995988,47.99157118729293,27199.452470674332,7285.86027020242,1223969.029786861,1472.6738731526789,14175.378021597158,71563.82456668475
19.412685092984386,95294.42435532271,3957.058277743097,2685.0990942176795,0.043674410237625895,0.05105802147124349,17.905471662889422,90.58254702192328,171599.59307587688,61259.29998535439,80570.68647134273,16378.78345378385,22644.643825170504,108841.9203998448
32.26102303846965,151400.16303913144,2654.363895912645,3696.2898507684586,0.03894162328366869,0.19734285716859967,13.716848665223193,52.97301180485273,123469.20486777881,33808.58630934047,351035.51582761365,8353.40675526682,17159.230121641784,157471.0434643606
10.368125219463094,116317.90266813422,2999.9600632440934,3854.396940465487,0.025205487951585604,0.36542019066745507,19.040371357692173,61.402988007600165,302078.6527663244,25390.634661831118,14489.991383431865,16951.650814021035,24212.498895772675,166552.06657823597
16.904569129919057,93757.31088994347,5283.41261812081,3003.26620552415,0.04409129787172833,0.059342185421183496,48.55784583412126,101.85589396330157,142315.18989426427,44727.16927301136,44159.17644523437,15332.97895743494,17209.177707530518,104531.5685358398
36.47560781287864,24773.15419678818,4894.847288999799,3434.946515136327,0.007361810101876596,0.06529224742462232,8.791246636417164,46.946774507050435,88034.99326528313,2736.191990694963,242223.86215713382,10637.611729795497,13533.098084751287,22372.997188432597
53.70416146588142,30418.669315617437,4331.082207949692,4678.971822660525,0.1916492431056071,0.06329007532081701,23.98412481993569,82.1046415622675,81425.23202553797,14803.315151050661,153656.34077809256,1448.5680453405357,5716.019954870998,30742.374277349172
25.6890669666063,57136.9204649753,4032.771662097199,5182.850694624166,0.09353110779752133,0.5776628270692978,17.481165553719606,90.84408516157602,253064.7984635785,37236.214421169905,77470.75825336845,666.0036233178622,4714.172458251732,73563.77214934689
30.752730688423515,129760.85411345876,2669.358614867729,2968.7413517032014,0.05586754475620253,0.0723123199938038,66.93594964632437,80.45970541375316,376712.0915984878,27180.73339171953,32108.77294095612,1034.162154525249,122285.41764431697,15815.060960857028
14.571858468502914,90900.75921004756,3260.124349911108,2354.353749986186,0.09895319622512548,0.01117663961742527,19.846566524127326,144.17392014247045,47275.06426878727,43066.81289034314,23101.40572597211,1827.7136181949252,214982.70323431902,77302.31053260333
30.516790075981614,23211.360589901247,4717.359980940775,2402.513457242849,0.05666281947088888,0.029256194686290166,4.46931289863729,111.08983843777823,131940.2909036221,4263.751307940458,68950.6323117501,980.1463718761877,18503.768795412867,66161.13270903335
50.62962167243305,68218.9099711031,7084.005076881829,3365.7162537097443,0.10720773333531343,0.03970260916718721,9.932429736791937,97.84127678436833,270356.71228915296,39143.40056553357,30685.947524403757,5550.649092966584,24003.8041934874,35494.33103691444
36.4175820176999,211151.51399130712,3703.109099218244,4064.0589114956547,0.06349859283660958,0.07438781931236067,9.866875096435404,116.33036445369831,102104.29356141321,18965.38354396913,15197.250807521174,2233.2439763428592,4394.51892677344,64507.14777649731
11.002541935599988,58890.32843890364,3097.7780882829643,2356.694048841197,0.044617072971783626,0.16841416236825094,8.007008233922521,115.35935516310445,156881.28980078816,5856.848029399352,62377.75928843373,1718.0871705783766,62912.53420909184,162717.36354381993
32.02462994806165,81573.43881101985,2606.160181222829,3808.404980684838,0.05620293007449374,0.22623642051112358,10.577525544827456,224.60698450500743,90182.35727911232,22876.025006543507,840961.7283235297,6368.2252104689005,40915.279942860085,39831.08100412878
44.06271806034893,76967.01952475043,3078.4458563569724,3525.504687577037,0.08193662161141464,0.16411147222329084,7.536597360770337,34.052090803601274,159546.9568607472,59872.9951834245,266525.5056300623,4712.523567713998,19201.719330504493,51664.541491386386
53.607405219752486,307901.4891841107,2652.441411730744,3357.663155481697,0.16010399583369223,0.3188991485771288,51.37832771475972,48.545345323834894,167609.1416043659,94276.51425166718,70186.25676924623,2335.078179140258,22417.277219960055,249398.70318685586
64.94190839161394,48880.31243438471,5035.778723100343,2658.194695605729,0.04341086969272832,0.36077382848173795,18.31990396604099,152.50386602546376,55856.59918790723,2880.722229505657,28022.07646161843,9097.414456367393,18473.518624101805,23650.038635528308
32.56299438565626,87301.6217596578,4814.553159906729,1625.2898222720614,0.1013743833853825,0.019583289516130375,21.918627442439423,45.119838858469116,147242.22733484476,15548.126017113891,492736.18842071586,3843.1159105030206,2807.891316416677,187302.35462593666
51.43151316931286,63716.585255620244,4919.279185198832,2788.07905502818,0.10888327387428048,0.047968615515326246,20.76237525101611,114.09197309765034,467162.08803233464,26109.097104507302,49960.21807289621,1156.7777709325496,46836.279967182716,30301.14998602995
22.03551089473983,116668.21426545906,3763.667391263246,2116.164492290507,0.07116875231247709,0.27584133914222386,38.65121271606235,55.26800386011024,352723.1969569399,6972.908403536614,9646.2231234605,1500.3286873204586,10536.580715177508,91533.02639604766
11.319812769317503,21546.885732824434,3863.288455992,2858.3144556633874,0.06792347369068387,0.01447560086037152,17.54110252169047,86.1559529998787,221426.53971883765,14042.43103774163,71162.21080732443,917.0004819471824,2633.095111070078,192728.84595861897
45.37520742721952,21790.285094009985,5619.201064133783,3111.4012700903813,0.07966691431837652,0.07063866944741926,37.304673321277264,68.7772975574037,356761.559714694,96437.83489504339,41996.183090245824,3423.52130918064,47337.35024221159,40509.12097106724
11.348529714717772,70271.25897001877,3671.320250377996,2271.0693575619157,0.0568629863940449,0.08573285468010138,24.827472882514176,190.98505538081324,231514.25851237687,94707.8248977878,248156.6987577106,404.8036317958971,64030.95181195709,130249.99881908581
10.309211733501263,53681.606975806375,4085.673921682306,3151.3228766799166,0.1637544813258605,0.04964670966541597,11.085805040685566,57.60802957180008,389422.3172690834,24466.00636592386,477633.9643108898,1882.641171216424,7573.097869254669,209854.11254134472
24.53791584646729,94576.9315623953,2455.530440084072,2230.131979852274,0.11380728649028454,0.07360390157023884,12.908972972802554,95.02697580979499,159262.22612950508,43781.47500417611,14100.475955733187,1529.872013045975,12590.865686161003,81279.7815084647
9.19432414457833,45009.91430174376,2149.5830285640914,2336.524034858475,0.04761480871420029,0.2675571091632968,9.882652154943212,228.86093121803333,16643.893310525338,61934.4971840567,370583.0370994567,4488.3903924209135,3027.0615530038535,70434.73231171511
23.44927782144852,89082.85242007396,4255.783233301846,2750.4960646977943,0.06909500467046055,0.0853263655738084,12.43510016388538,291.37244043983014,189473.25410847776,2652.37867247636,257811.7204669837,11650.927693344775,15680.651568220483,56482.37793273634
19.55660343272812,33168.04144886382,4178.614402265956,2868.6053870074147,0.005104000872802475,0.020491591472296337,59.5436493783408,61.952003402446664,221769.69579127315,14608.651572896912,43670.58891095919,12094.567769757476,376843.6262132786,69763.34146957731
21.038493813037434,189509.77240119237,2758.900351231303,3313.6401745815388,0.02381539611680887,0.07650369613405095,9.835271780258061,214.39465202255312,50856.49774540289,31555.971736400184,281107.09785760514,575.626474195461,1792.111978815217,28200.19310706559
7.81117818317817,266542.1596111206,3519.392806376184,2550.308816983234,0.0285429396541836,0.40249814314364957,10.036873840570014,109.75565765483815,350130.1771923437,121952.12728314626,217904.73489913883,4674.166657434844,21235.792286649812,16196.072394470739
48.47338142586537,90475.90680120276,2573.3827088291823,3469.3191752611406,0.034367633241540976,0.20546387493617602,27.149295699380968,53.72317220184667,363181.8780341264,38429.19583690264,126409.95457038832,2685.8688414917237,3453.946384558011,126647.37330781078
43.543273610015056,50888.431445214126,1616.2301162652395,2304.285343887613,0.036809851777868725,0.3877685656263134,83.62601779388173,64.08154467161192,54885.4744127642,19596.55583194151,14177.892255190969,1108.9495394952542,29193.793549056005,119434.0997791282
20.8116517742953,27207.17862536173,4686.926506285342,3404.9772304381972,0.04026585113912708,0.014215582038796408,19.268220601082437,294.36912080424395,63173.949175678456,19567.380576302654,29136.460262337227,2168.434646870743,317120.1131488813,36520.106060293125
59.159106774436054,99663.3888604728,3855.592885305105,2951.276350746868,0.1562902919602308,0.07826029018297626,22.72762590078327,463.98920677945387,625992.6872708577,26081.222056085873,67445.67341435491,4633.801721878721,34489.45780833018,85144.06449398883
45.748135487709675,36287.90977959595,2832.886599400435,2426.9598040623764,0.05029934006810039,0.12393052413523971,8.931674155094555,135.2791891535032,442175.95726885094,113126.13715945817,164310.6055558751,2176.9803719640367,11197.666428288781,28272.155145749544
16.818525574404642,122124.88645593246,5150.502175367145,3998.6885490814284,0.024248816321962526,0.07105095719814582,41.04364881741757,73.36196501479975,50892.25671547118,12528.736470549726,8421.392091669037,1120.9369268869314,11278.794894850564,90191.0290437802
14.209761712521416,211492.52698159334,9525.734297802523,3187.8664053988896,0.49141773397761257,0.03627287710443984,44.546260862690744,85.34811329225627,450754.15447737696,11008.677719602818,58005.64834679064,3664.1406464841293,4051.815803916981,110259.17743083627
10.35473939844292,194195.99071856364,2576.485060003924,2693.810528230094,0.08029515120434785,0.11334832185851694,14.126453637605099,34.708553275702364,146409.9380966434,18063.492263428278,39164.99062866808,5555.646195867244,9384.800803155487,58462.31129827748
16.339820392959215,45997.64606889612,5495.320615735741,2994.026368165033,0.31402221010369114,0.035676884827945884,13.720661444903538,65.74693755447356,116545.13558266408,19635.504242575724,10252.052925635218,2162.9551621087226,972.4984105163905,81430.61997509075
13.20136805022427,77410.488855095,3839.8591161955364,2944.521992694366,0.06977890388010473,0.04400810179582265,24.133024093676987,124.52875667106962,272860.68459970533,7106.315627409386,140583.90145716522,1496.9085395318116,40061.04546500294,29346.10912502294
55.596629719656335,31586.87524972943,7649.680054985623,1704.837295631492,0.08695881822234106,0.052822976796433864,19.442741093011275,231.19144982740855,59789.36429743491,24644.66985557022,23224.181787549165,45000.12824806561,11059.321599051978,81745.28660719434
20.06207584284055,138924.90606657285,3095.209239726648,2534.3157989181386,0.15294178937276157,0.10562328501716255,10.475129503054303,109.28846278562732,176981.7911249118,18666.915412642586,272920.71987239923,5913.859328773974,23639.866584313088,96501.1995530469
24.231542244604768,113031.79181054728,3314.2094929360205,2616.594946150897,0.0672702773555118,0.3023268619196388,10.767036009434804,67.47675199946137,143148.00646240564,99738.82544250337,145111.0330092308,2853.2462000263713,32186.363977180896,239670.06210957636
16.452936193342797,119238.78188817407,2721.336714188099,2564.8120111303865,0.05240660052587056,0.010067171171032868,21.549684642750467,190.66259424813992,70219.93646152795,10057.620373219184,112170.04289639991,8182.864709330199,19849.869243553032,30343.185685193457
16.130571559491386,47535.75367983885,3933.360140615672,3129.25267859357,0.003354370999827258,0.6693937507097787,5.836290337796476,174.32113154043938,226373.92727358625,2349.1232078597877,10810.940285353692,2308.5047487856064,219452.18363233277,64678.96333605441
7.73226234308992,98865.17303719881,2420.5381473065163,2485.9709733314344,0.07410863059673875,0.2222302463101305,29.987029557225075,36.47906723485932,126403.62774059434,57290.40441808958,94136.39297964198,1845.123005918804,250384.8567199772,33809.69879052781
18.15754478838218,33825.36671051348,5199.392505547294,2225.575386867283,0.18113866820647478,0.05358653802236822,11.114167020267157,82.08818252445059,133137.01292293592,36848.77802778455,9411.66528811849,7523.159565450365,6235.634700241219,31119.423756001517
8.477089935048044,70202.46568128507,4104.456474816269,3002.939943525006,0.19298601952256825,0.2921217975103199,23.964630574376987,96.50574376046383,349250.82364272204,10824.586607885438,63623.61419789752,3975.9926616385756,85512.21219935476,67518.6199681616
18.72678109605216,84561.20012428748,6998.281416885856,2537.567254485618,0.04058341621826314,0.4719985969016316,19.282334845101904,81.26268430174467,38729.95070662028,32553.526972811855,383878.5882276497,1634.3581149503389,22548.33387014216,17156.648195348258
63.86271578500665,87917.80547292072,2543.1647243901334,2525.0993366018133,0.06579365988712514,0.1314435962048364,57.22231370285436,173.08680167724756,271559.27739713393,171302.5010301966,29606.06929031815,12182.066293811544,30790.87860463658,138631.36780584362
7.480423063667095,88143.2265437742,5784.8020301779625,3452.313931016696,0.23253531787800819,0.10521906615569904,7.905412580602795,76.52278276076746,68830.5446833106,15203.558978223562,6398.637764820496,10406.57461791094,41509.98210601925,212375.8813258119
38.94036221327761,46296.728022645024,4391.351258954974,3171.64188426764,0.04736261302903002,0.10606461703256423,8.702668897602846,60.04769816994757,507800.73419045715,12311.153029472827,85302.01863100662,43010.572198617585,3424.5854712488012,47224.38317227151
15.31592712188319,37871.81399230535,2172.761060120025,1849.386256818019,0.1660167804300473,0.10901740960679382,36.4073069776838,109.98808462893554,290678.3213640597,19978.41273941342,72449.5884280676,3311.8121219302793,1840.9424329690896,62690.626976790976
27.909599726948468,59799.49598821297,1775.0736760738662,2257.542356778196,0.2998631128928358,0.09624229001703977,6.951201449558693,85.57242260313913,54984.781770668626,1351.1751526291748,317246.7754912375,2269.757122275624,17232.769272210448,86964.9332672543
12.12267118223471,88831.47008480504,6511.249977198579,2739.901777086929,0.02560127145625496,0.03940183945905691,23.88358569934315,147.05780595140982,52156.71877930075,2942.203294318894,67140.6007466205,2286.90913550351,2630.7924581763114,20328.906627772234
14.686563570038098,68426.30504414995,5087.392353754421,4600.509439495449,0.37300114942963175,0.08501008682273763,19.960217646147527,171.45445040330242,106413.54603769904,31232.71024947087,182373.7670809753,5447.570388253575,10700.531199961004,91888.19866776039
24.40595956101733,43868.08001764357,3299.808076132968,4246.050810634824,0.19958343969644377,0.15707134060505457,18.696804791165327,146.99933935472106,148957.7830451208,4654.961535349168,13055.44571463253,8936.812827769665,16443.43930876084,50541.303733656874
8.280359376978806,22710.462488971683,2491.360370900478,2227.858455946042,0.01768583127208438,0.021943016071470874,5.700779790320312,261.1881301329914,108314.76236620038,72322.7161201361,2108412.6649868023,5842.169859915252,46699.056028717845,125328.9468103295
18.910648255130006,115115.64709299091,1507.0554357604321,4243.38037939459,0.22209546163501317,0.44532119697044464,13.791924324765949,71.94668020507714,151299.57171386917,27113.891281778357,113686.82940262204,1009.7938663332533,6790.469714333707,64546.96643827415
42.31704189718083,49227.62951286482,4359.255051663025,2859.517847375628,0.12346814021714946,0.16522687627211854,41.871986672151515,225.4283260754648,91882.88125213675,12439.44526709557,12974.380629489855,15613.230014432309,10143.922966983455,68414.27557515117
14.33571192900618,67220.1397215358,4027.7812835852556,4918.384620902818,0.4268264203535137,0.11398815296564618,15.538383101697915,108.9375297653425,267544.2357503062,2970.613944152565,474273.20405004267,2787.5890231200096,6599.210403891994,48891.899046299535
29.75271021040382,71642.84896861773,3666.5130268116704,2349.441476809442,0.12153366583774354,0.09155686903325944,19.97921474401133,43.669090981058986,136163.56081701207,39185.55913724538,20592.37733221758,2982.0501562086047,263753.87445547245,61519.557202732074
29.561629482202882,184461.84841059832,4286.907791427593,2880.9408755407444,0.067100009043056,0.13593839667604032,35.83362483357253,81.56943945723323,103580.72942861296,16095.928580647758,185256.06715759123,8042.416948927551,14375.163267453041,31904.440864525517
23.41552020564839,43717.16960836963,4121.135281809695,4517.16267843319,0.7283514885537066,0.4480495242664801,10.196071826615091,66.70689289862935,175727.33131499842,11573.953758887812,231389.2278310375,17034.306259639547,26074.019723003436,40204.92624075056
14.129191222675479,58338.3866126244,2331.280518280504,2954.0644128479535,0.09554575701102305,0.08143246929962485,16.988378124647767,77.34270875760522,142589.1061581037,14852.23738671334,523231.47608596407,6527.218595938166,15221.071152395958,72915.95719033369
52.992057842983016,57899.68627151683,4514.533831827346,2635.1164652292023,0.08238727404759842,0.20292916841643888,83.73543584877457,126.37129326221144,282556.31862868543,6059.459897890699,334585.0647179941,2531.3709966425895,53754.16457048059,89550.90985819009
8.67372737568077,43875.11558825982,3807.062247258003,1965.6777529287178,0.07022801227836782,0.05517331399935104,26.71597901637101,73.85026085459597,208522.32057845924,5022.622631665517,175851.41577266162,4699.966210810643,2362.6370701457868,30438.674595367705
20.017626552534605,74540.65503564729,2048.916321441394,1653.2267958426169,0.21538607085401837,0.0746341374896192,45.562015682215815,98.69381082902191,304172.0405445461,175678.34444124886,133972.98999852917,7013.760161503253,28711.362591224384,102003.88578599182
12.730413676178154,45832.104161941184,3972.0237061960843,3354.291970667357,0.04681484176752986,0.13226020403337313,9.282567361292239,110.09732589491648,82917.4031767244,52312.36183442168,2488895.745031334,4428.137270253338,306192.9985740822,21372.467638246337
17.54897049622336,37102.88310467621,6135.2284372180675,3840.3901064331144,0.1277025280248944,0.10068541118563004,10.081699086942162,44.18231167574461,536179.6610532275,4429.871839852995,47465.31030244741,2044.7653720483788,11274.732043899397,116621.8767043318
32.17244572429863,32272.309064209658,5202.070426853726,5329.882151426348,0.037965540890082985,0.0391116332272288,12.084212829979588,84.97772230150848,162734.46337528803,28950.25959844142,728835.7307769321,11243.053621037214,18353.399614152353,26944.806634692923
36.20778726772012,55192.70788810702,3202.4830696012464,1909.4729335514814,0.01425985834079891,0.02150668891947133,15.923987007455432,41.5325316506941,233270.37380636318,38066.8673739515,78096.28408039277,4265.063357527061,7403.772081666015,54946.05381912359
38.40239125947622,74933.40721047386,4465.114630986449,3503.167584392782,0.018431363165049928,0.08440468545736213,9.967435935921914,98.88533540850058,90666.19877035412,29092.925714385336,26822.387476298874,1700.2848150874017,3674.367371620265,210224.5398095898
42.82192889172452,136511.72043159633,5338.89957154914,1398.5813784579384,0.07790531112395506,0.032007112012572565,47.62752603144922,218.82417728906907,323794.45445508824,45131.49167471578,114852.26311048835,2599.212010821973,14575.600047363208,174263.65537355668
11.263101319670104,51495.30348022727,3021.81584364742,3369.4630998351436,0.2572607740098054,0.01781864666577546,21.885089917119828,90.54784521773978,93584.09349078641,31674.876555685463,69952.63501364405,4057.9698024750346,26043.253633703647,261679.40789463438
42.85774432178154,45207.45514842916,4318.356107425372,2402.773523558473,0.02301583310709604,0.0768896551117606,34.09024687904574,58.998569612961724,65261.96966900537,16884.632715767868,119142.33729721468,256.12436185722254,470.58476354567375,149306.14487441647
7.308840288498152,114317.70306391867,6568.938768155395,3023.492344804663,0.14793967417863987,0.014463896170199055,19.34007377278838,216.15097330314677,590994.1201661146,54142.96784628134,48262.77815287954,9358.494400276304,42654.66304484284,49033.030865760025
7.916647168176294,107968.45524660219,2999.7646664021217,2944.549508050815,0.13074101787614706,0.21081472702446358,8.56585683947289,297.9582577698233,90251.70733821986,12085.358687884758,85983.84745468653,3702.989580956268,8181.214275713904,31677.28064391087
5.7739192363617,89157.55696731033,11525.691213660315,3092.790065460004,0.09081444305508295,0.2451135486293565,11.978756936606606,248.9696641060101,27251.30663374059,28494.915864156308,59717.445711420485,1275.9380228921448,31777.99359073743,284315.7566412188
9.941671531264262,37927.87839862106,1190.547463928454,2327.026408328756,0.1066233852317839,0.16391321516646823,14.665500018779674,138.33135921437227,234013.7412818176,18818.085419111827,34257.602265127985,8544.265463083037,5845.3356521990545,65881.05086421184
36.526966091702505,44011.60672533079,1959.015447185574,4751.074053604261,0.07083412781463637,0.033567216832419644,33.16167498589629,196.20056965633032,169056.19174420994,10049.475010600278,104103.7362780277,4636.261322467415,2339.090604714234,20467.579647862174
73.66284869769181,35768.55491775981,5157.552513874555,5489.079714808793,0.07314208449960265,0.22985466570282248,11.930140359250519,148.50922048054255,235985.51678123954,66445.0878298822,43354.44702366265,1295.0316158824246,56436.961510897025,14723.530896630542
33.817099179591516,186114.90900090663,6246.7873787311,3294.841794726147,0.16676819197442536,0.020411978923157242,18.93016105139604,37.57234093415562,162936.5267975335,6312.01519077769,1166902.6304179423,2114.1193032676524,4579.279383919237,147945.13990545922
10.160745762959225,70826.5963170707,2488.2585606735115,2188.895797351789,0.0845677572442198,0.226854224699941,145.9944148399011,242.454241502281,147810.08526061094,29688.469409161346,24291.03485382886,12157.423276904425,18013.651251999927,159483.01856011804
10.88273280350747,83807.22214863898,3849.5655158888962,2207.669688530001,0.06977582300084371,0.15028221364810534,17.975179001361326,53.93374135495539,66933.79488924344,9819.801791233183,1173600.759156957,2462.9469660866334,66258.21588505775,213543.86042286066
9.357521242535562,81450.80648277742,2706.666430293739,2965.647298481617,0.03617360377348813,0.055263423872636344,15.745125018652768,229.90123716862612,119963.37364736506,11937.209824790913,59517.36043282901,2079.4168041549383,6856.011047274023,55496.386573240896
13.591260338367105,32500.01216248204,2734.4024386223437,3312.358478882117,0.03182815462586978,0.014805634317020961,16.102689499926687,238.75059521002294,161637.18961019142,10148.528920545412,47409.66415860512,20030.176007725247,2685.8753056731257,39063.15293077319
8.472203343468756,78173.9398262615,2538.1628478903303,4982.378206593963,0.05898884285796354,0.01428207367126325,45.83202470718563,41.82082799795877,128709.19377762062,2145.338353089227,29180.918421193044,5025.475178048788,3911.9540113716785,50373.7347561476
32.278187604594756,34859.90644004526,4068.677031346644,1787.5374432912095,0.029271289133824974,0.007451453587900873,25.078353989633865,359.61916504570326,45281.422869384754,126960.27690032231,71847.66854478283,2969.595827851995,59312.61262892348,29652.676394749673
24.482782354348963,88931.542831352,3595.5247196689525,2619.046539420422,0.06907031032441148,0.11748147379417377,88.56176582944988,63.31576103230113,47863.39090841075,25550.341866627514,1503498.8477938876,5619.530367437023,16011.717787220277,27135.63776708048
20.8141568912733,138680.27008284343,3709.9478893920123,3077.238739433286,0.5798316001275368,0.06563432833905193,16.241491373190954,123.53473395502519,109099.07992447648,8020.567057262821,293096.2703503324,1699.625603825125,26451.577233333435,37091.60737598937
85.95598967242483,126922.37170508275,4267.801129248406,2054.6434170523557,0.0513064978036665,0.10221891777127956,8.332654461730142,35.950089250487586,175583.60887110306,4578.072330037082,19257.471991510414,1811.6141485599103,8659.51700087458,4439.3001226639135
15.1237492198033,31814.845726635223,3055.349774309657,4477.396659956374,0.032868206788447575,0.013588228262335703,11.14109104619223,62.17992962281542,107081.48644741492,33697.398615836704,9298.19379897118,22189.851133177344,15705.596571800272,56101.968672521085
37.537763067750596,30620.040319693555,3139.185747269394,3139.2530861359032,0.11515899520130515,0.035883863368336974,21.672399762005387,101.1830946871221,189638.10887340995,4770.573957103439,175035.7400808472,20856.942653519593,3063.1165852115355,70791.1080290537
8.556140343650688,154063.93436818317,1817.318056701258,1736.3589653107938,0.06215965198892612,0.01189471484207166,15.307941353677878,91.32542277835604,103871.74430427358,12183.390700959839,48057.62822724224,1938.6094311757502,362714.09928705153,170604.44000444596
20.002957897284926,130594.28484925126,7438.789334655258,3025.2062329951727,0.31152293729368785,0.33424152720372435,43.48804966481739,382.8461030533499,184295.12659847114,81359.22490145951,669067.2877093721,729.5396525333156,150413.26913164926,55676.053398573495
13.10354111236988,60302.24380034905,2083.0913312254997,4347.758606161622,0.08522284271975739,0.04008965651775423,9.1923274197792,43.03141102964933,74872.32912648427,31703.911829201443,287180.0276163056,23092.025757247065,291703.3967574699,22958.235709912078
10.21711411337428,55990.183148778255,4249.376200158378,4128.884736693662,0.07460175689655102,0.017935106478736033,2.9234077484237444,91.31573535560453,326967.0582029005,16922.908345896787,17798.648292463367,9479.873646336722,3936.3594373661354,10807.688701585952
14.026392202135874,55689.76405036644,2057.9917704021814,4576.089019922308,0.1683041910005019,0.05425896987530875,32.67342059139406,32.4289421585452,686314.8643162334,16838.963425898593,34468.67627768976,2454.5926127471553,13569.436488018762,47781.428251418765
41.837023388150925,47390.08950403042,4400.094133622792,4561.883106010121,0.09534552044089638,0.05486225532195115,6.434310754070147,72.037907815153,161873.90314648533,82381.57820504691,477582.71303929674,1642.0438924769371,20602.236937006208,25000.482557348874
19.232018146585787,64914.62520558092,2390.8464062105895,1711.8001645742706,0.025220846951159198,0.17349223023644558,40.19828134819674,103.51542762303629,40328.50239920358,31803.05450937679,180704.7540456659,23190.239017143118,23947.69961175832,166723.09073464424
18.08509399081832,119447.13684780525,2674.4673045702966,2058.581848527747,0.026433658162882852,0.06570499829969591,45.527406269998615,125.7804200360552,427201.5075697752,96565.39202873045,328674.76316705905,872.6430112770518,351301.3902623351,22203.019796669574
11.2009980117053,306476.2976285907,6260.354310357551,2187.360000479805,0.01898544179236987,0.2764780196307908,8.817022988636385,71.66374690037271,42257.29978923111,12056.186248676418,27519.819970536533,4049.831589267769,24841.283298050283,70967.32307693131
55.73396240839106,118137.16657719339,4029.5265289219615,4317.441379078485,0.1081705360073704,0.07198978237302522,10.385239634340106,47.00889434850831,63191.04227884558,10382.856271412318,142478.74832167756,28698.39440164903,11044.076462955078,27943.1835157147
8.947254119282052,36409.17125695614,3286.9077858351993,3018.4733479801675,0.7493311922038493,0.08272060942531168,74.13268068566899,183.82711661244565,63275.16070117448,26661.79972043967,23211.285683838414,6657.673139437842,16876.42392333082,24903.376585965783
16.885794178222586,54260.45923092729,2915.226056369305,4719.742711011284,0.1039966714694788,0.15929729969474277,19.026870322772876,193.10432701535103,513678.06760280323,55780.51198508019,19564.90887920399,18866.07117022589,10382.88013997963,102624.60377744278
14.787934466293613,40430.44762109261,2844.4632287949053,2211.92184457209,0.07549894716088176,0.23902962766307717,20.68841503820261,98.86580622697238,718880.3420707353,17600.963645566317,11884.640070244348,3759.178054948253,18341.80342299876,10498.88064124144
31.271951580415372,88267.36490362437,3340.739877960499,2275.3823645955913,0.0989524817280959,0.05102989665842182,14.22563346102815,79.55989642194588,186625.35788621492,146672.44588371523,616607.6992252863,2346.297919563832,20709.209480428777,48189.518778165635
18.465002534494698,66753.079955077,4852.947560958914,3324.279582663053,0.03726860910315798,0.08421456564588639,23.15560950378856,286.26336772627036,113748.70916541276,16826.62747119761,37656.4470406976,13060.875180884845,540473.1253628073,121683.96171865039
14.621732638683792,140622.92246396784,4711.379481075388,4663.545482971623,0.2468131109155575,0.4297355324055045,34.325110353162984,84.75181855761804,323550.0998816038,17694.4493280853,71787.03022819926,1394.0490943579784,8305.639798233773,61274.82875769657
34.24953390023863,27449.29902854998,3780.9228941770725,4502.097947753058,0.041584946158591554,0.13694184056474337,3.556885959450598,136.33301533160588,84607.74180573446,95573.15095436413,69448.42979638214,2005.4245904740826,4138.9770530441165,219188.0872439531
70.47829721953177,79141.6705797224,4296.460199651083,3703.039730452,0.027385937882404215,0.028037261218889945,12.884338239660035,25.269797412723772,221752.76858183523,12479.340948683242,1003857.3036458835,10089.710165674409,25580.652133106527,13848.154770992633
47.90613416536903,107834.93061770718,7127.189750649869,5698.162546599507,0.18156189539772796,0.4311368498706514,36.73923843565493,297.582099041708,167975.80571148678,9531.992403553313,51165.119171263184,328.8842623956624,8693.385726941939,9064.343491170637
20.641351828771153,78304.4680975926,2403.0541320701204,2985.9140743520434,0.5351879529898612,0.08910701390847264,21.119373225994618,59.620222811309574,350873.4298296608,42374.81299170777,118181.42928855024,483.62374062868025,11292.989881435187,184854.23349121338
19.898779064767744,126886.67713323481,5504.034699666349,3200.238290370776,0.011299292742968205,0.026993268211097435,34.9610455218116,172.3150191092769,67903.61056768509,16624.777731595866,217831.04793413138,4317.2793357112205,2925.253638855588,30897.6510375114
36.14015872725234,72224.6921817658,2497.6229490551814,2242.152263881724,0.05877137874008837,0.03723399013188224,47.62354177064422,143.18705522358147,505643.3288990978,7013.479234488751,1001442.8893760241,4226.036587797468,4877.51620227409,117496.96584222825
71.16636131944013,26870.51617749207,2416.0557579966408,2928.52979341228,0.08461868338907994,0.2395882293354076,27.71456268844277,48.52386534789442,283227.4265039875,35163.63945364014,92355.36862410835,2923.132062532411,6331.790282524044,38799.968880542205
10.752947563260879,46901.20775712206,6130.786260125518,4371.3858578962,0.02797015706481313,0.04189840810038884,8.616331317455984,63.81885003046898,160514.31546642477,13457.537590167705,49418.71137846416,3196.9654337738893,36453.29886927434,66805.70662940342
33.211269042526986,34360.803424122336,2255.332226887829,1746.1496551875812,0.08928715399960466,0.048663393846784954,48.10337912485824,296.32353775545346,119699.74240168514,8523.587217926279,102863.0690858093,3129.145940414114,44519.167335348204,72063.48396917954
34.47370599730762,77495.28682559506,3819.8130093696295,2574.039661284633,0.07071137765673342,0.47305587742616256,14.276195017016278,58.36470121711956,36395.280913553,60877.67497488092,211250.6404318526,8344.522700667101,28288.35302367043,61797.365970240935
33.87169180526383,48008.61046064867,2264.9222653995926,3124.4411889276807,0.02486046516530258,0.05764527732875502,19.468776975919738,64.09425447308101,90850.675414482,36414.48218585336,51822.279797715884,3577.286618999858,54813.84595553248,62481.07858469673
10.65996721921936,90224.21713877098,2672.056145854512,1976.9353438065332,0.02095562099810673,0.0771081979577136,29.81292918903265,88.88306481425649,56402.4151446774,19818.5509083352,206961.87697741963,4843.7744231261195,22625.76401072117,101172.492791031
19.778105061893754,88815.01689667728,1870.2522403006637,2668.8630605520216,0.055526670509589864,0.11669615474619068,5.733784373678795,99.64872427743718,82243.73520283616,6356.982334981353,266335.2231360618,12759.108363967338,1171.455646392953,66742.69953014873
37.56955286883564,47560.76502500408,3713.6502763453973,3527.287720260387,0.05736739263240026,0.10842742882464647,33.10537595050007,39.22321483518501,484320.8799281862,63034.37501943562,12990.953789104125,3346.752382946887,9716.699531752754,44348.88095991139
31.089550402569472,149757.22481622465,6786.912461631469,3025.475389620367,0.10097502687950541,0.35949132007037415,25.370514630579837,226.60829076560356,195835.3244178163,10133.041605450424,167395.19262820005,7135.70664705806,1214.4245200253363,36398.56050124696
21.359909739048707,54942.482298753464,6806.69751395148,2791.1556532802524,0.07393380594797459,0.09736567104462553,7.302190415314908,81.17674633707998,20473.962107463747,18989.911317286493,213648.62313704306,4856.195173665353,7235.34044361836,224364.54610687488
47.68426382297827,73481.54406928021,6179.193840718798,3303.7511936791725,0.0453856640403961,0.025473066065268488,46.05500920764273,93.81841464263519,77296.94862437053,50580.574444684324,11793.868646074892,336.29783539180704,2920.037913140531,30394.928322031843
47.69264580099821,129041.27343774047,4080.237526024787,2950.67989458085,0.05129973434215515,0.17418377415178152,9.120113586718942,89.27046918026143,352138.64472670335,59708.907051937575,164597.40694178833,4454.653099776265,150016.72782913886,39102.473428849524
13.365718245332356,48402.77526267346,4324.757686104651,2334.19657869967,0.05566382922085489,0.022131822735780723,33.18031312546628,74.72371703779334,229207.6533034512,60021.82022222977,207297.95745796472,2065.557959963465,10324.77204082477,57327.194019229144
7.015296136449636,106820.99814374706,1521.291485250372,3145.472778097973,0.06129291491110043,0.024665683443143138,3.912283958184062,54.79567350464898,273687.6869815765,45417.9493677302,237722.46217699765,10390.719329872873,7849.56399784299,192270.26701652975
12.665156766436207,75974.48258956135,2490.2815058829374,2699.474939084899,0.03453128881660119,0.1691798784833297,36.17432524489328,199.76926577810679,49472.89136502125,63888.08645539217,19890.91085675409,2705.170656132761,161589.28250509084,61258.861138739194
70.98485194041537,35851.5059982329,2886.1042234542597,2044.83906705912,0.04937494137444363,0.012744869800383175,36.06524814179074,257.4268530692088,434312.65711468976,44609.46806927273,90703.74553219599,9836.111425690673,11061.459158841213,22276.070643843374
22.40696656127807,186871.4759524079,3794.396313421631,3674.584877514261,0.10604980273734683,0.045171455436713644,47.86270144045305,126.55577435538198,69546.38109125648,14808.091086201715,352265.8455957581,2339.61248383167,6798.057507548094,23571.20168963496
9.671019763127195,118509.42091637696,5968.378080853292,2901.1977296527925,0.011435154380438968,0.15819008081381147,20.815720080424377,64.20974243793695,177914.24210508706,1972.4259909593916,200654.51721928085,18279.16901841549,23943.0138383666,41887.31793587105
11.112431542138632,74787.67638460637,3359.3912983180867,2504.4269745636043,0.08292061639169682,0.09886076353786467,17.264655591288534,78.87295819295966,61754.28349526634,92152.74367226697,11752.57681586579,8962.080087671562,80932.73262007619,69347.10847946919
18.267594712586437,43661.33919912627,3185.5628399037782,3783.6323107638254,0.07320467672342153,0.18002436836555336,9.709765919905678,40.75367786148038,83664.35781379958,3798.5618234781064,116065.4420979636,12509.640738218073,1362.0011941178557,72752.96894911551
85.16689388114183,45276.82880741281,6439.728129141725,2602.729010662621,0.26435277460019874,0.014019753197099633,21.97509362643343,73.33615270151347,275219.09560544905,5565.851797995777,230719.4185341288,11634.64268412866,308341.04140334204,30644.907183641983
16.436601539233095,149762.83955950066,3525.2995000599685,2955.34533406764,0.15707229618847154,0.05147707561123801,21.00883019514424,112.1040718223818,127605.09433446324,27258.399337078994,8925.626160254185,1356.2335960917133,7500.117654184063,19663.625860759814
14.955971752689404,143163.96100589717,4502.885202342157,3388.7094413918057,0.06889775808958737,0.10480364088163759,54.2155624349424,164.46500563445966,178183.80513338457,32035.970191781544,290949.0061781373,39655.04057150775,11156.8255701496,89178.76362166839
27.231835057938827,70756.06258343544,3254.1694932321966,4736.501753296627,0.07603093605221303,0.017596422219584473,9.576615643210289,34.54423641782575,380927.03353790933,24039.413904664445,39267.258055101425,12252.339781763008,4367.734901645141,33968.59321171028
35.63089626694439,90194.9260843654,4083.1756845123564,2458.0368503633417,0.0439969302546965,0.021801525496745286,5.132452915014302,231.37616688196766,86056.08420852663,41647.987538866044,516427.2232194045,19161.109142352125,22399.401522693734,59857.251505238
29.231622585791253,44666.67636547777,1443.8016831637142,2488.1849641356494,0.022101553242314144,0.031905123547468786,8.398399984070323,83.21138325948931,38338.48310209769,18727.707179529552,1912777.7414834416,3159.6615655381715,70435.91556128743,21721.954778284246
4.878626740813612,47499.660777903286,5589.865319401071,2772.526839764448,0.09474326705630667,0.13286264180958365,32.17848905589203,197.64925952456517,148153.38156015665,6495.737671323539,202420.76160399767,13330.941464933549,36329.57857645107,12677.52648239411
33.306851731886994,53941.935831310904,2985.749623388588,1467.124421885429,0.017402453199529433,0.1152271337064806,35.230738613026276,99.63464503590306,37908.375686702304,7142.439745301691,8233.79147752223,1315.6426112610184,11617.589960184938,47253.23776007531
19.601735648161444,17539.72918430472,6248.572182308889,3992.762591247686,0.36469486192942807,0.046919054731012697,8.25777957629906,188.5661834180727,162502.75033522994,29664.641844173522,28727.306029233834,35528.12452990643,995.7695804815863,99501.93980833021
9.680487096335028,43951.73378234492,2816.4607606409113,2862.4347005788427,0.07023913488332467,0.151565599436069,25.079398037131227,79.22716472533105,347874.48436802404,24648.09734679783,1618098.0401474598,2873.075765662054,210168.78862046966,120722.74211965615
23.482532314217053,47178.81601970872,5731.350951935342,2825.7745565681216,0.11892164095743364,0.087639258610175,73.27552602225394,76.15415868480441,781076.8079392713,5623.077240881737,119204.16628547465,2971.983623484384,39751.32609475072,45936.4006230955
18.08334707661992,95999.02586492167,2251.730434577672,4035.7682802851386,0.01864266484237419,0.03492285789064317,11.649327176623428,124.75947638949276,87760.61138403241,8904.625183101703,22692.28266365566,13268.712212878267,5282.491972960855,224229.36980933096
6.242556946928461,70771.61940890593,2958.2277612403204,2613.924861590093,0.06693122651094406,0.043620015618720434,19.682793801817223,61.85891943552303,511230.51467034925,63325.131820154485,69826.76264282515,2321.6676942315903,73507.05450800866,94140.61097776087
42.68548159031406,40737.645705061106,2609.8735316228385,2934.0463387254226,0.08757476061858833,0.03922153919256109,44.59282908201349,173.51937900140172,219704.38550822475,9791.46753829871,54797.70458579259,1113.082302487284,6110.41306001524,29455.4702910036
8.541302715788152,65572.71627677586,1678.956704744687,2514.5410550146585,0.0459260036265528,0.0822787764406651,50.26959806065145,63.183440041105435,100708.98408067795,32092.22777597575,40735.374434158504,4136.404160737764,8320.93786712791,47557.803355958364
20.419966485418914,55628.12655258504,3970.318732196328,2940.3285458884734,0.30113516489893466,0.07871444339340192,29.294947876864313,127.69244211205985,31263.65242498199,157112.4651333088,7295.387407380933,315.421831327842,254392.86657495511,17952.053707005416
87.94696989654567,98918.59558688542,2656.59431635285,1865.1937016792742,0.02600039636408094,0.015495634421019368,38.06041949663709,131.48232690243088,54437.426112301066,56017.227251378245,142194.09894354624,5653.142758267607,23814.565337781216,270793.06890038354
19.65677317176089,78639.92514696311,5794.09156717472,2370.6368023285254,0.021856886260182853,0.11481284220035222,31.034942728932553,213.81078500247398,31617.61556525804,44892.44516341191,47529.3330623957,1485.1131578916054,2969.9669555967994,19518.365227019065
20.4890492841208,186147.2136465321,4547.770890350745,3319.7977239093816,0.7765801193324514,0.08079635873880754,14.944516922049484,191.43407792602358,212396.00757307356,52780.83855293003,40692.99683633347,17049.834680945198,122480.91541278842,52148.04562174906
17.627072026036142,110324.51047344669,2888.467215399926,2784.507169865796,0.03381412678481579,0.020979769562407633,14.918005262652159,76.9474774141774,161927.20451727707,9463.953101511072,766142.4877953613,5212.33871863748,50875.03984932084,67910.78019811359
6.761281001145947,37420.961405614595,4450.303179235363,3545.61501593048,0.07405907110586496,0.03176199140182044,29.820395499775803,63.82670438961535,20606.456025835658,2372.944946866875,31112.806901946915,3697.260609984287,20336.030921382197,198231.36390124503
49.96048964285514,36541.605937493754,5212.985397138313,3748.1081666840014,0.01858859937479498,0.2777698109134244,6.915071419347788,86.60813830197536,442406.26092314284,10828.172212281175,28287.540631105723,253.96167799926712,10426.527055848654,73210.13220447139
9.593521864910988,88613.19620469792,3046.309507406232,4388.654798726329,0.05972321719193126,0.11401346199988636,19.864459566585577,116.18537502904829,29515.779629960503,27817.955058196,405359.8908927526,4389.761556591357,13981.045234555068,40862.05980047014
5.909747308078786,55463.386210577584,3996.9511070549065,2525.7899397729766,0.5667094972275515,0.03686395397015311,15.406544205190977,31.68766180446511,64347.09109751387,39707.08327674361,95657.31823341419,18657.49757108957,2782.488218134388,168774.98555952276
8.034263387344339,75106.44541296293,3973.7791435324166,3995.2492812171768,0.009305258459084184,0.0857861712091155,11.15659276222812,83.60405770384268,473673.22247680865,22778.815892629507,441093.9087480668,4369.825325264404,8326.900661646067,30409.871796102445
7.664760405203888,131816.33666020594,4097.850196180178,2643.7756912433138,0.35480383771175755,0.3585932737372,26.34990591305587,125.3411551236697,172794.90983025837,23913.320500713366,140874.09371085212,646.6513322681401,45156.96619324992,20703.384754873856
41.46435563192114,132925.6171198167,1332.3921507439916,4444.6324741749595,0.04159228936388747,0.11876724227403686,12.702072640735976,140.31793985117304,237509.88010538425,90906.76383341523,126154.76552382529,4360.585489303884,89282.12612838691,38977.601571694206
14.759523517129395,234855.76582430105,2757.565760930044,2955.2735512754602,0.15136402688630235,0.08900296133946278,6.814715589678796,83.61279445454483,100067.97229784483,8524.479743579004,556424.1339517342,3546.4192303708355,10261.285979638487,21408.199871593904
32.95137385096307,69833.26337277985,3773.953593276786,4788.557973789225,0.052853444749036936,0.7384370985009446,9.154380077376361,76.8307367097831,239353.7759954449,478155.36969252455,57673.7792559819,2339.4827083700275,9993.881911749482,114391.93084174392
24.853690837932632,60630.132599877266,3179.3299825785493,3658.4957186176507,0.07960866139749592,0.05112334834899501,32.285099035831614,51.6842316409737,33089.008831722815,13112.040738552168,160621.56426684003,1698.1856190863098,3468.8640221455717,18169.271176479957
63.822171638213334,145831.59766332537,3349.0499620361384,3199.7555305535616,0.11486689284619463,0.040287620859997764,64.97960248624074,56.703157826620064,110821.53452179706,16061.793053107793,860292.2663035656,4662.526375096461,28761.06942121887,110751.43446876909
9.358511773898917,102891.7046097736,3000.336548487868,3014.0975598250216,0.37702629334139637,0.02987319333734205,8.594813024363923,209.82596658923035,30200.554715122253,2514.5922362776328,72436.27977798178,714.9163709731374,13991.692545057302,15060.976041393535
27.433970967805752,25358.201253238927,4817.729970728812,2650.119140646355,0.07798803201137579,0.008626464618190686,23.64089096973986,76.56920313295343,46300.585431630614,36532.43297810927,248377.74134745303,8312.037058530506,10586.973769390906,15978.424338366098
61.868373986092216,29298.660995309532,3393.577338963058,3105.130813548058,0.015574225225536045,0.11639670472445447,32.60909674461889,93.62563396022277,294902.9392524314,53478.66667616391,964445.2513009012,1474.0229594325724,9021.587197397483,46025.105243134225
25.40534493528203,54524.92603008567,3088.8454679306374,2954.6093022607847,0.08116453339594289,0.06178051166420834,12.78496623988178,31.10807601085216,294133.6036328658,40054.73820460013,94726.01269473285,16201.271865681636,97669.78214123608,124748.69215982147
18.46425683820657,159172.74193930754,6097.355948127142,4451.901836865132,0.1026146792288702,0.0313048955813448,11.9531486483455,37.34638868184739,244097.5581191112,16838.500047630056,14309.61288155632,1272.9374604488992,22161.488537649748,12202.84774342743
60.76854623429809,138190.98727295455,1865.7100829768442,3483.9401994684,0.05927162922099664,0.08321782591214374,30.624003438193903,118.32031853394787,49273.24674561663,21105.507829935184,83842.74995180595,3427.5977972875776,87737.32175997854,44114.150669177056
37.703091947242136,71980.03731504828,3310.586529534288,4019.0406199912377,0.1900323232037776,0.050589992727110095,17.601466499934958,85.86338551615276,180087.67585129992,28270.094193404373,273061.27810984687,8979.413751425818,44255.7037695466,169095.92173373466
16.78908356818074,32933.51274533707,2468.4658583328032,1779.6734266566687,0.05984507905473914,0.0502922183914376,35.109514359505525,139.56370955773153,75248.0337672732,15558.630194731651,71433.79309537682,3563.2419222390363,38875.1270949033,98609.06479047312
8.236475113223284,69098.02737892848,2412.4838218710033,3252.7242073697635,0.016971130996613074,0.170776422273436,17.028671598117704,94.58376753545144,409431.1459167727,27668.85456279215,40164.01408713767,2092.497312230754,6273.724265279261,16944.188583740935
72.9499486357731,33560.04604114503,4518.522309188656,3167.7748064257034,0.0053937455409331534,0.09444614972155889,19.771666332813155,166.96012945194428,100155.63888847678,69532.84178967666,72678.04125554337,2150.9057053102383,181872.4621382632,57940.06398088733
13.030432261797543,45395.88254666781,2280.84055711752,2094.8713823745848,0.08083840552169291,0.01650512451245478,16.77493148881686,104.70877029726464,38513.22961179984,5812.048114472197,58738.61423487358,707.9497407317863,18528.913091408314,177320.2466049284
52.7957754397751,47478.82717636719,7920.924927745784,4499.944754523767,0.06145356328768415,0.17879006253228139,19.297000471809053,130.45328120832457,295357.65899671015,12511.66316341256,58217.569165210385,3136.222715564444,13339.97693144956,40674.49054711405
40.10149182017125,206681.9256726597,2842.1810402234096,4298.152562640974,0.17263923757047567,0.08626012009242133,12.713827069712224,111.77861850418577,78865.06206114314,2113.972270056496,39107.016864809746,1110.1717132729138,13911.232434150035,52334.435968261656
50.19491690828524,76844.65083047657,3358.8191825145477,3229.108880009325,0.011439063444085018,0.21176665342716441,10.838480548775939,70.21413894324071,298237.1437981492,2494.3693163923263,178493.10464220485,16261.00414833306,281181.20029707375,49359.03883647885
21.746150202812608,74426.6992015607,4187.796387260734,3008.3339918612,0.10833502096584337,0.3455569533527388,14.487178132188355,202.6932965361935,698526.2945509137,13959.987907917664,253649.10645407767,6887.323925534173,5864.783404886529,69338.31096086116
37.838912246251404,50490.80919010207,4635.279962563841,3017.5121357670027,0.042238360714559026,0.22891749870784053,28.810008509239857,188.54454127680026,37828.44135755539,10152.093966501283,98295.1265534771,1815.8436318550202,8965.494059771067,102928.45662891207
31.886078422810677,92831.90556959764,2555.0886988578695,3473.3859409317174,0.18843148832870008,0.013782002028577047,10.563629093066165,127.18739461124653,332468.8768716184,72428.54831570137,84791.88328021692,5299.53129366055,6244.352100685947,86303.09405718661
5.996670842184387,54523.1406810303,8818.15154066201,3418.877861409427,0.0661975123952335,0.026891032976033135,8.130327367756646,195.29989176696165,367291.95186832984,19589.32144251752,18893.423616298933,4641.083802070024,159842.7713169437,48110.16263284907
9.56390205696799,69262.52077622317,2722.8902455352977,5723.579728504244,0.07829324474743288,0.10238341990493921,35.58525505318077,63.631780116446635,113405.491198092,14444.013081872725,230144.71106143398,8470.145474758241,15374.003456666891,22208.341961048714
29.326458171906484,130375.53486767903,2191.47327619943,2237.8830777091202,0.08508169467884401,0.02342362698779487,44.614734643215115,146.37143189546487,172086.66898842785,57754.46018365948,678159.4794341259,31414.942620991707,82176.16922863484,24390.137274226025
41.27926942917293,43037.816445606004,3626.859300988546,2267.7219062700024,0.11101393343901915,0.2955197142788916,30.314006008201858,57.85485974731244,145650.28182238294,9162.04803663087,126854.18213036652,5358.859437204959,195689.2047991723,58968.36935314529
28.56387411559438,66581.97379229599,4473.933855828009,3680.9926587212894,0.16508262429448362,0.051008493274821376,49.98337554947088,81.08882029673578,133023.96446052787,22822.626692457507,184356.19374505876,4236.854218839609,5127.1089157866,144216.6114919309
74.99890123959058,66711.3699983352,2527.0677657810074,1959.5899788181,0.04025956662518055,0.05946514017966592,76.3783526078822,115.22232547701059,368498.6784908358,197560.8779272026,64698.950983490104,768.2853802251374,47447.31138809725,31802.749952141156
11.421103645579452,43656.78636021462,1631.517506102321,2089.5152018280255,0.03770165442706156,0.09743736334598298,33.91296683369833,139.59947978377244,116163.91769052812,112658.89853581811,140326.0477189851,3313.8970011017677,4208.016796708523,123773.65063756095
21.270942831585632,120181.13359848315,3194.979190243441,4034.874690073798,0.013309479026735665,0.023985876310922832,10.082853125781227,88.8224769049759,378177.53999559063,29124.87338197678,39850.53779515339,5528.731369550883,88486.46314685763,55361.20100283363
36.75148112958623,135243.0723389401,3488.6165627444675,3131.0447494070168,0.01233317504797563,0.046292659362140796,89.3975434531619,79.21452428824219,455604.8400568254,5899.036016872637,359889.46166617156,3908.4519807725865,3552.8905602554655,197399.88888075028
25.62033534042703,51649.511109643245,3307.8679571188377,3361.853197227662,0.022307662185263154,0.008084634057118746,49.278154314009925,62.158656640160224,175659.45791499017,6358.708097152656,338019.749897426,11725.416139999257,4242.486442074765,34395.56825459553
33.95085523435913,288391.6718105234,6451.490762099595,3643.065061261123,0.04295029387941704,0.13162962693801403,10.936272207045175,118.45055800788813,186310.37235740302,14197.188934545879,32404.017229851328,6557.186355693619,4027.478106413549,15012.454180614166
13.204898527278871,103339.48147161392,4926.549543622891,3762.5386039231616,0.10023990865727038,0.0667923573073949,12.960025052550861,86.76942516467186,51757.11183316358,2273.967947928632,1061085.9062511388,768.025466255627,251.87034077664993,102333.18074856054
10.765169148330992,127607.61864623091,5328.5305106928245,1496.390153932082,0.21956005136069767,0.040183320037675385,7.069028401939868,129.53673419954117,533935.4852475816,22471.06373701123,123192.29592349123,2781.550580247722,82842.70932120905,51555.12129730762
16.021809512010755,74726.22490685526,3253.543930688227,3682.1116127949076,0.1431426993958023,0.018825359370405838,37.95060433528213,53.50050833730584,89623.48377951953,7622.662245520917,142487.5773822063,4909.725193377936,62181.0094098101,131951.60652494195
38.03599128601468,175779.48370418808,1909.5786987578124,3445.6607050085695,0.07646813765889744,0.8653430480803208,56.33654885792892,64.80588862342296,103223.06322042663,39141.9776962552,162361.0745281252,16561.79771860708,6716.931853361434,93401.67266832331
34.95128462562909,73538.21304674604,3041.254127163541,3315.5601143848107,0.015322885192599632,0.13650927634073035,5.520526098010906,83.30017149896133,170342.6468372253,8327.25405492791,87766.70639692635,4422.33556009547,14169.646020033944,29889.212751326653
22.868784803277332,40112.905014287964,4410.678075844913,2149.445698342507,0.04527871863265907,0.0829834828506129,4.6461281159419,126.49796683161539,98039.77773888201,22494.554692255406,2275239.6019166242,2427.216677345485,18186.994925908704,18060.77187010781
53.845340754370106,57968.29602927435,3570.1672068140974,3558.4038482884725,0.2022636041987821,0.01764894941652679,3.2532566527873383,87.34824851570319,82160.93353117576,20905.623099846933,75941.87872574975,3258.999592375635,65033.64463214164,183724.00104501014
52.39447858978603,48599.934841889335,5438.001963445931,2065.963322677271,0.08655339079627075,0.03179458392534113,27.913061233180088,145.58235686120585,361384.86470201187,100668.21046180495,121504.21005706409,2229.4059891260495,29334.260969610812,103307.89622614736
40.2314937251188,45594.07528876429,5505.53960081844,3948.359779006136,0.04418695898366399,0.2157572305152539,18.617093681492833,49.32198801852807,430239.2446515321,17793.87780708517,72833.8463176008,13830.5879257382,33441.16721137886,85790.98801474868
22.921934507032994,261983.28841055755,2850.042234664534,2582.730120473786,0.24189436097279354,0.0236784079435463,10.773108841523692,93.7618972901292,321949.34337995306,11759.72050396399,37444.73255769078,17288.26691636454,84617.40571890623,72222.71136219315
11.342754967296345,302342.4829020063,2936.188045634774,1790.3444819764693,0.17713914371156625,0.017100518231850548,8.135975666470559,58.5968016447858,95273.37824692209,10144.7134232458,403646.1406971711,6125.256375884986,29708.953645422625,32508.305007047074
11.117207188034882,170918.2246573211,2639.6528193360737,2149.358543672166,0.04610240333310632,0.05903770207269342,13.717685409299756,58.705165484549546,516792.5693601916,23779.95227605094,180241.73120890677,7988.558029644072,38403.652151850125,83165.2668615406
12.224362544107738,138723.22070213914,5712.028647846581,4531.574999705649,0.15734367141247485,0.051248563635480866,15.591410125969686,141.4748272456984,703554.9451411659,42478.34259472321,347023.996341939,5732.2790990017875,22121.502767783742,101983.49003350387
31.68432006745906,43926.067170984934,5876.6263596891085,4180.201848022439,0.014650482810571273,0.01710149687110449,105.77756860502718,139.0511429146417,66347.70754114329,24711.717325027963,186421.13718230044,6490.162561606008,53076.13854043941,50650.668410090744
45.93199466509207,38980.27285658392,1453.0158092088402,2432.316730719393,0.16696347487757524,0.10069301277153452,21.050536572059052,48.914128474680375,96673.98744066167,73121.81660902592,137096.0948790773,2895.4767801144476,72540.11442684138,34100.1890538447
26.706709406781222,27693.028789012955,4176.980078236918,2946.4645777407845,0.16002593370810728,0.03424653980551388,28.426286839543955,192.65719183330907,367251.151333328,51859.984537343815,19979.289197951526,13391.373258729445,12123.987749811273,65844.43638799798
20.45796323978196,50300.51430259224,2304.0010121994205,2654.2654237208503,0.19799778618091146,0.005973356983220762,17.203078949464228,123.66019883601747,84200.62875058241,60268.42420224837,1288179.108283936,2282.1129662660455,27419.529242944707,31905.045637294974
11.945891146465112,69890.09412888289,4098.185071048867,2599.97279156953,0.042388622664714784,0.056949585411458024,41.890883086473416,116.05857648451025,130415.6966225933,26101.371148171904,20159.0679381698,2124.285132243485,25826.341834847946,102994.15649411577
18.61555901529316,57936.235861163834,1638.4080695099021,3673.6556416060116,0.016108954316524576,0.03660976285232425,41.245862629893,73.42274460269454,30371.926097432246,28381.24473686272,499494.9318136908,1704.564025453557,99876.9203989998,11087.670701688468
19.669026030568606,73107.67648128158,7518.585782524061,2399.4735061638326,0.017993008731755824,0.2586022957914309,33.02543439593929,80.55677968188213,90006.82056998156,12576.343348976601,283553.76033902745,1501.1120020037154,6066.074287576647,29010.630350428273
12.58911748531523,42016.288091688606,2205.082662000388,4285.029050723681,0.006485839184042176,0.036524668421362136,11.276171734585295,51.541780277431826,421652.13721783145,6087.6596784771955,207218.14094873468,4254.75610999906,135615.02187248567,63769.25190410687
31.628769725387777,129717.94322236114,2224.6712122904305,2112.6350020821683,0.11177339573482252,0.017101016937689107,16.979290003777958,102.35985629232462,45888.9068673122,25537.30083396994,40236.83438028914,8694.547602984536,45567.590168229675,43509.132625852304
37.53468664633751,74220.71232214238,1451.2854417239835,2032.739947419032,0.029191714366608966,0.03374912869322192,8.003343555925607,125.8179873793371,416771.9587655871,52730.774624572136,81987.2381630159,1556.6713310306222,4312.886876635104,64597.3432132563
38.13859540489679,97087.37770430381,3757.4951669569587,3115.1241954202355,0.0652347044931767,0.13403427427589112,8.521567580395526,62.71246199874814,30067.66783107535,13234.59894359301,21817.550815133316,2186.405032560536,620137.4906231181,139066.23650732936
21.557257984817422,186509.76460084852,9180.995430622326,3246.9107631198153,0.03683248117030648,0.05359703904211678,16.567477196498263,131.83542585325665,194971.55959685342,28157.76289734981,77932.03054772173,5104.786112455331,63481.2922939261,27653.800855057118
49.38273861950159,114020.53757211156,6800.102949969008,3070.506334154995,0.08911448973435761,0.2140226148864599,11.941132089022604,111.14427258090362,226787.19367536987,67526.11579761442,31944.257730757454,1897.8417236617504,37728.577552266695,19387.012745534892
22.093810572267955,96397.23015239477,2622.0253283415877,3305.1471949469615,0.07112488991010622,0.13882978019456232,36.276487822392276,111.93626299675634,641351.0256124422,19223.905182259765,171524.5054631906,894.9959717219295,32883.20307748347,27789.312334087368
6.253542075680874,58898.1246584582,7066.486275905986,5157.744673754359,0.019205996817442488,0.29638415265661605,15.770857206406683,138.00968543597781,71790.43147512496,55754.08104670245,150056.33029418447,3060.1937367597984,16193.508072235954,11351.106077920318
35.20108950833451,83053.22025266278,3024.7158091641163,2039.8114819969392,0.029217452005907026,0.025300274863142198,10.434426301132794,41.798045504675606,71447.87257127148,21918.73089880136,397834.0656324179,5131.908106961891,15450.403353928416,16076.126545238989
10.178361852287926,35481.78351918269,3840.582817510695,2374.8207352566815,0.23252999043323266,0.18879225845981024,58.53439796609117,78.56346011238627,115819.82587700924,11164.306910949383,111324.4355238008,4541.592206290514,11567.52548581544,112103.73423877229
64.24980989871491,31104.058681647573,4162.190307412468,2291.8070144198277,0.013803300125334489,0.06980560352370024,15.97848710401527,147.99325619764556,38415.286153930276,41130.97118102597,250329.35358353233,3134.022830904143,3528.5102948197605,106532.72756753456
49.449503942431086,33650.97563636527,5545.863156802409,2515.714710179862,0.06403718169819918,0.11916952244654444,44.296421082776966,63.96562851985211,84443.86685271346,54124.602195468484,44635.22227198886,2210.8167138905906,302801.0611222104,20356.142342702446
11.054817568749279,137629.01434630377,2172.5515738431936,3365.6115122909364,0.33312282926598946,0.086269470893067,8.038175225828786,204.08163143707344,112375.50450401499,22577.331720315007,293486.75487065024,6977.273961284126,3996.417023161271,199584.28549824317
30.03443194430532,29692.029229720578,6114.147884353261,5993.942200909149,0.06012153221327005,0.033236686901560994,20.834205292727226,92.56192937718286,279771.27078118455,13221.546524430456,206208.4688861868,501.10026881075476,19594.376837581825,106131.02996459448
20.065498628889983,46718.18737478191,3564.8379519173095,2728.254706580491,0.0319634198531254,0.22205365415829476,110.0574157434395,62.24945895471379,197175.3243168944,20626.17933054733,68381.47932161324,5743.376985211368,69257.75245048264,122212.88051899259
16.57217748947905,31849.40179621738,3147.075695391524,3186.724931748329,0.1561318979591648,0.4822302888081407,9.836336397342853,86.15412041849535,87973.83059414505,41489.36140698073,1983339.1823570905,10150.992122197504,16310.051527068592,134371.15013433556
25.07539416933145,57225.30664419387,1538.700069132494,2654.371749418115,0.028502892061676135,0.10372695498303403,5.850211795660383,99.71027776295729,80050.31158777836,13416.318774094014,54374.916437346925,4515.366355157782,2189.5939867335387,13342.641056745779
24.121557798721085,43490.75407372125,4593.1740531089445,1309.102921276474,0.03977446956509606,0.05997416923092964,27.984834329735445,73.28647794312644,145495.67976827273,30010.95427059578,127906.80733013699,10095.450981733547,28495.90428972457,6142.45085881183
37.69175741848337,80012.71668755291,5209.150120715573,2595.7786033836114,0.09141304870204575,0.32743679152676886,12.631304155223164,79.78135345828129,207388.81084406728,37500.26921407095,56827.79928150094,2754.6921162261337,7681.188755871263,165809.9309685175
18.60121214941207,132207.49378656523,7101.57219424701,2666.0378150308743,0.23582753965804326,0.019829020810640335,44.163183876459925,50.19952373217927,74221.16422080893,26321.861549343434,68113.39501139609,3225.877423697899,43770.327161351495,26083.04249874394
18.382804361578703,58247.69909139906,5216.445773239646,3242.289471932925,0.09239122079129425,0.8328580002817955,33.7546374652763,221.04293647453866,182507.0606129091,37397.52355901672,1988009.7074300018,194.29821770427492,33137.158429609735,42238.494407669685
22.751440208163892,36720.13408580559,6606.436103400129,4862.231177629226,0.07000198810047753,0.06369312728943664,11.879127623989381,145.1451433874709,164897.1548589073,6006.019733610782,68536.29284650329,23416.752972391598,15804.298900723954,32290.48631381853
33.311512381635325,50519.62482544387,4047.005660032117,3234.477930401036,0.011538234249748293,0.07239347359151616,40.835739705634936,94.99668231414415,144349.7676133052,83588.33554846083,420208.86627053004,9651.31585479927,6561.066933565825,20621.15086059862
8.856032250153053,189032.862175144,4908.177433970229,3061.8529631616047,0.038908004536949065,0.09928689946331604,12.290877997976319,172.97155647946292,57623.411910925264,12176.003373840967,26234.486884842285,1309.0163094703905,41732.222013627026,113892.03324010196
6.523203036522237,64311.83826623866,3774.8150590006157,1988.864574101558,0.05234671072188999,0.030549275522546337,35.318501745935286,256.17128563225987,84113.28799793625,28152.68587755043,320263.0647134334,2626.0988684307317,12233.53605273191,6188.007076671866
30.43299005884298,61978.421527295126,3336.38422799674,3067.78695201988,0.07093677270073773,0.02175158146680528,18.71828160091835,70.39868299790939,148149.13857234496,19886.399682837495,51441.57794250101,4780.372555905676,111668.46421045024,38142.31836770754
11.926179165833725,197500.5030227064,3158.6336041256563,2958.893318884482,0.01391705969483917,0.1926280080579946,15.625567145864274,90.49509298343116,35173.70964391395,18749.547916613064,556802.501275444,4323.672069600476,3103.455011611521,34586.26242249604
16.767298437167934,39173.79056695466,2367.4116153302293,2046.9788143454982,0.0395056487911501,0.07698662178753314,14.005331017922908,31.679985875352894,148328.71442520607,20134.600389970623,140019.34590079766,3802.2360271157195,31317.313548222166,9451.813955919515
15.18277950667009,23556.16849175068,3386.489844235133,2782.9406289167528,0.478449142220497,0.21611160971242893,6.2357958949998995,211.45699959703782,222980.98940796813,17802.894871212735,127871.36117448138,1458.7672268293663,59095.11019676363,67048.56244296892
12.288461908496863,54237.62943476886,4111.633525290177,4397.543398019219,0.03754870448543544,0.09093006810947842,38.722522015432915,126.027176081831,66990.7719541174,49244.84307447472,600765.5069606175,11143.554456408225,12877.276622151203,96196.90907075927
22.82053377172436,42668.9177367191,2232.30920481083,4300.3655996886455,0.020850657227272994,0.1398297941495679,87.34738316403094,202.49132825467152,100680.54614983317,57647.51912996678,33845.24316274336,9153.853014575781,10729.373439680432,90769.24717038134
17.565077865133627,65942.0191400655,3863.0576624402747,3923.9043118213253,0.010762859675282292,0.02834346417178972,10.159675219904411,51.18347198246156,151402.31823232895,55457.61758036546,181343.79026930232,3881.255082360389,76690.08734407857,76634.68042886376
36.81570196784652,82010.87911180794,12741.863616608798,2534.7020484294135,0.024970478216507653,0.344763933335901,21.3996161074394,59.21669924466278,171551.7983693764,17075.92754861067,48831.75524296979,1737.9141489400108,24305.034786738965,17263.56186584522
56.84780302632977,123048.49630162204,2180.758215581014,2832.547374394338,0.13586839062416714,0.056303243525195584,52.85534022070243,105.61458300493567,153914.12410605466,108651.33744338724,214710.27894768488,5717.317000247901,120764.66950936876,152066.3332224555
6.412679535979799,34144.69927179167,5212.009252177922,3541.348764187318,0.17223026083567589,0.9526167129844257,15.95548162915033,115.02559337495863,606231.3341488512,90852.1292387591,79904.14129954386,1439.4288781086852,13934.257086128839,12491.48766538424
20.366453240324002,178618.11542097523,3962.3780149562294,3605.3566864783465,0.019229429012290942,0.10405911864908876,20.03006835339983,121.8667359229477,68288.50663517187,41160.808440097375,25196.890370967525,13873.170889703722,34130.121120613076,97114.4984568857
19.641876513266066,270215.80681058345,2038.875550230181,4388.730772904802,0.1077088201961936,0.10719840351254109,13.649569990944906,216.81998475416268,64536.57819806133,15108.022197433615,13553.928641267375,21206.522309176686,1280.0341948189152,80917.85415758053
16.921012353377478,77032.91300092114,3977.941147511849,3135.7218485932303,0.012014632693448157,0.04095468350558632,40.97684922643536,76.23495039216085,388908.5782469237,15554.866810746662,150412.4173429524,1166.2173250823596,9042.17891171815,118555.28684532695
6.900388096893429,56609.91155067393,2451.2596765339895,2500.178886354055,0.01920454260694144,0.04593223885978179,22.21686380685131,134.7385220614919,83872.490430476,23660.76690997896,43890.238500890875,10281.158410724096,17370.36388818295,27781.891171897772
31.901459952646462,107125.1950357184,3804.8037879949466,3022.896247006624,0.12148609873918205,0.17649334063864638,16.070433963852572,273.13868955524197,338066.0774828013,31917.973580355105,90501.36660615358,3985.2169829341533,19504.235517145502,98940.24806769137
49.436222074439755,48376.676753371685,3519.61290817254,3793.3933960731006,0.06057728114802924,0.024749139159032797,22.9291945021538,31.874405938377304,160206.95038523336,4816.375909818255,11477.82102270926,6854.474377937214,5271.11656182593,54110.261359576965
48.7796277782348,130506.80421087197,5086.7044978160375,3366.7275367189213,0.03649149484662561,0.0378155292383551,10.70035688505303,68.07089954166112,293755.2744758433,21320.121299076105,82434.27161479331,1030.3838461294786,1888.0284364323186,59491.47500768154
18.670651353265537,60906.552898908994,2889.1509968019523,5925.106571424568,0.05716615736353445,0.09567198498838785,24.997891968936756,66.73427316740157,84014.1416028807,20259.76785962459,17666.304524576513,7404.716675440941,59636.35416765564,182503.10730675803
22.774700341691577,54889.85362307619,4599.082496919665,3532.801911612132,0.2313819887347886,0.0590634202547279,21.76061104727516,75.56651045250014,79734.86432743311,26684.68976762683,490259.68589142227,2597.469347372137,9903.400035130968,34755.738892474554
13.286870636054738,130760.3138155853,6040.777615589752,2757.5787722950554,0.06530660447568415,0.1754759706790812,4.702723827599873,126.60792274397473,310839.8696351885,15019.980065649632,360513.06268929754,1526.0717749028727,40306.049393317335,59440.96701533615
16.14502269907219,116469.12753779201,2702.581546530442,2701.1280129982442,0.049656821596428966,0.06234561839466321,42.546767737631775,32.644094725961295,126394.24256537313,44992.94479746148,137547.62653866792,2520.2760002564537,19236.991833830536,155599.87398061412
30.98893185959318,70094.94472601495,5030.662720413661,2587.7282510489954,0.4464847345237885,0.022572435177682475,23.12779317776562,168.64792766037777,117254.06688921034,29724.280096030998,89648.60323108191,2249.6643364753945,7523.503338250881,107310.86266181596
10.48147862676816,162839.33042650647,3576.939631037957,2493.7877522391077,0.21630220832852717,0.41518095734785126,14.553438060014685,57.51513942856161,508102.7780181073,16673.87536877279,40839.23401546215,2435.305685575582,2898.8552113551355,38240.203749040265
35.84636518435182,84625.41743481504,5488.74204881525,2964.987494588137,0.055557584357986245,0.02058339959239194,11.858259774166909,130.29070844420846,169922.7832872276,312486.50708239124,23726.213462331372,14803.99773549413,15977.618218485106,131969.51819564743
21.927737181492095,137515.43931113678,2750.363004317899,4193.020395849942,0.17205243633977987,0.21074328190542874,13.747663329264748,82.99238184178718,280354.61727098725,13450.032143786058,121407.60768332344,2507.526767802566,9844.12462084405,15405.965524169686
6.158338681096236,31013.602049918503,3182.110779585234,2401.651511503168,0.093313509495795,0.06767789571719188,71.82449436713975,80.21521591030708,84540.57373624762,23130.54964630763,24490.646949824062,2480.7313134135225,4878.582101936238,108855.76192248045
12.981973970572673,60099.14126454114,3156.02559593797,3026.4818686956446,0.18497284147667312,0.11415920907513669,44.671020457379626,30.64753974226712,160404.57711627643,8183.484004801092,94441.19882925658,41740.14620167866,99618.60153672984,4435.267179150223
10.111300879088889,65049.37524311614,2704.274073085974,2423.5369559615806,0.10325851694661368,0.07853507661126657,16.897097255267028,56.95789689538356,32435.729516875417,24590.92968929795,15563.33694419098,1722.2624800183999,34834.225410403895,45604.50771100878
2.098478235751311,41473.68185678406,5879.574689900253,2803.4745359197864,0.09335471518914008,0.1187120377954877,56.66915629908781,326.1889873744306,508062.74942845415,39492.73125035569,57746.16251473154,3053.5493736759145,16974.32161865004,60046.46347447599
6.230583969919208,58176.56528411422,1695.1356393531025,3409.681244725041,0.16279885680824893,0.10206331652095037,26.71680450820814,71.41475318274748,414389.08265975205,8182.850309043681,8583.572809386567,2240.9339884036704,35171.85424648868,60720.04760888292
26.639701510853858,35614.97351386645,2855.168419448074,2836.1383735909158,0.18473892879701434,0.025465678939228787,22.77314289894844,179.48101222333312,48439.543256787096,8225.62890940068,523911.85923409736,2968.4544312228227,10431.958152026767,101503.09491258695
30.754393501106396,51602.99996180009,2298.06780593005,3492.2145490672374,0.40824595414785775,0.08861276691097729,45.590505384110045,71.10241014623992,152599.5273654531,96713.39197584725,1336650.5098927547,980.9090817115319,31366.932433146485,126180.67506002187
8.893803806867886,35335.901938428666,2295.4842438228634,3432.0213824285734,0.053285840724396974,0.14943907602248271,23.20337371763441,65.72142069809162,333037.558023333,76811.39101515432,20987.87910329544,1663.1098897730853,57899.90708827123,18036.947794950687
63.317657589442724,263244.64509640314,4589.008145983097,3130.674305824597,0.08821481382457681,0.022360054788366637,11.574015802063956,100.5458223989911,9629.086380440884,11123.583401987502,46671.006508677434,1743.8812627824389,18157.29058869285,94448.05446634855
5.431903523522131,128328.29874847777,3119.972902628426,4045.462230393633,0.042292705587689716,0.051614252915270886,7.082898913009518,28.94692382076788,85780.0564845849,80388.13426145866,6834.411868990344,3631.012624079345,15724.132257062573,27912.617310391277
14.004129659682537,147714.0268575475,4573.881916963197,2860.083697952577,0.03926671101617318,0.07848768437567291,8.77614379353553,121.78585244756441,232852.58966554966,7631.086189687503,48503.618007452125,1952.3779573602503,24625.43314514658,131935.67155368705
25.244298762527745,76357.27902609041,4631.9679858367745,2659.7153423707014,0.24535839283681843,0.1326999144124257,10.71789882638865,138.22059582165164,164148.09538698514,246712.9769156595,49034.34527262297,14101.50670173884,6831.04851623173,35487.49657225244
15.7255077519005,64462.41728313712,1772.153925198099,2373.4317347832985,0.021679173981411254,0.051560788653592156,19.249536339405992,29.783133341986602,286723.9755110698,18622.506809455797,67188.83761089735,4029.987084306022,6798.222990758359,142970.37352097442
13.935126992703804,60381.962638082354,4355.4724396913325,4690.737205248604,0.3460383597037397,0.12402221566300406,14.325912305944232,178.2467465922396,260849.46503126994,12948.986219992423,17310.75433788714,1435.340374636706,19638.190720378934,29457.549798816497
8.799279047548069,44837.87092816425,3166.3261380610747,2590.112955963251,0.09770491364092976,0.031057702295599093,63.20323487610642,103.51085387094825,89176.71061038355,5127.843912744346,195548.09712164485,2627.4438428721323,12657.735015094057,5115.301553948337
95.08893451310514,85389.82211997132,8072.983497759554,4191.270176690792,0.0854314609395309,0.1059961592108562,17.379285179045176,78.05963987183587,65351.05210394925,52357.26967977553,14746.674895685712,8644.766224009682,108089.10671787539,78998.60804131697
48.80647706329911,39131.893300876574,4228.68230731516,3120.0903078545184,0.05297136023479676,0.01988688503405814,37.24682738077085,124.42103548353538,84721.44950718284,210937.73128143777,675875.749796956,2606.4480591867737,258282.87464356035,138090.11497015797
21.16324007901486,93639.39417762408,6705.274191315529,3559.144612504267,0.04143325699335052,0.06744410404357332,17.356683165239804,200.55226364921032,65301.84380410285,85810.95853209289,224197.4979296378,57931.98061048479,63879.86108856167,97238.986751961
45.01841396789683,128533.23489516243,1958.896399192123,2137.159507698159,0.03861716806081389,0.0358943442395981,27.697228334190093,68.55099097966587,224101.31865754456,6321.520287065471,7221.019737366661,21798.697530132475,52734.73432806192,36010.29063664491
13.885538689684804,62721.413751878914,5488.441798914616,2287.978384938773,0.04125251350367315,0.08697661341377565,34.606555354435784,158.56873485884938,356382.16478963173,6521.437938237881,69107.70671857208,13280.043795080435,7439.626843520148,50005.48834864211
82.58609096564666,43662.9061324913,4359.142077468901,2736.6150059743763,0.05290763295296319,0.14122560445427387,18.89383161188311,65.6106406631036,141984.34813834348,7620.813731014015,492906.4107354778,14877.296505123411,37732.711079440625,65962.5591638076
10.891459362411718,85556.03797672756,2893.3354931681883,3974.9595455819417,0.1004501066258871,0.00668954785419816,13.534676524318515,49.66284594406375,90222.54809051589,8965.30532293315,157413.91504687286,3628.5813288665254,6015.2425544062535,84121.56423005165
12.81160040150014,113667.05306118017,5198.408223778243,3270.7665421771926,0.2439056477885159,0.29001688763883166,49.56243713024893,166.2672005955884,143088.50863605033,6667.620446807303,54381.11148203265,2370.759969894026,1228.7774757292907,51236.84131390521
18.90948402248977,63623.11467369238,3207.5679461780724,2348.608141379706,0.34562622563864326,0.030442582683691103,32.19578716082014,40.805921775317394,420827.93657853047,20950.174022124815,337858.8737467757,2797.4517436384454,87034.6243537081,50316.47215813967
17.42977482885559,92409.27123044513,6120.828046520571,2673.3351877440714,0.04839424058553342,0.2213524837306681,52.514116122258635,35.84758754080127,34771.4046592164,11506.225707106521,117622.81870508575,9882.737410697617,45246.45643653025,66311.70205679214
25.894440830200896,189729.94260270754,2630.914720602409,3636.9184223606794,0.18572156904004497,0.19588560378105302,11.313374193012615,80.35236328278548,144137.91959881,12060.838568141544,80532.82153960638,7214.913675639892,35745.71589392726,123940.76986725442
76.28577672380894,121790.3913308439,3648.2047019016404,3346.459945854951,0.14601957327431972,0.034166671748894074,22.241775278790296,80.66238704562909,24309.745364510123,8002.385233509939,67659.20255922651,6373.556357111012,46801.524064693986,126761.13327327567
31.620411485729868,79153.3651658037,6759.135729144033,3179.4152017637794,0.23188255099811675,0.1709479576418555,13.027565499047052,157.13316261563241,129975.18904310775,15037.391165975283,40077.35791415196,25389.607225820524,5036.426988260795,69148.27478977863
66.50358533460094,55384.674446529425,3115.031564023659,3198.110932478727,0.023864556063508114,0.47824981818294066,5.992084351859514,63.37592312127437,123228.32324210458,24659.77739376199,670440.8781761074,2733.216545827576,38881.51899723774,51080.30742279315
8.770249959111956,36271.71550824098,2243.474536485718,3517.9828996255706,0.04897160357965211,0.041284144297962115,20.281423999994225,278.1793090162702,404944.4828013323,27696.078301668946,34258.09642354988,5608.4522829621055,83719.44739535326,76537.59345672878
25.488377709732454,62641.915824063304,2379.77718714239,7082.395412672787,0.03321880749303252,0.06765915584196555,31.238503915112588,115.67915903149178,37577.74812479082,10841.156393119652,422905.5217278337,2480.1062264756647,19402.97655355573,119858.8884218384
19.115302371657158,89321.12455037162,3900.6823836140607,3198.431201670815,0.024674791171417052,0.03362398125492108,42.41597578487123,97.36814634332868,118073.85126600634,166333.24809166376,12318.624191102259,12116.619060646615,2138.5731332611113,35834.53133736238
9.383556130549472,44898.90312874178,2035.5958543531915,2708.8548195789263,0.03853441339080541,0.3266744977560533,32.576285071945875,76.72886370209477,155833.5389783111,13373.273191956998,255526.72023529006,924.494811896156,7882.506327970221,16343.386715749188
75.49474605260295,72686.29683392603,1571.6461074951078,4507.619320754724,0.2489989946395808,0.24595884395743853,16.350941620662358,106.86157084766232,410707.3775721379,9481.306390720878,2277042.8400877095,10089.633565405438,8113.975867618707,64143.71682784887
17.336220994359085,68251.39738894092,9172.262715253357,3810.997942038514,0.04534531091674272,0.027370798407019472,3.6028175731147565,74.68396092939672,102046.86824420869,26386.664374289103,39280.3072565598,8856.590074016796,4535.286977978376,102559.08866167712
13.603553408513456,30427.656030435584,3217.147642359432,2485.431945728915,0.09879915055398594,0.009004461471427784,121.71466987472127,275.03927924797347,94820.56643533289,86464.3703296759,8146.934773839595,7057.626355175866,4393.527886750402,31258.411746598937
5.315342217938074,148495.5383081648,4447.767496034809,4386.253661176696,0.32718988244825764,0.17451317272808206,47.487183214221304,85.27001069742397,73596.2537882067,76331.54689398425,1285539.4063030144,1627.634835072965,32135.748652735914,129442.4371629224
14.839234261749914,50439.90691784509,2655.105108983841,2569.6173569788716,0.27280143948408303,0.0046499129227806964,33.43860367529701,67.34781057836247,246494.17868240655,24835.276636207895,165292.45256689348,16657.80990715394,132727.82702826985,60643.40524680481
37.68460828161696,189453.6666530126,4112.392435469608,1768.3681966397025,0.04077326131992914,0.07186156110346605,108.64573650141291,135.97402641452445,440528.42056544253,9783.617700040031,21497.563265740806,5102.984587835507,10542.104389740602,7781.545573912012
35.07136147591742,117140.33751213933,7608.664009938153,2995.1972540286647,0.06527251011981448,0.09061633455016728,29.13202434382079,64.98951981571348,205626.29173051566,8885.827278876237,62012.93506123665,3489.3284634201036,40028.7780077942,147091.29851797805
31.410103418267276,77623.05931594459,1526.1856786565363,4965.397956689064,0.12397411775433453,0.7178241280587904,33.9914732643428,52.91134565747018,105569.29631962889,26958.24791126002,15345.255745120498,2603.331265675842,6323.121092114594,84372.95540530662
17.8013141071352,23357.889628492296,3173.0830426500056,4248.761202658815,0.024946917249202,0.17534316442528716,21.2926240156924,38.215040381043316,56367.11749824128,43762.9959720899,169647.94817816335,1459.6338707117902,48572.1903129945,156235.02484101462
39.39568887861469,28700.86563409688,3095.7141539096665,4367.58624843563,0.032031985571459747,0.013267638811533184,21.55792815368211,109.50460483324508,174644.38737157962,31520.856790155514,298203.0027272822,849.7763010723647,46532.01104126994,25877.045568583286
6.128543846472123,110530.29958770488,3337.242833107477,2261.7634860858757,0.060579089670307965,0.1609297114203141,25.602974684252434,328.995155765222,184819.99139641775,29290.5451816455,49269.18476806043,2599.2582048080767,60647.51711128204,74254.68885092597
20.364697603080533,56978.048120362466,4816.368158279289,2623.9704008444114,0.07889456758017066,0.02627380774452668,28.243107867247964,50.527587841518674,82562.12605147036,4840.9586610537,27519.825673089217,7218.902304347611,67605.16269922988,102877.99661588231
15.117247208649612,57534.732341014394,10574.789895874083,4000.754657746662,0.19968453343004114,0.7472649398568556,14.65233976536487,255.56570427719905,144319.3016463595,137464.0374480623,53099.170330542765,6391.109141938547,11022.003324255265,190502.7313000432
31.626088990807993,30877.60070252211,2377.197645851292,3371.4859368175453,0.044511535012620417,0.329272184393483,32.741474269656,56.8106310940053,460975.6816933187,14359.51978644075,884051.0492981095,5653.156913497616,48289.01852479665,29888.921180189573
15.30447930861488,42579.112625587455,7552.596147402582,4483.603735137443,0.0908196305585814,0.017530030473833155,32.31490471517477,51.51240752453165,84153.70994271268,49486.585635671174,45775.84652659931,54813.42748193643,4460.283214953813,17465.791767387964
30.68384496969242,58197.02123698123,5727.223878952762,3327.152470408534,0.129746856080369,0.2474510075222137,65.7846730942509,123.14959254892628,102190.26353411873,37328.88765484513,97630.92613184133,4158.609915481675,13224.145422866643,20420.132455780746
17.247229619376146,43579.59935308067,4568.950060475934,3540.868542037418,0.11150003810585853,0.0540234499700423,74.21033868890342,82.70900323430186,120105.53318198666,3270.697895251335,250887.51800630163,1454.597429961098,6190.904734949948,170868.1847929497
20.006552398137078,84727.97426555921,3850.6224490206,2774.4009515485855,0.21176339584143072,0.012028096157035435,39.570738549496006,245.2197411767267,104940.80538325691,34749.47781563946,10009.947327583766,16252.451260495302,19052.62255123872,128112.10896515613
36.38416301386256,92873.6487800446,3666.6741049403145,3429.648041150948,0.04751671065384763,0.0906673648318156,63.048214038191844,269.9924862837446,88163.13535354352,40612.21309801547,10059.56734385218,3417.386331915342,73759.40043191244,147768.03843242893
34.04757091528346,218136.09746665505,2120.985462518316,3264.05681929214,0.09343884114460316,0.056690780876145805,39.554636670275535,80.58056561296341,28880.017675677143,13319.429193325912,33148.03238754059,3803.2661899458462,128652.65333121567,34085.179426532755
10.541024565753672,60218.52715036681,6875.121433554177,3058.419804212651,0.14775615525123398,0.03447652288979851,13.646476246831647,146.80715141178553,94395.5378655444,8782.531944766304,31140.213469575636,15317.6417093393,28790.606682229198,36703.86849081162
45.98764958877046,83023.15357885147,3732.701685506861,3226.4098773531023,0.05063080492674094,0.037123981500033834,12.624040042186156,80.40860401033737,77349.67908895247,44397.559467029154,10775.117437953446,6637.105911442755,155070.40892949523,136342.39781867227
12.518237106978544,59530.085347403015,2661.148596699855,4421.24689312535,0.052658405454266914,0.020393532481138035,13.69872612158219,76.19749462787568,185276.2542485283,12988.160476827135,151601.66223921053,3559.1574348693994,25557.300584080534,47010.6310167228
19.68870682703059,214191.56425585208,3730.9804615607027,4001.6892035519645,0.035206189992279625,0.14070461019746688,23.553086869918047,67.09305613116089,79204.26166271832,56802.79410299616,11389.916823197782,1074.76603368565,12744.295239837811,88687.29444719302
30.763908869245153,119200.1654924742,7942.693747083782,2231.552860024826,0.32760830219100767,0.0458850210291272,12.200350884457508,222.44509457180249,729020.9804517974,9191.837752219037,262949.25312482135,7015.0113718108905,11552.660113967142,72486.4640914806
16.102451680154832,145718.91591320993,6720.719757794521,3226.1782699420583,0.02740471955033852,0.11920211640468811,15.250829383932254,64.12547344862121,233775.86357635335,31724.834144114746,36844.05431724827,4942.246358989568,21939.61296812746,48909.77548219262
17.04403834143524,21427.886705785262,3552.112372020701,3579.446113514341,0.038494252018203876,0.04747886343725441,12.293533872321431,126.62876306462567,114025.41437602817,7961.129332026179,39149.09305167926,3039.0089581194375,3583.769729354689,43775.04185221388
24.037606821517546,91304.61240655826,2434.7592041323715,3665.6074270297972,0.2786654463872222,0.05414785032326678,12.41961437806072,37.01888775840758,90983.92225261946,7171.797696431728,906820.347556965,2444.095303599787,59813.73399721023,107346.6047571792
19.664068825937925,21690.06671500444,2242.124325825348,2090.917442326391,0.057616878862672576,0.06724689544017697,2.8538473311239176,30.487808062743056,204635.74398794345,17749.2847664729,110649.08038773906,670.9110251104177,18173.085782797953,23819.326486145743
22.181869622315,61902.77361395391,2923.7956803194716,2156.3125005487896,0.18984369972350035,0.4807958391416777,9.880517338832068,288.4760024591403,372761.81985497137,18619.356471087012,212670.85026720565,8607.89922247742,50716.401827745685,19706.074542465678
9.087216675098574,51055.06408552861,3587.795738034505,3105.768165147101,0.23521889110783606,0.36516107333585535,19.064662408968353,79.35799302193445,104036.02789552689,18816.451112369425,64754.269972930095,7296.657430945652,30439.595366162066,76554.18973453903
19.93657706608044,55467.26379550247,4212.821669828849,2497.9815650474484,0.02289481137952417,0.020515764132701966,5.439327292961889,72.62533327840293,132567.66154988154,17503.493726991903,355786.5842436003,5870.64821686727,39079.36138793503,45214.62006503057
25.268267009805488,122840.85043309363,5172.366737559377,3604.568520500765,0.060638593953009606,0.12806603403541858,17.329175341647915,98.01594781881518,206064.2880264649,16026.260261412554,506738.4311004594,1900.7747407018762,17153.581003482075,94902.9085159829
14.053718621574024,63558.890452498425,2620.8378526124147,3637.6801459713565,0.07476887187163743,0.04345052850822277,5.268267742519779,58.16056081986866,169155.28271120714,96279.60398893038,121750.75919789464,1781.4293718111878,149778.47240651038,10710.790620279118
24.338974421081744,51687.77957277595,2163.4575134905567,3611.1533757754,0.019091112215156178,0.023244661050075076,19.67826225985916,69.00460930645627,154604.38144863423,26150.888055664895,157346.4443377476,4704.82963227931,86794.22040060174,47568.34037533985
26.825398042537987,77928.02264201733,4028.2874824712208,4704.854130370732,0.03721110348518662,0.1910171606987099,18.160028644715236,55.508827345097856,9971.35660444088,20463.3634955273,55126.58233366172,13350.458250381664,15758.683735424755,89115.6984011985
6.096361194318529,36730.76541707158,3109.2268778480347,2890.184996656362,0.07539850023128204,0.020410844171932323,21.915815532684103,95.72225675885893,435993.6334279613,14286.594503423737,8743.472872623146,2970.292181674595,2921.059569856899,47827.90654186818
14.442695562022244,109254.78490160815,3139.166708620532,2908.1307373753866,0.5857988475267611,0.2021218513217203,20.059735070642667,218.7058298596629,478197.2253577902,2651.1409426169207,140870.78200535395,2043.8437621629712,35739.32674516946,245026.96286107833
66.78755036101123,60469.463322904434,6055.088834265989,1292.4755869843061,0.09983351435495658,0.13482977176615774,23.044104295183118,195.47330740606304,286902.9720675433,109919.20042775563,115045.1165044563,1678.2526733443076,30072.907354704905,11071.26408686914
46.43037381511919,44810.74010032827,4181.864283327435,3262.759041071172,0.20149515336612198,0.024269079483499774,26.295432881613298,212.84481962199183,70617.0667947806,42087.19233149445,113275.53031319089,2809.21732034551,34196.792478755975,71775.25352923188
10.762387912197783,290437.9471997939,2660.6897617709105,3491.4439940355096,0.09105091449783931,0.039907165782602824,19.062368576341083,47.599270566737545,154124.8506257487,11334.056988542941,140111.91086252587,1671.9935283056234,13474.004232301333,87073.84326476841
29.582283439606478,48117.42305452859,3209.2001314261192,2871.6299464805757,0.058713159456667115,0.026368319709039207,23.1139728872255,72.457797153567,38357.80015380212,50637.50088920195,155908.30611463494,1406.1277217543,23862.96816988588,76594.68255239281
12.698759189991312,29675.060928237126,1887.7577102672603,1737.3911448649374,0.11402392599901036,0.04278821086093067,62.4909469142474,103.67343184751331,299109.82536856004,26144.355915101583,11783.972503741204,4307.215414517515,72770.77453474817,49019.87846902151
68.41251958176943,16172.54373481421,4245.793684286983,4321.105492525652,0.06666563179016095,0.0239513483432581,14.505331245528405,67.24140686888346,120031.78167456512,45187.414098814115,141064.12889990353,6544.662556422622,39076.331927701445,225590.13394491904
