diversity_domestic,diversity_scot,diversity_captive,segregating_sites_domestic,segregating_sites_scot,segregating_sites_captive,tajimas_d_domestic,tajimas_d_scot,tajimas_d_captive,divergence_domestic_scot,divergence_domestic_captive,divergence_scot_captive,relatedness_domestic_scot,relatedness_domestic_captive,relatedness_scot_captive,fst_domestic_scot,fst_domestic_captive,fst_scot_captive,f2_domestic_scot,f2_domestic_captive,f2_scot_captive,f3_domestic_scot_captive,y2_domestic_scot,y2_domestic_captive,y2_scot_captive,y3_domestic_scot_captive,pc1_median_domestic,pc1_median_scot,pc1_median_captive,pc2_median_domestic,pc2_median_scot,pc2_median_captive,pc1_iqr_domestic,pc1_iqr_scot,pc1_iqr_captive,pc2_iqr_domestic,pc2_iqr_scot,pc2_iqr_captive,pc1_dist_domestic_scot,pc1_dist_domestic_captive,pc1_dist_scot_captive,pc2_dist_domestic_scot,pc2_dist_domestic_captive,pc2_dist_scot_captive
0.00047117014346023987,0.0008868600497098485,0.0011905656404757581,0.0013319669790446901,0.003682114870606138,0.0034197977820140516,0.3232615067371113,1.0154202322042973,1.8652733143966946,0.0007178710242662966,0.001138072107807489,0.0011690034330819623,-2.0206458147139625,-8.388893144588012,-39.68636497775356,0.02781610261656209,0.15602517896661117,0.059016001864549805,3.885592768136751e-05,0.0003072042158393304,0.00013029058798889255,0.00010788477776577148,0.00027444099941131947,0.0005427892875691216,0.0005737206128439476,0.0003434698494958366,-195.51966443522403,-77.79318428103981,176.79418019252063,2.7739388235063522,1.8424511337493958,23.223306921140022,0.8111348235733544,246.10828509266773,318.48911093681966,1.6880683988247207,57.03545933647666,161.2946955969593,117.72648015418422,372.31384462774463,254.58736447356046,0.9314876897569564,20.44936809763367,21.380855787390626
